datetime,hour,day_of_week,month,is_weekend,is_business_hours,peak_hours_flag,temperature_c,humidity_pct,occupancy_estimate,energy_consumption_kwh
2024-01-01 00:00:00,0,0,1,0,0,0,7.7,67.3,11.8,59.65
2024-01-01 01:00:00,1,0,1,0,0,0,5.9,74.3,11.6,56.81
2024-01-01 02:00:00,2,0,1,0,0,0,7.1,75.0,11.2,65.45
2024-01-01 03:00:00,3,0,1,0,0,0,8.9,70.1,5.3,54.62
2024-01-01 04:00:00,4,0,1,0,0,0,6.4,75.7,11.3,61.29
2024-01-01 05:00:00,5,0,1,0,0,0,7.4,69.5,11.0,66.58
2024-01-01 06:00:00,6,0,1,0,0,0,12.0,60.6,7.0,52.32
2024-01-01 07:00:00,7,0,1,0,0,0,12.1,67.3,7.2,56.7
2024-01-01 08:00:00,8,0,1,0,1,0,11.6,69.6,58.8,91.19
2024-01-01 09:00:00,9,0,1,0,1,0,15.1,65.8,64.7,95.61
2024-01-01 10:00:00,10,0,1,0,1,1,14.8,62.5,83.9,122.8
2024-01-01 11:00:00,11,0,1,0,1,1,16.2,58.9,80.3,129.26
2024-01-01 12:00:00,12,0,1,0,1,1,18.5,62.5,82.1,126.06
2024-01-01 13:00:00,13,0,1,0,1,1,15.2,70.5,66.6,115.63
2024-01-01 14:00:00,14,0,1,0,1,1,15.8,71.5,79.8,122.55
2024-01-01 15:00:00,15,0,1,0,1,1,17.7,69.9,88.0,138.09
2024-01-01 16:00:00,16,0,1,0,1,1,16.2,62.9,76.8,120.87
2024-01-01 17:00:00,17,0,1,0,1,0,17.6,60.6,43.3,79.15
2024-01-01 18:00:00,18,0,1,0,1,0,14.0,69.7,42.9,78.15
2024-01-01 19:00:00,19,0,1,0,0,0,11.5,72.0,43.2,81.08
2024-01-01 20:00:00,20,0,1,0,0,0,15.0,68.6,9.9,51.28
2024-01-01 21:00:00,21,0,1,0,0,0,10.3,62.2,4.9,56.22
2024-01-01 22:00:00,22,0,1,0,0,0,9.3,67.5,7.5,49.65
2024-01-01 23:00:00,23,0,1,0,0,0,5.2,73.7,5.1,54.05
2024-01-02 00:00:00,0,1,1,0,0,0,5.7,75.5,11.9,61.41
2024-01-02 01:00:00,1,1,1,0,0,0,6.3,76.2,6.7,61.21
2024-01-02 02:00:00,2,1,1,0,0,0,3.8,75.4,8.7,58.18
2024-01-02 03:00:00,3,1,1,0,0,0,6.7,74.1,10.2,61.03
2024-01-02 04:00:00,4,1,1,0,0,0,5.6,73.9,11.4,60.95
2024-01-02 05:00:00,5,1,1,0,0,0,7.2,75.2,10.0,62.26
2024-01-02 06:00:00,6,1,1,0,0,0,8.0,73.2,9.4,59.55
2024-01-02 07:00:00,7,1,1,0,0,0,14.0,68.0,7.7,56.7
2024-01-02 08:00:00,8,1,1,0,1,0,12.3,67.8,63.2,94.55
2024-01-02 09:00:00,9,1,1,0,1,0,12.1,69.4,47.8,81.75
2024-01-02 10:00:00,10,1,1,0,1,1,17.1,67.5,93.3,132.14
2024-01-02 11:00:00,11,1,1,0,1,1,14.7,68.3,88.2,123.59
2024-01-02 12:00:00,12,1,1,0,1,1,18.4,66.1,80.6,121.81
2024-01-02 13:00:00,13,1,1,0,1,1,15.1,72.3,73.8,112.37
2024-01-02 14:00:00,14,1,1,0,1,1,16.5,67.0,83.3,122.57
2024-01-02 15:00:00,15,1,1,0,1,1,19.0,61.6,89.8,125.36
2024-01-02 16:00:00,16,1,1,0,1,1,19.3,67.5,89.6,127.76
2024-01-02 17:00:00,17,1,1,0,1,0,17.3,59.9,41.3,74.07
2024-01-02 18:00:00,18,1,1,0,1,0,15.4,62.4,26.2,72.33
2024-01-02 19:00:00,19,1,1,0,0,0,13.5,69.4,29.9,65.53
2024-01-02 20:00:00,20,1,1,0,0,0,9.7,72.8,11.0,57.27
2024-01-02 21:00:00,21,1,1,0,0,0,9.4,65.9,11.2,61.1
2024-01-02 22:00:00,22,1,1,0,0,0,8.3,70.2,7.7,62.11
2024-01-02 23:00:00,23,1,1,0,0,0,9.7,68.3,7.5,55.41
2024-01-03 00:00:00,0,2,1,0,0,0,7.3,70.4,5.4,55.62
2024-01-03 01:00:00,1,2,1,0,0,0,2.8,79.3,11.7,60.15
2024-01-03 02:00:00,2,2,1,0,0,0,6.4,75.8,5.7,56.6
2024-01-03 03:00:00,3,2,1,0,0,0,5.3,73.7,5.5,52.88
2024-01-03 04:00:00,4,2,1,0,0,0,5.5,71.5,9.3,57.15
2024-01-03 05:00:00,5,2,1,0,0,0,8.8,65.9,5.9,57.65
2024-01-03 06:00:00,6,2,1,0,0,0,10.9,75.6,11.5,57.08
2024-01-03 07:00:00,7,2,1,0,0,0,12.3,71.3,4.1,55.13
2024-01-03 08:00:00,8,2,1,0,1,0,10.8,67.1,45.2,83.68
2024-01-03 09:00:00,9,2,1,0,1,0,13.4,71.0,60.1,88.51
2024-01-03 10:00:00,10,2,1,0,1,1,16.1,65.9,87.3,130.45
2024-01-03 11:00:00,11,2,1,0,1,1,18.6,63.3,82.5,119.13
2024-01-03 12:00:00,12,2,1,0,1,1,17.1,67.3,87.4,128.21
2024-01-03 13:00:00,13,2,1,0,1,1,18.2,61.8,66.2,113.74
2024-01-03 14:00:00,14,2,1,0,1,1,16.8,64.4,90.1,128.51
2024-01-03 15:00:00,15,2,1,0,1,1,16.4,66.5,75.2,117.6
2024-01-03 16:00:00,16,2,1,0,1,1,19.4,61.9,91.6,121.23
2024-01-03 17:00:00,17,2,1,0,1,0,19.3,66.7,37.5,75.52
2024-01-03 18:00:00,18,2,1,0,1,0,15.4,74.2,28.0,67.48
2024-01-03 19:00:00,19,2,1,0,0,0,15.8,63.4,25.9,65.15
2024-01-03 20:00:00,20,2,1,0,0,0,12.9,61.8,8.3,55.72
2024-01-03 21:00:00,21,2,1,0,0,0,9.5,62.8,5.9,51.02
2024-01-03 22:00:00,22,2,1,0,0,0,9.7,70.1,6.4,49.66
2024-01-03 23:00:00,23,2,1,0,0,0,10.5,67.5,6.0,61.32
2024-01-04 00:00:00,0,3,1,0,0,0,6.6,73.7,9.2,59.24
2024-01-04 01:00:00,1,3,1,0,0,0,8.8,71.9,8.4,57.72
2024-01-04 02:00:00,2,3,1,0,0,0,1.0,70.4,4.6,55.32
2024-01-04 03:00:00,3,3,1,0,0,0,7.5,65.0,8.2,60.53
2024-01-04 04:00:00,4,3,1,0,0,0,6.8,73.9,10.3,57.98
2024-01-04 05:00:00,5,3,1,0,0,0,7.1,73.1,4.6,46.07
2024-01-04 06:00:00,6,3,1,0,0,0,9.2,69.4,11.1,57.24
2024-01-04 07:00:00,7,3,1,0,0,0,7.0,66.0,8.6,57.33
2024-01-04 08:00:00,8,3,1,0,1,0,11.9,71.1,73.5,103.91
2024-01-04 09:00:00,9,3,1,0,1,0,14.6,72.4,49.4,83.29
2024-01-04 10:00:00,10,3,1,0,1,1,18.2,65.9,94.9,132.11
2024-01-04 11:00:00,11,3,1,0,1,1,15.9,63.0,89.7,123.69
2024-01-04 12:00:00,12,3,1,0,1,1,16.4,66.2,88.5,132.61
2024-01-04 13:00:00,13,3,1,0,1,1,17.6,59.7,67.7,112.88
2024-01-04 14:00:00,14,3,1,0,1,1,20.4,67.5,75.4,112.92
2024-01-04 15:00:00,15,3,1,0,1,1,19.1,64.5,91.0,133.95
2024-01-04 16:00:00,16,3,1,0,1,1,16.9,58.6,85.9,123.35
2024-01-04 17:00:00,17,3,1,0,1,0,17.8,63.8,26.8,70.11
2024-01-04 18:00:00,18,3,1,0,1,0,15.7,68.4,25.4,65.47
2024-01-04 19:00:00,19,3,1,0,0,0,15.7,65.2,26.0,62.9
2024-01-04 20:00:00,20,3,1,0,0,0,11.0,68.7,8.9,50.23
2024-01-04 21:00:00,21,3,1,0,0,0,10.0,65.6,8.9,54.1
2024-01-04 22:00:00,22,3,1,0,0,0,8.3,74.0,8.0,58.45
2024-01-04 23:00:00,23,3,1,0,0,0,5.0,71.4,6.5,62.13
2024-01-05 00:00:00,0,4,1,0,0,0,7.1,63.9,8.3,58.11
2024-01-05 01:00:00,1,4,1,0,0,0,6.4,71.5,8.1,54.24
2024-01-05 02:00:00,2,4,1,0,0,0,5.7,77.4,4.2,52.5
2024-01-05 03:00:00,3,4,1,0,0,0,5.5,72.1,6.3,54.4
2024-01-05 04:00:00,4,4,1,0,0,0,4.0,81.7,4.4,54.96
2024-01-05 05:00:00,5,4,1,0,0,0,6.9,74.4,11.2,63.94
2024-01-05 06:00:00,6,4,1,0,0,0,8.3,73.0,9.8,62.35
2024-01-05 07:00:00,7,4,1,0,0,0,9.1,70.6,12.0,59.26
2024-01-05 08:00:00,8,4,1,0,1,0,11.9,68.9,54.1,90.48
2024-01-05 09:00:00,9,4,1,0,1,0,14.6,66.2,71.4,97.3
2024-01-05 10:00:00,10,4,1,0,1,1,18.9,63.1,89.0,124.82
2024-01-05 11:00:00,11,4,1,0,1,1,17.1,67.7,86.8,127.92
2024-01-05 12:00:00,12,4,1,0,1,1,18.3,60.9,83.3,114.79
2024-01-05 13:00:00,13,4,1,0,1,1,18.4,60.3,71.1,107.17
2024-01-05 14:00:00,14,4,1,0,1,1,15.3,62.3,90.4,140.08
2024-01-05 15:00:00,15,4,1,0,1,1,18.4,72.8,79.0,120.07
2024-01-05 16:00:00,16,4,1,0,1,1,17.9,67.1,78.0,118.84
2024-01-05 17:00:00,17,4,1,0,1,0,21.2,63.9,38.9,78.19
2024-01-05 18:00:00,18,4,1,0,1,0,15.1,62.7,44.5,82.51
2024-01-05 19:00:00,19,4,1,0,0,0,14.4,69.9,40.0,73.02
2024-01-05 20:00:00,20,4,1,0,0,0,12.1,68.6,6.3,52.23
2024-01-05 21:00:00,21,4,1,0,0,0,8.4,72.5,7.4,59.38
2024-01-05 22:00:00,22,4,1,0,0,0,11.0,65.9,7.1,52.46
2024-01-05 23:00:00,23,4,1,0,0,0,9.0,71.8,10.8,59.83
2024-01-06 00:00:00,0,5,1,1,0,0,8.0,70.2,6.9,60.94
2024-01-06 01:00:00,1,5,1,1,0,0,4.3,71.4,5.9,49.7
2024-01-06 02:00:00,2,5,1,1,0,0,8.2,74.7,4.4,53.23
2024-01-06 03:00:00,3,5,1,1,0,0,3.4,69.0,7.7,60.13
2024-01-06 04:00:00,4,5,1,1,0,0,7.6,74.4,6.3,50.37
2024-01-06 05:00:00,5,5,1,1,0,0,11.5,72.2,7.9,53.73
2024-01-06 06:00:00,6,5,1,1,0,0,7.1,69.0,5.9,59.37
2024-01-06 07:00:00,7,5,1,1,0,0,9.5,67.6,7.1,53.55
2024-01-06 08:00:00,8,5,1,1,0,0,12.3,68.0,7.1,49.68
2024-01-06 09:00:00,9,5,1,1,0,0,12.9,69.6,4.7,55.98
2024-01-06 10:00:00,10,5,1,1,0,0,12.6,68.1,21.6,66.49
2024-01-06 11:00:00,11,5,1,1,0,0,16.9,67.4,10.3,55.2
2024-01-06 12:00:00,12,5,1,1,0,0,15.9,73.4,19.2,61.51
2024-01-06 13:00:00,13,5,1,1,0,0,19.3,62.0,21.6,66.84
2024-01-06 14:00:00,14,5,1,1,0,0,17.0,58.7,14.1,59.09
2024-01-06 15:00:00,15,5,1,1,0,0,21.2,66.0,17.8,62.88
2024-01-06 16:00:00,16,5,1,1,0,0,16.4,72.8,16.7,57.81
2024-01-06 17:00:00,17,5,1,1,0,0,16.2,67.7,19.1,55.62
2024-01-06 18:00:00,18,5,1,1,0,0,16.9,61.3,20.4,64.68
2024-01-06 19:00:00,19,5,1,1,0,0,11.6,68.9,6.0,57.47
2024-01-06 20:00:00,20,5,1,1,0,0,12.6,64.2,7.1,53.57
2024-01-06 21:00:00,21,5,1,1,0,0,12.8,71.1,4.6,55.18
2024-01-06 22:00:00,22,5,1,1,0,0,6.0,67.9,4.1,54.02
2024-01-06 23:00:00,23,5,1,1,0,0,7.9,70.8,5.2,54.8
2024-01-07 00:00:00,0,6,1,1,0,0,7.0,68.6,6.4,62.08
2024-01-07 01:00:00,1,6,1,1,0,0,7.3,72.9,3.9,53.4
2024-01-07 02:00:00,2,6,1,1,0,0,3.4,73.7,6.4,57.09
2024-01-07 03:00:00,3,6,1,1,0,0,3.5,75.8,5.0,51.01
2024-01-07 04:00:00,4,6,1,1,0,0,7.4,72.4,7.0,58.96
2024-01-07 05:00:00,5,6,1,1,0,0,8.1,67.9,3.2,51.15
2024-01-07 06:00:00,6,6,1,1,0,0,9.3,73.5,6.3,55.75
2024-01-07 07:00:00,7,6,1,1,0,0,11.1,69.5,6.2,53.33
2024-01-07 08:00:00,8,6,1,1,0,0,10.9,65.9,7.7,54.15
2024-01-07 09:00:00,9,6,1,1,0,0,14.2,76.5,6.6,52.76
2024-01-07 10:00:00,10,6,1,1,0,0,15.9,68.3,19.6,61.98
2024-01-07 11:00:00,11,6,1,1,0,0,15.4,66.1,20.9,66.81
2024-01-07 12:00:00,12,6,1,1,0,0,21.1,68.4,18.1,65.9
2024-01-07 13:00:00,13,6,1,1,0,0,19.3,71.4,13.5,59.8
2024-01-07 14:00:00,14,6,1,1,0,0,16.5,65.4,20.4,66.76
2024-01-07 15:00:00,15,6,1,1,0,0,19.6,65.2,19.0,64.41
2024-01-07 16:00:00,16,6,1,1,0,0,16.0,62.3,15.1,60.45
2024-01-07 17:00:00,17,6,1,1,0,0,18.1,64.2,18.5,65.98
2024-01-07 18:00:00,18,6,1,1,0,0,17.5,64.5,20.4,58.5
2024-01-07 19:00:00,19,6,1,1,0,0,12.3,69.6,7.9,52.84
2024-01-07 20:00:00,20,6,1,1,0,0,13.9,69.1,7.8,51.54
2024-01-07 21:00:00,21,6,1,1,0,0,11.2,71.9,4.6,52.11
2024-01-07 22:00:00,22,6,1,1,0,0,10.4,71.2,5.1,56.03
2024-01-07 23:00:00,23,6,1,1,0,0,11.0,65.0,3.5,48.77
2024-01-08 00:00:00,0,0,1,0,0,0,6.0,69.5,6.0,58.24
2024-01-08 01:00:00,1,0,1,0,0,0,4.5,72.2,11.1,59.67
2024-01-08 02:00:00,2,0,1,0,0,0,4.0,73.6,6.9,57.22
2024-01-08 03:00:00,3,0,1,0,0,0,4.4,78.6,9.0,60.51
2024-01-08 04:00:00,4,0,1,0,0,0,6.3,68.4,9.3,64.52
2024-01-08 05:00:00,5,0,1,0,0,0,8.1,70.4,10.3,56.73
2024-01-08 06:00:00,6,0,1,0,0,0,9.3,74.8,5.5,54.4
2024-01-08 07:00:00,7,0,1,0,0,0,11.9,68.0,6.4,50.65
2024-01-08 08:00:00,8,0,1,0,1,0,12.1,70.9,58.5,90.69
2024-01-08 09:00:00,9,0,1,0,1,0,16.4,65.5,55.9,84.77
2024-01-08 10:00:00,10,0,1,0,1,1,14.9,68.1,94.7,128.02
2024-01-08 11:00:00,11,0,1,0,1,1,21.6,61.5,92.5,127.18
2024-01-08 12:00:00,12,0,1,0,1,1,18.9,66.9,87.2,127.58
2024-01-08 13:00:00,13,0,1,0,1,1,16.8,59.6,73.2,112.35
2024-01-08 14:00:00,14,0,1,0,1,1,16.7,64.4,80.9,119.24
2024-01-08 15:00:00,15,0,1,0,1,1,19.2,65.2,88.4,132.6
2024-01-08 16:00:00,16,0,1,0,1,1,17.3,67.5,78.8,121.94
2024-01-08 17:00:00,17,0,1,0,1,0,18.0,70.9,40.4,73.12
2024-01-08 18:00:00,18,0,1,0,1,0,16.2,64.6,34.1,73.04
2024-01-08 19:00:00,19,0,1,0,0,0,13.7,73.8,27.1,69.0
2024-01-08 20:00:00,20,0,1,0,0,0,10.6,67.4,6.2,54.9
2024-01-08 21:00:00,21,0,1,0,0,0,7.7,77.4,7.2,58.05
2024-01-08 22:00:00,22,0,1,0,0,0,8.0,75.2,10.0,61.05
2024-01-08 23:00:00,23,0,1,0,0,0,9.0,67.5,4.6,50.59
2024-01-09 00:00:00,0,1,1,0,0,0,6.8,74.0,9.3,58.19
2024-01-09 01:00:00,1,1,1,0,0,0,3.6,74.8,9.7,62.51
2024-01-09 02:00:00,2,1,1,0,0,0,5.9,75.9,9.2,58.41
2024-01-09 03:00:00,3,1,1,0,0,0,6.5,72.1,10.1,62.75
2024-01-09 04:00:00,4,1,1,0,0,0,4.9,72.8,5.4,56.95
2024-01-09 05:00:00,5,1,1,0,0,0,7.8,77.5,8.7,51.65
2024-01-09 06:00:00,6,1,1,0,0,0,8.9,70.9,11.5,62.22
2024-01-09 07:00:00,7,1,1,0,0,0,8.3,75.0,8.9,57.43
2024-01-09 08:00:00,8,1,1,0,1,0,12.7,67.7,63.3,90.31
2024-01-09 09:00:00,9,1,1,0,1,0,14.8,73.8,67.1,95.72
2024-01-09 10:00:00,10,1,1,0,1,1,17.3,62.7,85.0,116.98
2024-01-09 11:00:00,11,1,1,0,1,1,18.6,62.0,90.5,127.34
2024-01-09 12:00:00,12,1,1,0,1,1,15.2,73.0,93.7,130.4
2024-01-09 13:00:00,13,1,1,0,1,1,16.7,64.0,60.2,100.28
2024-01-09 14:00:00,14,1,1,0,1,1,19.5,70.3,89.8,135.51
2024-01-09 15:00:00,15,1,1,0,1,1,19.3,67.6,78.7,123.07
2024-01-09 16:00:00,16,1,1,0,1,1,18.6,63.9,82.8,121.28
2024-01-09 17:00:00,17,1,1,0,1,0,23.6,53.7,42.0,74.25
2024-01-09 18:00:00,18,1,1,0,1,0,16.4,65.9,41.5,75.18
2024-01-09 19:00:00,19,1,1,0,0,0,15.8,66.8,42.8,76.07
2024-01-09 20:00:00,20,1,1,0,0,0,13.8,72.5,11.5,59.31
2024-01-09 21:00:00,21,1,1,0,0,0,11.6,75.7,7.6,49.77
2024-01-09 22:00:00,22,1,1,0,0,0,8.3,69.0,9.3,57.97
2024-01-09 23:00:00,23,1,1,0,0,0,8.8,74.5,7.1,55.35
2024-01-10 00:00:00,0,2,1,0,0,0,5.0,77.1,6.8,61.08
2024-01-10 01:00:00,1,2,1,0,0,0,5.3,78.1,7.5,58.93
2024-01-10 02:00:00,2,2,1,0,0,0,4.7,76.2,9.9,62.17
2024-01-10 03:00:00,3,2,1,0,0,0,5.9,65.6,8.0,56.61
2024-01-10 04:00:00,4,2,1,0,0,0,10.6,69.5,10.5,53.92
2024-01-10 05:00:00,5,2,1,0,0,0,4.1,70.0,10.0,59.8
2024-01-10 06:00:00,6,2,1,0,0,0,10.0,69.7,4.2,55.82
2024-01-10 07:00:00,7,2,1,0,0,0,7.5,76.2,9.0,60.77
2024-01-10 08:00:00,8,2,1,0,1,0,11.2,70.9,58.1,92.21
2024-01-10 09:00:00,9,2,1,0,1,0,15.7,71.1,58.7,87.51
2024-01-10 10:00:00,10,2,1,0,1,1,15.4,68.1,92.3,123.36
2024-01-10 11:00:00,11,2,1,0,1,1,14.7,62.0,88.2,125.25
2024-01-10 12:00:00,12,2,1,0,1,1,16.4,55.9,93.3,127.25
2024-01-10 13:00:00,13,2,1,0,1,1,19.6,64.4,70.7,117.61
2024-01-10 14:00:00,14,2,1,0,1,1,17.2,64.6,84.4,122.53
2024-01-10 15:00:00,15,2,1,0,1,1,18.7,60.5,87.8,132.02
2024-01-10 16:00:00,16,2,1,0,1,1,17.8,58.2,75.7,118.43
2024-01-10 17:00:00,17,2,1,0,1,0,15.5,63.7,25.5,66.49
2024-01-10 18:00:00,18,2,1,0,1,0,19.2,63.3,26.7,67.67
2024-01-10 19:00:00,19,2,1,0,0,0,14.9,69.7,33.8,71.96
2024-01-10 20:00:00,20,2,1,0,0,0,8.4,72.4,5.9,55.33
2024-01-10 21:00:00,21,2,1,0,0,0,10.7,76.4,11.9,59.28
2024-01-10 22:00:00,22,2,1,0,0,0,7.6,68.0,8.3,59.23
2024-01-10 23:00:00,23,2,1,0,0,0,9.0,74.7,9.3,61.5
2024-01-11 00:00:00,0,3,1,0,0,0,5.0,74.2,6.2,50.02
2024-01-11 01:00:00,1,3,1,0,0,0,5.5,76.4,6.6,60.92
2024-01-11 02:00:00,2,3,1,0,0,0,6.4,71.3,6.7,51.53
2024-01-11 03:00:00,3,3,1,0,0,0,7.3,76.7,9.6,59.86
2024-01-11 04:00:00,4,3,1,0,0,0,4.2,75.7,7.8,66.52
2024-01-11 05:00:00,5,3,1,0,0,0,6.8,70.0,8.1,57.79
2024-01-11 06:00:00,6,3,1,0,0,0,7.9,71.9,8.7,58.43
2024-01-11 07:00:00,7,3,1,0,0,0,9.2,70.1,10.2,57.37
2024-01-11 08:00:00,8,3,1,0,1,0,15.2,68.8,47.7,84.48
2024-01-11 09:00:00,9,3,1,0,1,0,14.4,62.7,68.3,98.99
2024-01-11 10:00:00,10,3,1,0,1,1,13.0,68.3,88.4,123.42
2024-01-11 11:00:00,11,3,1,0,1,1,18.3,66.3,90.0,125.59
2024-01-11 12:00:00,12,3,1,0,1,1,21.5,62.6,84.9,121.73
2024-01-11 13:00:00,13,3,1,0,1,1,20.2,68.7,66.1,115.43
2024-01-11 14:00:00,14,3,1,0,1,1,15.8,69.5,78.9,115.68
2024-01-11 15:00:00,15,3,1,0,1,1,17.4,65.3,91.6,125.64
2024-01-11 16:00:00,16,3,1,0,1,1,19.9,64.4,83.4,116.67
2024-01-11 17:00:00,17,3,1,0,1,0,15.4,67.9,44.9,79.64
2024-01-11 18:00:00,18,3,1,0,1,0,16.1,67.8,34.8,73.08
2024-01-11 19:00:00,19,3,1,0,0,0,15.1,59.6,29.4,69.42
2024-01-11 20:00:00,20,3,1,0,0,0,10.4,69.0,8.1,57.01
2024-01-11 21:00:00,21,3,1,0,0,0,10.2,64.4,4.3,52.76
2024-01-11 22:00:00,22,3,1,0,0,0,2.9,80.6,11.2,59.96
2024-01-11 23:00:00,23,3,1,0,0,0,5.6,73.3,10.5,60.74
2024-01-12 00:00:00,0,4,1,0,0,0,5.9,72.6,9.8,59.18
2024-01-12 01:00:00,1,4,1,0,0,0,3.5,78.6,8.9,63.52
2024-01-12 02:00:00,2,4,1,0,0,0,8.5,73.2,8.6,61.15
2024-01-12 03:00:00,3,4,1,0,0,0,3.2,70.7,12.0,58.59
2024-01-12 04:00:00,4,4,1,0,0,0,5.6,73.3,6.2,58.96
2024-01-12 05:00:00,5,4,1,0,0,0,7.7,70.8,10.2,61.76
2024-01-12 06:00:00,6,4,1,0,0,0,11.4,62.5,8.7,51.78
2024-01-12 07:00:00,7,4,1,0,0,0,7.8,69.3,11.8,62.21
2024-01-12 08:00:00,8,4,1,0,1,0,14.1,66.9,69.8,102.12
2024-01-12 09:00:00,9,4,1,0,1,0,13.7,67.5,75.0,100.46
2024-01-12 10:00:00,10,4,1,0,1,1,13.5,62.1,88.8,131.14
2024-01-12 11:00:00,11,4,1,0,1,1,17.4,69.9,83.1,129.95
2024-01-12 12:00:00,12,4,1,0,1,1,18.0,64.5,87.6,131.26
2024-01-12 13:00:00,13,4,1,0,1,1,17.2,65.6,70.7,115.38
2024-01-12 14:00:00,14,4,1,0,1,1,18.6,66.1,88.2,130.28
2024-01-12 15:00:00,15,4,1,0,1,1,17.6,62.0,75.0,106.66
2024-01-12 16:00:00,16,4,1,0,1,1,17.9,66.8,83.6,124.45
2024-01-12 17:00:00,17,4,1,0,1,0,17.8,63.6,29.7,71.14
2024-01-12 18:00:00,18,4,1,0,1,0,18.1,61.2,42.5,76.61
2024-01-12 19:00:00,19,4,1,0,0,0,11.5,71.7,28.1,73.43
2024-01-12 20:00:00,20,4,1,0,0,0,15.9,72.3,9.3,51.34
2024-01-12 21:00:00,21,4,1,0,0,0,6.8,75.6,6.1,56.69
2024-01-12 22:00:00,22,4,1,0,0,0,8.5,75.2,6.9,56.9
2024-01-12 23:00:00,23,4,1,0,0,0,8.5,69.5,11.5,60.5
2024-01-13 00:00:00,0,5,1,1,0,0,6.9,66.3,4.2,52.07
2024-01-13 01:00:00,1,5,1,1,0,0,4.6,80.2,3.5,53.66
2024-01-13 02:00:00,2,5,1,1,0,0,5.1,82.1,3.3,55.26
2024-01-13 03:00:00,3,5,1,1,0,0,4.8,80.3,5.5,54.47
2024-01-13 04:00:00,4,5,1,1,0,0,5.3,72.4,6.2,58.0
2024-01-13 05:00:00,5,5,1,1,0,0,8.9,66.7,4.6,52.18
2024-01-13 06:00:00,6,5,1,1,0,0,9.4,66.7,6.5,58.59
2024-01-13 07:00:00,7,5,1,1,0,0,9.1,64.4,3.3,58.05
2024-01-13 08:00:00,8,5,1,1,0,0,13.6,67.6,7.3,52.99
2024-01-13 09:00:00,9,5,1,1,0,0,14.2,74.0,7.1,56.45
2024-01-13 10:00:00,10,5,1,1,0,0,16.7,65.2,21.8,63.02
2024-01-13 11:00:00,11,5,1,1,0,0,17.7,66.3,21.2,60.27
2024-01-13 12:00:00,12,5,1,1,0,0,16.1,71.7,14.3,56.93
2024-01-13 13:00:00,13,5,1,1,0,0,17.3,63.8,14.8,58.93
2024-01-13 14:00:00,14,5,1,1,0,0,19.9,71.7,19.0,55.96
2024-01-13 15:00:00,15,5,1,1,0,0,19.4,71.9,11.6,58.35
2024-01-13 16:00:00,16,5,1,1,0,0,17.6,64.7,13.8,58.21
2024-01-13 17:00:00,17,5,1,1,0,0,16.8,63.4,11.4,59.41
2024-01-13 18:00:00,18,5,1,1,0,0,17.6,68.0,15.5,61.11
2024-01-13 19:00:00,19,5,1,1,0,0,12.6,67.3,5.8,53.7
2024-01-13 20:00:00,20,5,1,1,0,0,13.0,63.8,4.1,50.73
2024-01-13 21:00:00,21,5,1,1,0,0,10.0,75.6,3.1,57.36
2024-01-13 22:00:00,22,5,1,1,0,0,8.4,76.5,6.6,62.89
2024-01-13 23:00:00,23,5,1,1,0,0,9.4,71.5,3.1,51.67
2024-01-14 00:00:00,0,6,1,1,0,0,7.9,66.9,7.9,60.56
2024-01-14 01:00:00,1,6,1,1,0,0,7.2,67.5,4.1,52.28
2024-01-14 02:00:00,2,6,1,1,0,0,7.9,72.4,6.3,54.08
2024-01-14 03:00:00,3,6,1,1,0,0,5.8,71.4,5.2,54.84
2024-01-14 04:00:00,4,6,1,1,0,0,7.6,70.8,3.3,55.91
2024-01-14 05:00:00,5,6,1,1,0,0,6.8,76.8,5.4,52.33
2024-01-14 06:00:00,6,6,1,1,0,0,9.3,73.9,5.6,59.7
2024-01-14 07:00:00,7,6,1,1,0,0,10.1,75.9,7.3,58.67
2024-01-14 08:00:00,8,6,1,1,0,0,12.2,65.0,6.7,56.3
2024-01-14 09:00:00,9,6,1,1,0,0,14.8,65.8,3.4,49.6
2024-01-14 10:00:00,10,6,1,1,0,0,13.8,70.9,12.5,60.31
2024-01-14 11:00:00,11,6,1,1,0,0,20.4,65.0,13.7,48.53
2024-01-14 12:00:00,12,6,1,1,0,0,15.8,72.6,11.4,57.62
2024-01-14 13:00:00,13,6,1,1,0,0,16.1,67.9,15.5,59.67
2024-01-14 14:00:00,14,6,1,1,0,0,20.6,70.5,21.8,57.66
2024-01-14 15:00:00,15,6,1,1,0,0,19.7,65.9,16.2,60.96
2024-01-14 16:00:00,16,6,1,1,0,0,18.8,68.6,18.9,63.5
2024-01-14 17:00:00,17,6,1,1,0,0,17.7,63.8,18.2,55.17
2024-01-14 18:00:00,18,6,1,1,0,0,15.2,66.9,20.2,58.75
2024-01-14 19:00:00,19,6,1,1,0,0,12.1,72.7,4.1,58.89
2024-01-14 20:00:00,20,6,1,1,0,0,12.1,75.5,6.8,53.71
2024-01-14 21:00:00,21,6,1,1,0,0,9.1,74.0,7.4,59.36
2024-01-14 22:00:00,22,6,1,1,0,0,10.5,69.8,3.9,56.48
2024-01-14 23:00:00,23,6,1,1,0,0,7.1,78.0,4.7,56.33
2024-01-15 00:00:00,0,0,1,0,0,0,4.9,65.3,11.8,65.16
2024-01-15 01:00:00,1,0,1,0,0,0,5.1,68.2,10.2,53.73
2024-01-15 02:00:00,2,0,1,0,0,0,6.2,75.9,6.3,56.04
2024-01-15 03:00:00,3,0,1,0,0,0,4.7,74.3,8.5,49.45
2024-01-15 04:00:00,4,0,1,0,0,0,4.9,76.5,7.2,52.55
2024-01-15 05:00:00,5,0,1,0,0,0,7.8,72.3,7.9,55.52
2024-01-15 06:00:00,6,0,1,0,0,0,9.2,73.3,6.8,53.59
2024-01-15 07:00:00,7,0,1,0,0,0,9.4,67.7,6.2,55.29
2024-01-15 08:00:00,8,0,1,0,1,0,11.2,71.9,65.2,98.9
2024-01-15 09:00:00,9,0,1,0,1,0,14.1,71.6,68.4,98.66
2024-01-15 10:00:00,10,0,1,0,1,1,12.6,73.6,93.1,138.57
2024-01-15 11:00:00,11,0,1,0,1,1,14.1,75.7,82.3,126.09
2024-01-15 12:00:00,12,0,1,0,1,1,16.3,67.1,92.3,132.71
2024-01-15 13:00:00,13,0,1,0,1,1,17.9,66.1,63.8,112.53
2024-01-15 14:00:00,14,0,1,0,1,1,19.1,58.0,82.3,122.93
2024-01-15 15:00:00,15,0,1,0,1,1,20.9,60.7,90.3,126.77
2024-01-15 16:00:00,16,0,1,0,1,1,19.2,63.3,82.7,121.3
2024-01-15 17:00:00,17,0,1,0,1,0,16.3,70.3,28.9,72.27
2024-01-15 18:00:00,18,0,1,0,1,0,15.2,64.4,28.2,70.62
2024-01-15 19:00:00,19,0,1,0,0,0,11.9,72.4,34.5,72.44
2024-01-15 20:00:00,20,0,1,0,0,0,12.0,69.1,10.1,56.16
2024-01-15 21:00:00,21,0,1,0,0,0,9.8,69.9,12.0,65.87
2024-01-15 22:00:00,22,0,1,0,0,0,9.3,72.0,10.3,58.9
2024-01-15 23:00:00,23,0,1,0,0,0,5.9,71.8,11.0,61.99
2024-01-16 00:00:00,0,1,1,0,0,0,7.3,70.7,10.0,57.24
2024-01-16 01:00:00,1,1,1,0,0,0,8.5,64.7,11.2,58.51
2024-01-16 02:00:00,2,1,1,0,0,0,5.3,72.8,4.6,60.66
2024-01-16 03:00:00,3,1,1,0,0,0,6.4,71.1,11.4,61.14
2024-01-16 04:00:00,4,1,1,0,0,0,7.6,70.1,7.2,56.59
2024-01-16 05:00:00,5,1,1,0,0,0,6.7,74.5,11.4,60.65
2024-01-16 06:00:00,6,1,1,0,0,0,9.2,73.7,4.6,62.15
2024-01-16 07:00:00,7,1,1,0,0,0,10.3,71.2,9.7,57.53
2024-01-16 08:00:00,8,1,1,0,1,0,12.2,72.9,67.1,96.67
2024-01-16 09:00:00,9,1,1,0,1,0,12.3,71.2,74.9,102.95
2024-01-16 10:00:00,10,1,1,0,1,1,15.3,65.6,91.5,138.36
2024-01-16 11:00:00,11,1,1,0,1,1,17.5,63.4,85.7,118.34
2024-01-16 12:00:00,12,1,1,0,1,1,20.2,64.6,88.4,125.86
2024-01-16 13:00:00,13,1,1,0,1,1,20.0,65.8,65.5,110.33
2024-01-16 14:00:00,14,1,1,0,1,1,22.4,67.4,78.3,114.56
2024-01-16 15:00:00,15,1,1,0,1,1,16.9,70.4,79.2,112.14
2024-01-16 16:00:00,16,1,1,0,1,1,19.2,61.9,78.8,116.38
2024-01-16 17:00:00,17,1,1,0,1,0,16.9,65.3,36.0,78.38
2024-01-16 18:00:00,18,1,1,0,1,0,19.2,66.7,43.1,81.95
2024-01-16 19:00:00,19,1,1,0,0,0,12.2,73.2,43.3,80.6
2024-01-16 20:00:00,20,1,1,0,0,0,10.5,73.9,4.4,56.36
2024-01-16 21:00:00,21,1,1,0,0,0,9.2,70.8,4.6,52.87
2024-01-16 22:00:00,22,1,1,0,0,0,4.9,69.1,6.0,52.46
2024-01-16 23:00:00,23,1,1,0,0,0,6.5,69.0,6.0,56.46
2024-01-17 00:00:00,0,2,1,0,0,0,5.0,75.1,4.8,51.31
2024-01-17 01:00:00,1,2,1,0,0,0,6.0,74.7,7.1,60.05
2024-01-17 02:00:00,2,2,1,0,0,0,6.1,68.8,8.7,61.34
2024-01-17 03:00:00,3,2,1,0,0,0,9.1,71.3,8.6,54.35
2024-01-17 04:00:00,4,2,1,0,0,0,8.1,74.4,8.3,57.9
2024-01-17 05:00:00,5,2,1,0,0,0,6.4,68.4,6.7,57.44
2024-01-17 06:00:00,6,2,1,0,0,0,7.1,76.9,9.7,61.84
2024-01-17 07:00:00,7,2,1,0,0,0,11.2,68.1,10.6,53.64
2024-01-17 08:00:00,8,2,1,0,1,0,9.6,75.8,55.4,95.01
2024-01-17 09:00:00,9,2,1,0,1,0,17.0,63.5,47.6,78.06
2024-01-17 10:00:00,10,2,1,0,1,1,17.4,61.2,84.4,126.07
2024-01-17 11:00:00,11,2,1,0,1,1,15.8,64.6,82.1,128.19
2024-01-17 12:00:00,12,2,1,0,1,1,14.6,66.9,87.0,124.69
2024-01-17 13:00:00,13,2,1,0,1,1,20.7,61.5,62.3,107.01
2024-01-17 14:00:00,14,2,1,0,1,1,18.3,63.8,82.9,122.42
2024-01-17 15:00:00,15,2,1,0,1,1,20.5,64.5,78.8,119.61
2024-01-17 16:00:00,16,2,1,0,1,1,14.8,66.5,87.6,131.5
2024-01-17 17:00:00,17,2,1,0,1,0,15.5,66.4,25.6,67.54
2024-01-17 18:00:00,18,2,1,0,1,0,15.3,60.0,36.1,73.37
2024-01-17 19:00:00,19,2,1,0,0,0,13.8,69.4,28.4,70.29
2024-01-17 20:00:00,20,2,1,0,0,0,11.2,69.3,4.0,50.69
2024-01-17 21:00:00,21,2,1,0,0,0,11.4,76.0,11.0,66.22
2024-01-17 22:00:00,22,2,1,0,0,0,6.8,69.0,9.4,57.09
2024-01-17 23:00:00,23,2,1,0,0,0,7.2,65.2,4.8,59.31
2024-01-18 00:00:00,0,3,1,0,0,0,6.6,75.4,9.3,56.62
2024-01-18 01:00:00,1,3,1,0,0,0,6.7,74.2,8.9,63.73
2024-01-18 02:00:00,2,3,1,0,0,0,6.8,68.7,7.8,64.13
2024-01-18 03:00:00,3,3,1,0,0,0,3.7,68.8,7.4,60.13
2024-01-18 04:00:00,4,3,1,0,0,0,3.6,81.1,11.1,62.94
2024-01-18 05:00:00,5,3,1,0,0,0,9.7,76.4,6.0,51.8
2024-01-18 06:00:00,6,3,1,0,0,0,9.4,61.0,7.2,52.49
2024-01-18 07:00:00,7,3,1,0,0,0,9.0,69.4,6.6,56.61
2024-01-18 08:00:00,8,3,1,0,1,0,14.8,73.8,68.1,101.92
2024-01-18 09:00:00,9,3,1,0,1,0,13.9,65.9,72.5,99.69
2024-01-18 10:00:00,10,3,1,0,1,1,17.4,63.4,92.7,138.55
2024-01-18 11:00:00,11,3,1,0,1,1,16.7,64.7,92.0,131.76
2024-01-18 12:00:00,12,3,1,0,1,1,21.4,58.0,94.8,129.93
2024-01-18 13:00:00,13,3,1,0,1,1,21.5,55.6,70.5,115.79
2024-01-18 14:00:00,14,3,1,0,1,1,18.1,69.0,87.8,125.76
2024-01-18 15:00:00,15,3,1,0,1,1,20.0,56.1,91.7,119.84
2024-01-18 16:00:00,16,3,1,0,1,1,18.8,65.3,75.1,117.47
2024-01-18 17:00:00,17,3,1,0,1,0,19.1,67.7,37.7,75.78
2024-01-18 18:00:00,18,3,1,0,1,0,13.5,62.2,39.8,77.56
2024-01-18 19:00:00,19,3,1,0,0,0,14.9,63.4,43.4,81.37
2024-01-18 20:00:00,20,3,1,0,0,0,13.9,72.6,11.1,59.0
2024-01-18 21:00:00,21,3,1,0,0,0,7.2,74.6,10.7,59.03
2024-01-18 22:00:00,22,3,1,0,0,0,6.6,70.4,11.6,57.76
2024-01-18 23:00:00,23,3,1,0,0,0,3.8,79.6,8.3,64.55
2024-01-19 00:00:00,0,4,1,0,0,0,5.9,78.2,4.1,50.8
2024-01-19 01:00:00,1,4,1,0,0,0,7.0,73.7,4.1,52.73
2024-01-19 02:00:00,2,4,1,0,0,0,8.2,68.2,8.4,54.74
2024-01-19 03:00:00,3,4,1,0,0,0,5.9,71.7,7.5,60.28
2024-01-19 04:00:00,4,4,1,0,0,0,9.3,72.1,7.6,60.51
2024-01-19 05:00:00,5,4,1,0,0,0,5.0,73.2,7.2,57.53
2024-01-19 06:00:00,6,4,1,0,0,0,5.7,77.3,11.3,61.81
2024-01-19 07:00:00,7,4,1,0,0,0,10.3,64.2,6.9,56.63
2024-01-19 08:00:00,8,4,1,0,1,0,12.7,62.6,70.7,107.24
2024-01-19 09:00:00,9,4,1,0,1,0,13.7,68.6,72.1,95.7
2024-01-19 10:00:00,10,4,1,0,1,1,11.6,67.4,87.5,130.92
2024-01-19 11:00:00,11,4,1,0,1,1,16.5,63.4,86.7,122.22
2024-01-19 12:00:00,12,4,1,0,1,1,15.3,59.7,91.4,123.66
2024-01-19 13:00:00,13,4,1,0,1,1,19.5,63.9,70.6,119.5
2024-01-19 14:00:00,14,4,1,0,1,1,19.2,63.8,80.6,129.34
2024-01-19 15:00:00,15,4,1,0,1,1,16.6,68.5,76.7,116.92
2024-01-19 16:00:00,16,4,1,0,1,1,16.7,66.1,79.5,125.14
2024-01-19 17:00:00,17,4,1,0,1,0,14.7,66.7,27.6,68.49
2024-01-19 18:00:00,18,4,1,0,1,0,15.2,71.6,30.9,70.33
2024-01-19 19:00:00,19,4,1,0,0,0,15.4,61.5,30.2,69.16
2024-01-19 20:00:00,20,4,1,0,0,0,10.3,72.4,9.1,58.71
2024-01-19 21:00:00,21,4,1,0,0,0,11.3,62.9,11.6,58.22
2024-01-19 22:00:00,22,4,1,0,0,0,7.8,68.7,9.5,58.58
2024-01-19 23:00:00,23,4,1,0,0,0,6.0,68.4,11.4,61.05
2024-01-20 00:00:00,0,5,1,1,0,0,6.2,76.3,6.9,56.83
2024-01-20 01:00:00,1,5,1,1,0,0,3.9,74.5,6.6,56.18
2024-01-20 02:00:00,2,5,1,1,0,0,4.6,74.2,5.1,57.9
2024-01-20 03:00:00,3,5,1,1,0,0,3.6,70.6,4.6,55.7
2024-01-20 04:00:00,4,5,1,1,0,0,10.0,69.3,7.2,57.6
2024-01-20 05:00:00,5,5,1,1,0,0,7.5,69.2,7.5,57.46
2024-01-20 06:00:00,6,5,1,1,0,0,7.5,73.8,5.3,54.12
2024-01-20 07:00:00,7,5,1,1,0,0,10.8,66.0,3.0,57.05
2024-01-20 08:00:00,8,5,1,1,0,0,11.8,74.6,7.0,54.28
2024-01-20 09:00:00,9,5,1,1,0,0,13.3,61.5,4.4,53.95
2024-01-20 10:00:00,10,5,1,1,0,0,16.4,62.8,10.1,53.03
2024-01-20 11:00:00,11,5,1,1,0,0,18.0,71.6,19.7,55.7
2024-01-20 12:00:00,12,5,1,1,0,0,16.7,64.1,16.2,57.85
2024-01-20 13:00:00,13,5,1,1,0,0,17.3,60.1,18.2,54.26
2024-01-20 14:00:00,14,5,1,1,0,0,18.1,65.7,21.0,62.36
2024-01-20 15:00:00,15,5,1,1,0,0,14.2,65.7,16.5,65.05
2024-01-20 16:00:00,16,5,1,1,0,0,15.0,63.7,16.0,56.62
2024-01-20 17:00:00,17,5,1,1,0,0,19.1,59.7,13.5,50.98
2024-01-20 18:00:00,18,5,1,1,0,0,18.3,75.8,13.7,62.66
2024-01-20 19:00:00,19,5,1,1,0,0,13.3,67.2,7.0,52.35
2024-01-20 20:00:00,20,5,1,1,0,0,13.1,60.6,5.2,52.59
2024-01-20 21:00:00,21,5,1,1,0,0,10.9,75.8,3.8,55.13
2024-01-20 22:00:00,22,5,1,1,0,0,14.3,69.9,3.5,52.51
2024-01-20 23:00:00,23,5,1,1,0,0,9.5,67.8,5.4,56.89
2024-01-21 00:00:00,0,6,1,1,0,0,6.2,69.4,5.3,58.85
2024-01-21 01:00:00,1,6,1,1,0,0,4.1,77.3,6.3,52.2
2024-01-21 02:00:00,2,6,1,1,0,0,2.7,74.6,5.4,53.18
2024-01-21 03:00:00,3,6,1,1,0,0,6.2,65.5,3.7,58.43
2024-01-21 04:00:00,4,6,1,1,0,0,5.1,81.1,5.5,54.15
2024-01-21 05:00:00,5,6,1,1,0,0,4.9,72.3,7.5,56.23
2024-01-21 06:00:00,6,6,1,1,0,0,7.7,78.1,3.8,50.03
2024-01-21 07:00:00,7,6,1,1,0,0,8.4,76.7,6.4,54.5
2024-01-21 08:00:00,8,6,1,1,0,0,15.1,62.9,6.0,51.2
2024-01-21 09:00:00,9,6,1,1,0,0,15.3,70.9,6.7,49.82
2024-01-21 10:00:00,10,6,1,1,0,0,15.3,64.2,11.8,53.13
2024-01-21 11:00:00,11,6,1,1,0,0,19.3,56.5,21.3,64.36
2024-01-21 12:00:00,12,6,1,1,0,0,17.8,63.3,17.5,58.02
2024-01-21 13:00:00,13,6,1,1,0,0,16.8,67.3,20.2,60.6
2024-01-21 14:00:00,14,6,1,1,0,0,21.3,60.7,13.0,50.36
2024-01-21 15:00:00,15,6,1,1,0,0,19.3,62.8,18.9,67.81
2024-01-21 16:00:00,16,6,1,1,0,0,15.8,71.0,19.4,64.98
2024-01-21 17:00:00,17,6,1,1,0,0,16.3,66.5,14.8,57.07
2024-01-21 18:00:00,18,6,1,1,0,0,13.7,64.5,14.6,56.37
2024-01-21 19:00:00,19,6,1,1,0,0,11.3,72.4,6.3,54.35
2024-01-21 20:00:00,20,6,1,1,0,0,13.7,68.7,3.5,51.06
2024-01-21 21:00:00,21,6,1,1,0,0,13.8,57.8,6.7,49.32
2024-01-21 22:00:00,22,6,1,1,0,0,6.3,74.8,3.2,46.07
2024-01-21 23:00:00,23,6,1,1,0,0,8.5,73.1,4.0,52.18
2024-01-22 00:00:00,0,0,1,0,0,0,5.3,73.9,9.3,54.65
2024-01-22 01:00:00,1,0,1,0,0,0,4.9,77.6,4.8,56.72
2024-01-22 02:00:00,2,0,1,0,0,0,4.5,71.7,11.8,62.69
2024-01-22 03:00:00,3,0,1,0,0,0,4.3,75.8,10.9,58.37
2024-01-22 04:00:00,4,0,1,0,0,0,6.6,66.6,9.0,57.04
2024-01-22 05:00:00,5,0,1,0,0,0,6.0,74.9,10.6,65.99
2024-01-22 06:00:00,6,0,1,0,0,0,9.3,78.8,11.1,61.49
2024-01-22 07:00:00,7,0,1,0,0,0,10.3,66.3,6.1,53.2
2024-01-22 08:00:00,8,0,1,0,1,0,11.7,66.3,70.5,109.76
2024-01-22 09:00:00,9,0,1,0,1,0,12.2,66.1,50.8,83.32
2024-01-22 10:00:00,10,0,1,0,1,1,14.3,68.0,86.2,119.26
2024-01-22 11:00:00,11,0,1,0,1,1,18.1,60.6,88.4,132.1
2024-01-22 12:00:00,12,0,1,0,1,1,18.6,66.2,90.7,129.8
2024-01-22 13:00:00,13,0,1,0,1,1,16.6,69.3,60.5,119.17
2024-01-22 14:00:00,14,0,1,0,1,1,18.8,66.5,79.9,125.83
2024-01-22 15:00:00,15,0,1,0,1,1,19.7,56.6,85.3,118.59
2024-01-22 16:00:00,16,0,1,0,1,1,14.7,71.2,81.1,126.66
2024-01-22 17:00:00,17,0,1,0,1,0,17.7,68.9,40.5,77.63
2024-01-22 18:00:00,18,0,1,0,1,0,14.2,70.9,38.0,75.02
2024-01-22 19:00:00,19,0,1,0,0,0,14.8,68.6,29.7,65.66
2024-01-22 20:00:00,20,0,1,0,0,0,10.7,70.9,5.2,49.17
2024-01-22 21:00:00,21,0,1,0,0,0,7.2,76.6,9.0,65.44
2024-01-22 22:00:00,22,0,1,0,0,0,5.9,81.1,7.6,53.64
2024-01-22 23:00:00,23,0,1,0,0,0,7.6,68.4,5.4,60.82
2024-01-23 00:00:00,0,1,1,0,0,0,7.0,76.9,6.6,53.93
2024-01-23 01:00:00,1,1,1,0,0,0,4.2,74.2,6.4,60.35
2024-01-23 02:00:00,2,1,1,0,0,0,6.8,72.2,4.9,56.86
2024-01-23 03:00:00,3,1,1,0,0,0,2.9,69.3,8.4,62.26
2024-01-23 04:00:00,4,1,1,0,0,0,6.4,71.9,10.1,62.08
2024-01-23 05:00:00,5,1,1,0,0,0,5.4,69.7,8.6,53.88
2024-01-23 06:00:00,6,1,1,0,0,0,7.7,70.3,10.6,57.29
2024-01-23 07:00:00,7,1,1,0,0,0,10.5,65.8,5.0,49.33
2024-01-23 08:00:00,8,1,1,0,1,0,10.6,68.3,58.1,94.79
2024-01-23 09:00:00,9,1,1,0,1,0,13.1,66.7,63.3,91.32
2024-01-23 10:00:00,10,1,1,0,1,1,17.2,65.8,90.1,116.74
2024-01-23 11:00:00,11,1,1,0,1,1,15.7,60.1,90.4,123.05
2024-01-23 12:00:00,12,1,1,0,1,1,19.3,58.2,90.9,117.81
2024-01-23 13:00:00,13,1,1,0,1,1,16.4,67.5,69.8,113.2
2024-01-23 14:00:00,14,1,1,0,1,1,19.6,60.6,76.6,110.54
2024-01-23 15:00:00,15,1,1,0,1,1,21.0,67.1,86.8,122.92
2024-01-23 16:00:00,16,1,1,0,1,1,13.3,69.1,87.3,117.87
2024-01-23 17:00:00,17,1,1,0,1,0,15.3,69.2,44.9,85.61
2024-01-23 18:00:00,18,1,1,0,1,0,16.4,71.7,38.9,71.33
2024-01-23 19:00:00,19,1,1,0,0,0,13.4,66.9,38.7,75.98
2024-01-23 20:00:00,20,1,1,0,0,0,12.8,66.2,8.1,49.2
2024-01-23 21:00:00,21,1,1,0,0,0,9.4,74.4,10.9,56.12
2024-01-23 22:00:00,22,1,1,0,0,0,9.0,73.2,12.0,65.47
2024-01-23 23:00:00,23,1,1,0,0,0,7.3,71.6,10.2,60.3
2024-01-24 00:00:00,0,2,1,0,0,0,8.6,77.0,8.9,55.34
2024-01-24 01:00:00,1,2,1,0,0,0,6.3,72.2,4.6,55.25
2024-01-24 02:00:00,2,2,1,0,0,0,6.3,73.2,9.8,57.75
2024-01-24 03:00:00,3,2,1,0,0,0,5.1,74.0,9.7,59.79
2024-01-24 04:00:00,4,2,1,0,0,0,5.7,69.8,10.2,62.56
2024-01-24 05:00:00,5,2,1,0,0,0,6.8,73.1,5.0,54.39
2024-01-24 06:00:00,6,2,1,0,0,0,9.6,76.4,9.2,58.08
2024-01-24 07:00:00,7,2,1,0,0,0,9.7,72.5,6.4,55.92
2024-01-24 08:00:00,8,2,1,0,1,0,12.7,68.7,67.8,98.27
2024-01-24 09:00:00,9,2,1,0,1,0,17.6,64.5,52.2,83.23
2024-01-24 10:00:00,10,2,1,0,1,1,17.0,66.9,90.3,123.64
2024-01-24 11:00:00,11,2,1,0,1,1,16.2,69.2,84.4,123.97
2024-01-24 12:00:00,12,2,1,0,1,1,20.0,65.9,80.1,127.53
2024-01-24 13:00:00,13,2,1,0,1,1,17.7,63.8,69.5,108.93
2024-01-24 14:00:00,14,2,1,0,1,1,15.0,68.3,76.9,112.62
2024-01-24 15:00:00,15,2,1,0,1,1,16.6,67.8,86.2,122.63
2024-01-24 16:00:00,16,2,1,0,1,1,14.4,63.4,90.7,129.39
2024-01-24 17:00:00,17,2,1,0,1,0,16.1,66.9,44.4,78.46
2024-01-24 18:00:00,18,2,1,0,1,0,15.5,58.0,29.7,76.43
2024-01-24 19:00:00,19,2,1,0,0,0,16.9,67.6,41.2,78.36
2024-01-24 20:00:00,20,2,1,0,0,0,12.8,71.2,6.8,57.75
2024-01-24 21:00:00,21,2,1,0,0,0,10.1,73.4,11.2,55.41
2024-01-24 22:00:00,22,2,1,0,0,0,10.4,68.6,10.3,57.85
2024-01-24 23:00:00,23,2,1,0,0,0,3.6,76.2,4.6,58.59
2024-01-25 00:00:00,0,3,1,0,0,0,7.0,78.3,7.3,53.88
2024-01-25 01:00:00,1,3,1,0,0,0,7.3,78.0,6.7,56.63
2024-01-25 02:00:00,2,3,1,0,0,0,3.0,75.3,10.3,65.03
2024-01-25 03:00:00,3,3,1,0,0,0,8.0,72.5,7.3,55.65
2024-01-25 04:00:00,4,3,1,0,0,0,7.2,76.9,9.5,56.12
2024-01-25 05:00:00,5,3,1,0,0,0,6.9,66.7,8.8,64.21
2024-01-25 06:00:00,6,3,1,0,0,0,10.1,69.1,11.8,55.37
2024-01-25 07:00:00,7,3,1,0,0,0,14.6,72.6,11.5,56.99
2024-01-25 08:00:00,8,3,1,0,1,0,12.5,72.7,57.8,89.82
2024-01-25 09:00:00,9,3,1,0,1,0,14.3,69.0,66.7,93.78
2024-01-25 10:00:00,10,3,1,0,1,1,14.6,61.3,92.4,133.68
2024-01-25 11:00:00,11,3,1,0,1,1,15.3,66.6,93.5,136.52
2024-01-25 12:00:00,12,3,1,0,1,1,19.3,61.6,81.0,118.03
2024-01-25 13:00:00,13,3,1,0,1,1,16.9,67.0,64.5,102.76
2024-01-25 14:00:00,14,3,1,0,1,1,18.8,61.1,80.4,122.13
2024-01-25 15:00:00,15,3,1,0,1,1,17.6,61.1,82.4,119.1
2024-01-25 16:00:00,16,3,1,0,1,1,18.7,56.2,77.9,112.06
2024-01-25 17:00:00,17,3,1,0,1,0,17.4,70.2,34.9,79.16
2024-01-25 18:00:00,18,3,1,0,1,0,17.3,63.8,38.3,77.5
2024-01-25 19:00:00,19,3,1,0,0,0,13.0,69.0,34.9,75.38
2024-01-25 20:00:00,20,3,1,0,0,0,11.7,69.3,9.3,60.38
2024-01-25 21:00:00,21,3,1,0,0,0,8.8,67.1,4.5,54.91
2024-01-25 22:00:00,22,3,1,0,0,0,8.2,66.7,11.0,56.95
2024-01-25 23:00:00,23,3,1,0,0,0,8.3,67.7,11.5,59.29
2024-01-26 00:00:00,0,4,1,0,0,0,8.0,69.0,8.9,55.79
2024-01-26 01:00:00,1,4,1,0,0,0,4.3,76.0,11.1,60.05
2024-01-26 02:00:00,2,4,1,0,0,0,7.3,69.2,5.1,51.27
2024-01-26 03:00:00,3,4,1,0,0,0,8.4,78.6,10.4,55.83
2024-01-26 04:00:00,4,4,1,0,0,0,7.4,76.4,5.0,58.03
2024-01-26 05:00:00,5,4,1,0,0,0,11.0,73.0,7.3,56.28
2024-01-26 06:00:00,6,4,1,0,0,0,7.6,71.7,6.6,54.73
2024-01-26 07:00:00,7,4,1,0,0,0,8.3,77.7,8.7,54.36
2024-01-26 08:00:00,8,4,1,0,1,0,9.0,70.3,54.0,91.28
2024-01-26 09:00:00,9,4,1,0,1,0,16.6,65.8,64.1,88.76
2024-01-26 10:00:00,10,4,1,0,1,1,16.7,66.5,85.5,131.8
2024-01-26 11:00:00,11,4,1,0,1,1,16.7,68.6,92.9,130.03
2024-01-26 12:00:00,12,4,1,0,1,1,18.4,67.2,89.5,136.83
2024-01-26 13:00:00,13,4,1,0,1,1,16.5,64.0,63.2,106.81
2024-01-26 14:00:00,14,4,1,0,1,1,23.2,59.1,80.7,123.47
2024-01-26 15:00:00,15,4,1,0,1,1,18.8,66.9,89.4,131.52
2024-01-26 16:00:00,16,4,1,0,1,1,18.1,67.7,81.6,123.27
2024-01-26 17:00:00,17,4,1,0,1,0,18.2,63.2,35.7,70.09
2024-01-26 18:00:00,18,4,1,0,1,0,16.4,59.7,38.0,75.81
2024-01-26 19:00:00,19,4,1,0,0,0,14.3,66.7,32.0,68.57
2024-01-26 20:00:00,20,4,1,0,0,0,10.8,72.4,6.4,52.69
2024-01-26 21:00:00,21,4,1,0,0,0,11.4,76.7,7.8,53.99
2024-01-26 22:00:00,22,4,1,0,0,0,12.4,64.0,5.7,50.97
2024-01-26 23:00:00,23,4,1,0,0,0,10.1,68.7,6.3,52.3
2024-01-27 00:00:00,0,5,1,1,0,0,9.5,69.3,3.3,45.09
2024-01-27 01:00:00,1,5,1,1,0,0,5.1,79.4,4.5,56.11
2024-01-27 02:00:00,2,5,1,1,0,0,4.0,74.6,4.6,56.64
2024-01-27 03:00:00,3,5,1,1,0,0,5.8,69.8,7.8,55.63
2024-01-27 04:00:00,4,5,1,1,0,0,6.8,75.0,5.9,57.32
2024-01-27 05:00:00,5,5,1,1,0,0,9.7,69.1,6.9,60.02
2024-01-27 06:00:00,6,5,1,1,0,0,6.0,68.4,3.2,54.44
2024-01-27 07:00:00,7,5,1,1,0,0,13.4,64.5,3.5,55.5
2024-01-27 08:00:00,8,5,1,1,0,0,12.0,76.0,7.1,61.74
2024-01-27 09:00:00,9,5,1,1,0,0,13.2,69.8,6.1,61.35
2024-01-27 10:00:00,10,5,1,1,0,0,13.7,68.3,12.3,53.76
2024-01-27 11:00:00,11,5,1,1,0,0,13.9,66.8,14.9,55.56
2024-01-27 12:00:00,12,5,1,1,0,0,19.4,65.1,16.5,58.46
2024-01-27 13:00:00,13,5,1,1,0,0,18.7,65.5,20.1,62.88
2024-01-27 14:00:00,14,5,1,1,0,0,16.5,67.1,10.7,60.78
2024-01-27 15:00:00,15,5,1,1,0,0,16.2,66.6,17.2,62.39
2024-01-27 16:00:00,16,5,1,1,0,0,17.3,68.9,18.6,57.54
2024-01-27 17:00:00,17,5,1,1,0,0,19.9,63.7,21.7,61.67
2024-01-27 18:00:00,18,5,1,1,0,0,15.1,63.0,19.7,62.05
2024-01-27 19:00:00,19,5,1,1,0,0,11.3,67.1,4.4,48.12
2024-01-27 20:00:00,20,5,1,1,0,0,11.9,61.3,6.5,54.22
2024-01-27 21:00:00,21,5,1,1,0,0,10.1,78.5,6.8,51.48
2024-01-27 22:00:00,22,5,1,1,0,0,4.2,78.0,6.6,52.7
2024-01-27 23:00:00,23,5,1,1,0,0,7.6,68.9,7.1,53.7
2024-01-28 00:00:00,0,6,1,1,0,0,6.3,72.0,7.5,59.01
2024-01-28 01:00:00,1,6,1,1,0,0,7.3,69.8,3.5,55.31
2024-01-28 02:00:00,2,6,1,1,0,0,9.2,77.2,3.5,53.46
2024-01-28 03:00:00,3,6,1,1,0,0,8.1,66.2,7.0,59.58
2024-01-28 04:00:00,4,6,1,1,0,0,6.2,73.6,4.3,58.0
2024-01-28 05:00:00,5,6,1,1,0,0,5.8,73.0,3.3,55.19
2024-01-28 06:00:00,6,6,1,1,0,0,13.7,71.2,5.0,52.42
2024-01-28 07:00:00,7,6,1,1,0,0,10.8,69.5,7.1,55.58
2024-01-28 08:00:00,8,6,1,1,0,0,12.4,61.8,3.6,51.3
2024-01-28 09:00:00,9,6,1,1,0,0,14.0,66.7,6.4,46.13
2024-01-28 10:00:00,10,6,1,1,0,0,16.0,62.4,10.0,58.83
2024-01-28 11:00:00,11,6,1,1,0,0,16.7,66.1,11.3,57.41
2024-01-28 12:00:00,12,6,1,1,0,0,16.9,71.4,14.2,54.33
2024-01-28 13:00:00,13,6,1,1,0,0,17.6,58.2,11.0,60.49
2024-01-28 14:00:00,14,6,1,1,0,0,18.8,61.1,20.2,60.66
2024-01-28 15:00:00,15,6,1,1,0,0,17.6,63.0,20.4,62.34
2024-01-28 16:00:00,16,6,1,1,0,0,16.7,64.3,19.1,65.03
2024-01-28 17:00:00,17,6,1,1,0,0,17.1,68.5,12.9,57.99
2024-01-28 18:00:00,18,6,1,1,0,0,15.1,66.2,16.3,64.01
2024-01-28 19:00:00,19,6,1,1,0,0,16.7,67.5,3.9,49.68
2024-01-28 20:00:00,20,6,1,1,0,0,7.6,69.7,4.4,60.01
2024-01-28 21:00:00,21,6,1,1,0,0,12.6,69.6,5.6,50.68
2024-01-28 22:00:00,22,6,1,1,0,0,11.3,72.7,6.7,58.84
2024-01-28 23:00:00,23,6,1,1,0,0,4.0,71.8,3.5,48.27
2024-01-29 00:00:00,0,0,1,0,0,0,6.2,76.3,6.4,53.34
2024-01-29 01:00:00,1,0,1,0,0,0,5.5,73.9,11.4,62.21
2024-01-29 02:00:00,2,0,1,0,0,0,3.4,79.3,7.4,57.76
2024-01-29 03:00:00,3,0,1,0,0,0,4.7,73.4,11.5,61.53
2024-01-29 04:00:00,4,0,1,0,0,0,4.8,75.7,11.9,62.17
2024-01-29 05:00:00,5,0,1,0,0,0,11.0,69.6,8.2,52.09
2024-01-29 06:00:00,6,0,1,0,0,0,10.8,69.6,6.3,50.99
2024-01-29 07:00:00,7,0,1,0,0,0,13.0,69.4,10.3,57.2
2024-01-29 08:00:00,8,0,1,0,1,0,13.7,70.1,49.8,82.9
2024-01-29 09:00:00,9,0,1,0,1,0,12.1,64.0,52.6,92.88
2024-01-29 10:00:00,10,0,1,0,1,1,14.7,72.9,91.8,129.72
2024-01-29 11:00:00,11,0,1,0,1,1,17.9,57.5,86.5,127.85
2024-01-29 12:00:00,12,0,1,0,1,1,15.8,63.7,83.0,124.07
2024-01-29 13:00:00,13,0,1,0,1,1,20.0,63.1,69.8,110.71
2024-01-29 14:00:00,14,0,1,0,1,1,18.5,66.2,87.5,120.98
2024-01-29 15:00:00,15,0,1,0,1,1,18.0,71.2,77.1,124.56
2024-01-29 16:00:00,16,0,1,0,1,1,19.3,56.6,79.7,117.85
2024-01-29 17:00:00,17,0,1,0,1,0,17.8,63.0,29.4,67.88
2024-01-29 18:00:00,18,0,1,0,1,0,15.0,58.5,32.6,70.99
2024-01-29 19:00:00,19,0,1,0,0,0,16.2,66.3,40.3,76.85
2024-01-29 20:00:00,20,0,1,0,0,0,10.5,71.2,9.7,60.38
2024-01-29 21:00:00,21,0,1,0,0,0,11.8,75.6,9.3,56.35
2024-01-29 22:00:00,22,0,1,0,0,0,10.2,70.8,4.1,52.75
2024-01-29 23:00:00,23,0,1,0,0,0,7.3,76.6,5.1,58.55
2024-01-30 00:00:00,0,1,1,0,0,0,7.4,74.7,5.8,57.72
2024-01-30 01:00:00,1,1,1,0,0,0,3.9,73.0,6.2,55.45
2024-01-30 02:00:00,2,1,1,0,0,0,7.6,66.5,5.2,51.56
2024-01-30 03:00:00,3,1,1,0,0,0,5.9,74.5,7.3,55.09
2024-01-30 04:00:00,4,1,1,0,0,0,5.9,67.4,4.6,55.39
2024-01-30 05:00:00,5,1,1,0,0,0,9.8,75.8,10.0,53.91
2024-01-30 06:00:00,6,1,1,0,0,0,7.9,71.3,10.3,59.41
2024-01-30 07:00:00,7,1,1,0,0,0,8.2,76.5,8.6,57.21
2024-01-30 08:00:00,8,1,1,0,1,0,9.7,68.8,47.7,78.91
2024-01-30 09:00:00,9,1,1,0,1,0,15.2,67.9,71.7,95.12
2024-01-30 10:00:00,10,1,1,0,1,1,13.4,69.0,94.5,128.29
2024-01-30 11:00:00,11,1,1,0,1,1,20.2,63.2,83.0,122.67
2024-01-30 12:00:00,12,1,1,0,1,1,14.3,65.8,90.6,136.98
2024-01-30 13:00:00,13,1,1,0,1,1,21.8,63.8,72.6,108.02
2024-01-30 14:00:00,14,1,1,0,1,1,19.3,60.3,84.2,120.59
2024-01-30 15:00:00,15,1,1,0,1,1,18.6,59.6,80.5,123.67
2024-01-30 16:00:00,16,1,1,0,1,1,17.1,70.5,83.1,116.44
2024-01-30 17:00:00,17,1,1,0,1,0,17.8,67.9,35.2,69.92
2024-01-30 18:00:00,18,1,1,0,1,0,15.6,66.8,33.0,73.49
2024-01-30 19:00:00,19,1,1,0,0,0,16.1,72.9,43.6,77.81
2024-01-30 20:00:00,20,1,1,0,0,0,12.7,67.5,10.0,51.63
2024-01-30 21:00:00,21,1,1,0,0,0,11.1,75.0,5.9,47.43
2024-01-30 22:00:00,22,1,1,0,0,0,8.6,72.2,8.7,64.56
2024-01-30 23:00:00,23,1,1,0,0,0,7.8,67.9,9.5,62.14
2024-01-31 00:00:00,0,2,1,0,0,0,7.5,79.6,5.1,53.75
2024-01-31 01:00:00,1,2,1,0,0,0,3.2,79.2,6.9,59.0
2024-01-31 02:00:00,2,2,1,0,0,0,3.6,74.5,11.2,60.54
2024-01-31 03:00:00,3,2,1,0,0,0,7.6,75.1,8.5,59.48
2024-01-31 04:00:00,4,2,1,0,0,0,7.2,70.8,5.7,53.08
2024-01-31 05:00:00,5,2,1,0,0,0,7.6,75.5,5.0,53.33
2024-01-31 06:00:00,6,2,1,0,0,0,9.3,61.4,8.1,58.14
2024-01-31 07:00:00,7,2,1,0,0,0,11.5,65.4,8.4,60.46
2024-01-31 08:00:00,8,2,1,0,1,0,11.6,73.3,55.0,93.23
2024-01-31 09:00:00,9,2,1,0,1,0,12.8,67.5,63.9,100.26
2024-01-31 10:00:00,10,2,1,0,1,1,16.1,67.1,81.0,116.25
2024-01-31 11:00:00,11,2,1,0,1,1,15.4,61.3,82.2,123.14
2024-01-31 12:00:00,12,2,1,0,1,1,18.9,71.7,88.2,126.11
2024-01-31 13:00:00,13,2,1,0,1,1,15.7,71.3,60.9,113.71
2024-01-31 14:00:00,14,2,1,0,1,1,20.9,62.1,90.0,126.61
2024-01-31 15:00:00,15,2,1,0,1,1,19.7,62.1,77.4,121.75
2024-01-31 16:00:00,16,2,1,0,1,1,18.6,68.6,86.5,128.91
2024-01-31 17:00:00,17,2,1,0,1,0,18.9,72.2,32.8,75.59
2024-01-31 18:00:00,18,2,1,0,1,0,18.8,68.2,33.0,73.78
2024-01-31 19:00:00,19,2,1,0,0,0,16.0,75.0,40.3,81.22
2024-01-31 20:00:00,20,2,1,0,0,0,9.2,67.4,8.0,53.6
2024-01-31 21:00:00,21,2,1,0,0,0,8.5,68.3,9.8,56.14
2024-01-31 22:00:00,22,2,1,0,0,0,8.2,67.0,8.0,61.0
2024-01-31 23:00:00,23,2,1,0,0,0,8.0,73.7,8.7,57.65
2024-02-01 00:00:00,0,3,2,0,0,0,7.9,72.7,10.1,57.14
2024-02-01 01:00:00,1,3,2,0,0,0,5.0,73.4,8.9,57.88
2024-02-01 02:00:00,2,3,2,0,0,0,6.4,76.3,8.9,58.73
2024-02-01 03:00:00,3,3,2,0,0,0,5.0,78.9,10.3,63.83
2024-02-01 04:00:00,4,3,2,0,0,0,5.9,67.3,11.6,60.69
2024-02-01 05:00:00,5,3,2,0,0,0,5.5,71.3,7.0,60.21
2024-02-01 06:00:00,6,3,2,0,0,0,7.7,75.4,8.6,59.37
2024-02-01 07:00:00,7,3,2,0,0,0,8.5,69.7,4.7,51.6
2024-02-01 08:00:00,8,3,2,0,1,0,10.8,66.7,55.8,89.42
2024-02-01 09:00:00,9,3,2,0,1,0,16.2,70.2,57.4,87.89
2024-02-01 10:00:00,10,3,2,0,1,1,14.1,62.5,92.5,131.41
2024-02-01 11:00:00,11,3,2,0,1,1,21.9,61.0,87.7,123.3
2024-02-01 12:00:00,12,3,2,0,1,1,19.1,65.4,91.0,128.42
2024-02-01 13:00:00,13,3,2,0,1,1,19.2,61.8,60.3,112.25
2024-02-01 14:00:00,14,3,2,0,1,1,17.6,68.3,82.9,124.36
2024-02-01 15:00:00,15,3,2,0,1,1,20.1,61.2,90.3,130.43
2024-02-01 16:00:00,16,3,2,0,1,1,17.2,71.1,78.8,120.18
2024-02-01 17:00:00,17,3,2,0,1,0,17.4,64.8,25.6,63.35
2024-02-01 18:00:00,18,3,2,0,1,0,20.5,65.8,33.7,76.2
2024-02-01 19:00:00,19,3,2,0,0,0,14.1,70.6,39.1,78.99
2024-02-01 20:00:00,20,3,2,0,0,0,14.7,64.7,7.6,53.2
2024-02-01 21:00:00,21,3,2,0,0,0,9.6,62.6,7.7,58.88
2024-02-01 22:00:00,22,3,2,0,0,0,9.3,72.4,9.4,58.65
2024-02-01 23:00:00,23,3,2,0,0,0,11.2,69.9,6.0,50.34
2024-02-02 00:00:00,0,4,2,0,0,0,5.9,75.6,10.0,52.24
2024-02-02 01:00:00,1,4,2,0,0,0,9.7,69.8,5.2,52.42
2024-02-02 02:00:00,2,4,2,0,0,0,7.4,70.6,7.2,60.38
2024-02-02 03:00:00,3,4,2,0,0,0,5.4,81.8,9.2,58.15
2024-02-02 04:00:00,4,4,2,0,0,0,8.2,65.9,10.6,60.67
2024-02-02 05:00:00,5,4,2,0,0,0,9.8,73.6,10.3,58.72
2024-02-02 06:00:00,6,4,2,0,0,0,10.5,67.9,9.8,51.96
2024-02-02 07:00:00,7,4,2,0,0,0,8.2,70.4,6.9,54.98
2024-02-02 08:00:00,8,4,2,0,1,0,11.4,68.3,48.7,87.44
2024-02-02 09:00:00,9,4,2,0,1,0,13.9,64.6,51.5,83.58
2024-02-02 10:00:00,10,4,2,0,1,1,15.8,68.7,93.0,131.53
2024-02-02 11:00:00,11,4,2,0,1,1,18.4,70.2,92.9,127.8
2024-02-02 12:00:00,12,4,2,0,1,1,18.6,66.4,94.3,128.81
2024-02-02 13:00:00,13,4,2,0,1,1,16.5,66.4,61.1,116.15
2024-02-02 14:00:00,14,4,2,0,1,1,19.9,59.6,84.1,128.17
2024-02-02 15:00:00,15,4,2,0,1,1,20.0,65.6,86.0,119.13
2024-02-02 16:00:00,16,4,2,0,1,1,19.3,72.6,87.1,126.03
2024-02-02 17:00:00,17,4,2,0,1,0,19.2,62.5,37.9,75.35
2024-02-02 18:00:00,18,4,2,0,1,0,17.4,63.8,40.4,81.37
2024-02-02 19:00:00,19,4,2,0,0,0,15.2,64.6,32.2,69.67
2024-02-02 20:00:00,20,4,2,0,0,0,12.5,66.8,5.4,47.53
2024-02-02 21:00:00,21,4,2,0,0,0,8.0,60.9,5.6,56.77
2024-02-02 22:00:00,22,4,2,0,0,0,10.2,72.0,4.1,50.74
2024-02-02 23:00:00,23,4,2,0,0,0,8.4,68.2,6.8,51.99
2024-02-03 00:00:00,0,5,2,1,0,0,7.6,65.7,3.5,53.94
2024-02-03 01:00:00,1,5,2,1,0,0,4.2,77.6,4.6,59.45
2024-02-03 02:00:00,2,5,2,1,0,0,4.3,70.2,6.1,55.69
2024-02-03 03:00:00,3,5,2,1,0,0,8.4,70.3,7.5,58.25
2024-02-03 04:00:00,4,5,2,1,0,0,7.0,78.5,7.2,59.29
2024-02-03 05:00:00,5,5,2,1,0,0,9.4,65.3,4.3,56.22
2024-02-03 06:00:00,6,5,2,1,0,0,9.5,64.7,3.7,50.83
2024-02-03 07:00:00,7,5,2,1,0,0,11.1,70.8,4.0,49.08
2024-02-03 08:00:00,8,5,2,1,0,0,14.4,72.0,7.9,50.84
2024-02-03 09:00:00,9,5,2,1,0,0,13.5,61.8,5.7,55.35
2024-02-03 10:00:00,10,5,2,1,0,0,16.2,67.8,12.2,58.92
2024-02-03 11:00:00,11,5,2,1,0,0,16.5,68.3,20.1,59.41
2024-02-03 12:00:00,12,5,2,1,0,0,17.6,56.9,14.7,65.41
2024-02-03 13:00:00,13,5,2,1,0,0,18.5,67.7,20.8,59.53
2024-02-03 14:00:00,14,5,2,1,0,0,19.6,67.3,13.1,60.63
2024-02-03 15:00:00,15,5,2,1,0,0,18.2,63.5,14.7,63.45
2024-02-03 16:00:00,16,5,2,1,0,0,20.6,68.1,16.1,59.94
2024-02-03 17:00:00,17,5,2,1,0,0,15.7,71.1,20.7,60.44
2024-02-03 18:00:00,18,5,2,1,0,0,15.7,66.9,20.4,60.29
2024-02-03 19:00:00,19,5,2,1,0,0,13.6,66.2,5.9,52.08
2024-02-03 20:00:00,20,5,2,1,0,0,15.3,62.9,4.1,54.41
2024-02-03 21:00:00,21,5,2,1,0,0,11.4,69.4,5.0,49.45
2024-02-03 22:00:00,22,5,2,1,0,0,11.3,71.9,7.9,49.64
2024-02-03 23:00:00,23,5,2,1,0,0,5.5,72.4,6.0,58.03
2024-02-04 00:00:00,0,6,2,1,0,0,7.7,63.3,6.9,58.39
2024-02-04 01:00:00,1,6,2,1,0,0,8.1,76.9,5.2,61.29
2024-02-04 02:00:00,2,6,2,1,0,0,6.5,73.7,5.7,51.73
2024-02-04 03:00:00,3,6,2,1,0,0,8.5,70.0,5.1,54.3
2024-02-04 04:00:00,4,6,2,1,0,0,6.3,76.5,6.5,60.61
2024-02-04 05:00:00,5,6,2,1,0,0,10.8,76.0,7.3,55.71
2024-02-04 06:00:00,6,6,2,1,0,0,13.7,56.7,5.5,51.95
2024-02-04 07:00:00,7,6,2,1,0,0,10.5,71.9,5.4,56.54
2024-02-04 08:00:00,8,6,2,1,0,0,12.0,63.4,4.7,50.86
2024-02-04 09:00:00,9,6,2,1,0,0,17.1,67.5,3.9,53.53
2024-02-04 10:00:00,10,6,2,1,0,0,18.9,64.8,21.3,59.32
2024-02-04 11:00:00,11,6,2,1,0,0,16.5,68.5,13.8,53.07
2024-02-04 12:00:00,12,6,2,1,0,0,17.7,63.1,19.6,61.24
2024-02-04 13:00:00,13,6,2,1,0,0,18.6,57.0,18.6,53.19
2024-02-04 14:00:00,14,6,2,1,0,0,16.9,63.9,19.5,62.31
2024-02-04 15:00:00,15,6,2,1,0,0,17.4,66.9,21.2,57.72
2024-02-04 16:00:00,16,6,2,1,0,0,16.6,69.9,17.5,61.5
2024-02-04 17:00:00,17,6,2,1,0,0,16.0,61.6,20.8,63.57
2024-02-04 18:00:00,18,6,2,1,0,0,16.0,70.4,12.0,56.42
2024-02-04 19:00:00,19,6,2,1,0,0,14.9,64.5,6.1,53.84
2024-02-04 20:00:00,20,6,2,1,0,0,15.6,68.0,6.9,53.62
2024-02-04 21:00:00,21,6,2,1,0,0,9.3,69.0,4.4,52.87
2024-02-04 22:00:00,22,6,2,1,0,0,11.3,70.3,6.7,60.48
2024-02-04 23:00:00,23,6,2,1,0,0,7.8,75.6,6.9,57.74
2024-02-05 00:00:00,0,0,2,0,0,0,7.2,67.6,10.6,62.19
2024-02-05 01:00:00,1,0,2,0,0,0,7.8,69.3,6.5,59.6
2024-02-05 02:00:00,2,0,2,0,0,0,4.4,75.2,9.5,62.42
2024-02-05 03:00:00,3,0,2,0,0,0,7.3,82.0,6.4,62.93
2024-02-05 04:00:00,4,0,2,0,0,0,7.6,68.7,9.9,59.49
2024-02-05 05:00:00,5,0,2,0,0,0,9.2,79.2,7.7,56.4
2024-02-05 06:00:00,6,0,2,0,0,0,10.2,78.4,8.8,54.69
2024-02-05 07:00:00,7,0,2,0,0,0,15.6,66.2,7.3,52.44
2024-02-05 08:00:00,8,0,2,0,1,0,11.8,68.0,49.9,84.5
2024-02-05 09:00:00,9,0,2,0,1,0,13.6,65.2,50.3,87.66
2024-02-05 10:00:00,10,0,2,0,1,1,15.0,66.7,81.2,124.23
2024-02-05 11:00:00,11,0,2,0,1,1,16.5,60.3,89.3,127.99
2024-02-05 12:00:00,12,0,2,0,1,1,17.4,65.0,92.7,136.85
2024-02-05 13:00:00,13,0,2,0,1,1,21.3,68.6,60.3,103.11
2024-02-05 14:00:00,14,0,2,0,1,1,22.0,59.7,76.1,111.15
2024-02-05 15:00:00,15,0,2,0,1,1,18.2,63.8,82.8,126.43
2024-02-05 16:00:00,16,0,2,0,1,1,17.0,58.8,87.5,128.55
2024-02-05 17:00:00,17,0,2,0,1,0,18.3,66.2,28.2,59.11
2024-02-05 18:00:00,18,0,2,0,1,0,15.2,67.9,30.4,66.74
2024-02-05 19:00:00,19,0,2,0,0,0,15.7,66.8,29.6,73.8
2024-02-05 20:00:00,20,0,2,0,0,0,13.3,67.3,7.2,58.77
2024-02-05 21:00:00,21,0,2,0,0,0,8.5,70.4,5.8,56.96
2024-02-05 22:00:00,22,0,2,0,0,0,12.4,70.8,6.8,56.67
2024-02-05 23:00:00,23,0,2,0,0,0,11.5,69.3,9.8,54.37
2024-02-06 00:00:00,0,1,2,0,0,0,6.3,74.3,8.9,57.99
2024-02-06 01:00:00,1,1,2,0,0,0,6.0,74.2,4.6,59.45
2024-02-06 02:00:00,2,1,2,0,0,0,7.0,77.1,9.1,59.99
2024-02-06 03:00:00,3,1,2,0,0,0,7.3,75.1,7.8,57.65
2024-02-06 04:00:00,4,1,2,0,0,0,8.5,72.3,11.5,59.14
2024-02-06 05:00:00,5,1,2,0,0,0,12.0,75.2,6.3,57.74
2024-02-06 06:00:00,6,1,2,0,0,0,9.4,72.6,9.8,61.54
2024-02-06 07:00:00,7,1,2,0,0,0,9.9,75.8,9.8,59.77
2024-02-06 08:00:00,8,1,2,0,1,0,10.5,72.6,51.6,89.53
2024-02-06 09:00:00,9,1,2,0,1,0,13.4,60.8,72.1,100.57
2024-02-06 10:00:00,10,1,2,0,1,1,16.2,71.4,87.4,130.7
2024-02-06 11:00:00,11,1,2,0,1,1,20.8,63.5,90.2,123.53
2024-02-06 12:00:00,12,1,2,0,1,1,17.7,64.9,82.2,119.47
2024-02-06 13:00:00,13,1,2,0,1,1,19.7,64.8,63.9,106.06
2024-02-06 14:00:00,14,1,2,0,1,1,19.5,62.5,85.0,133.22
2024-02-06 15:00:00,15,1,2,0,1,1,21.4,63.4,80.4,122.74
2024-02-06 16:00:00,16,1,2,0,1,1,23.2,58.9,83.5,120.84
2024-02-06 17:00:00,17,1,2,0,1,0,16.6,71.0,32.5,71.0
2024-02-06 18:00:00,18,1,2,0,1,0,15.4,66.3,37.8,84.49
2024-02-06 19:00:00,19,1,2,0,0,0,16.6,64.3,34.7,74.4
2024-02-06 20:00:00,20,1,2,0,0,0,14.2,63.9,4.0,45.29
2024-02-06 21:00:00,21,1,2,0,0,0,14.6,68.4,9.2,58.59
2024-02-06 22:00:00,22,1,2,0,0,0,10.8,70.7,7.4,54.16
2024-02-06 23:00:00,23,1,2,0,0,0,7.7,73.7,6.7,55.73
2024-02-07 00:00:00,0,2,2,0,0,0,8.5,67.4,4.8,52.34
2024-02-07 01:00:00,1,2,2,0,0,0,8.8,64.9,5.8,55.76
2024-02-07 02:00:00,2,2,2,0,0,0,8.1,74.3,5.8,56.05
2024-02-07 03:00:00,3,2,2,0,0,0,7.7,78.0,11.5,58.1
2024-02-07 04:00:00,4,2,2,0,0,0,9.4,66.8,7.5,54.54
2024-02-07 05:00:00,5,2,2,0,0,0,10.6,76.4,4.3,53.45
2024-02-07 06:00:00,6,2,2,0,0,0,12.3,70.0,5.1,45.44
2024-02-07 07:00:00,7,2,2,0,0,0,12.6,68.7,4.6,47.82
2024-02-07 08:00:00,8,2,2,0,1,0,12.8,66.9,62.7,100.76
2024-02-07 09:00:00,9,2,2,0,1,0,15.0,61.5,50.6,85.48
2024-02-07 10:00:00,10,2,2,0,1,1,18.5,68.5,87.5,129.57
2024-02-07 11:00:00,11,2,2,0,1,1,16.2,63.1,85.6,119.64
2024-02-07 12:00:00,12,2,2,0,1,1,19.4,60.8,92.1,136.11
2024-02-07 13:00:00,13,2,2,0,1,1,18.7,68.4,64.8,107.81
2024-02-07 14:00:00,14,2,2,0,1,1,19.6,56.2,82.8,127.38
2024-02-07 15:00:00,15,2,2,0,1,1,21.7,56.2,87.3,130.53
2024-02-07 16:00:00,16,2,2,0,1,1,19.1,64.1,82.4,114.8
2024-02-07 17:00:00,17,2,2,0,1,0,17.8,66.2,40.9,75.86
2024-02-07 18:00:00,18,2,2,0,1,0,13.9,69.7,38.2,71.67
2024-02-07 19:00:00,19,2,2,0,0,0,16.1,65.0,33.2,69.21
2024-02-07 20:00:00,20,2,2,0,0,0,14.2,77.7,8.0,53.48
2024-02-07 21:00:00,21,2,2,0,0,0,15.3,65.9,11.7,55.25
2024-02-07 22:00:00,22,2,2,0,0,0,9.3,70.1,9.3,64.18
2024-02-07 23:00:00,23,2,2,0,0,0,8.9,68.1,11.2,55.09
2024-02-08 00:00:00,0,3,2,0,0,0,8.0,72.4,5.4,55.05
2024-02-08 01:00:00,1,3,2,0,0,0,9.7,73.2,7.9,49.72
2024-02-08 02:00:00,2,3,2,0,0,0,6.5,77.8,11.3,61.71
2024-02-08 03:00:00,3,3,2,0,0,0,7.4,66.4,6.6,52.14
2024-02-08 04:00:00,4,3,2,0,0,0,8.6,70.5,11.7,63.37
2024-02-08 05:00:00,5,3,2,0,0,0,8.9,73.1,4.8,53.37
2024-02-08 06:00:00,6,3,2,0,0,0,9.1,73.5,11.2,54.7
2024-02-08 07:00:00,7,3,2,0,0,0,11.8,69.3,7.6,48.33
2024-02-08 08:00:00,8,3,2,0,1,0,15.1,69.1,47.2,78.85
2024-02-08 09:00:00,9,3,2,0,1,0,13.0,65.2,71.4,102.41
2024-02-08 10:00:00,10,3,2,0,1,1,16.7,72.0,83.8,120.49
2024-02-08 11:00:00,11,3,2,0,1,1,16.5,69.9,80.3,123.68
2024-02-08 12:00:00,12,3,2,0,1,1,21.0,57.4,82.0,128.11
2024-02-08 13:00:00,13,3,2,0,1,1,16.7,61.5,69.9,109.64
2024-02-08 14:00:00,14,3,2,0,1,1,18.7,60.2,91.6,125.34
2024-02-08 15:00:00,15,3,2,0,1,1,20.1,66.1,76.9,119.2
2024-02-08 16:00:00,16,3,2,0,1,1,21.6,57.2,82.9,130.34
2024-02-08 17:00:00,17,3,2,0,1,0,17.7,63.8,28.6,72.75
2024-02-08 18:00:00,18,3,2,0,1,0,15.4,68.5,39.9,72.57
2024-02-08 19:00:00,19,3,2,0,0,0,18.2,64.5,27.4,65.98
2024-02-08 20:00:00,20,3,2,0,0,0,10.6,71.1,5.9,56.67
2024-02-08 21:00:00,21,3,2,0,0,0,7.5,68.0,5.6,53.59
2024-02-08 22:00:00,22,3,2,0,0,0,10.7,72.4,8.4,56.55
2024-02-08 23:00:00,23,3,2,0,0,0,7.7,69.7,11.0,57.48
2024-02-09 00:00:00,0,4,2,0,0,0,5.8,72.1,8.1,54.94
2024-02-09 01:00:00,1,4,2,0,0,0,8.3,72.6,4.5,51.48
2024-02-09 02:00:00,2,4,2,0,0,0,7.2,72.9,8.5,61.1
2024-02-09 03:00:00,3,4,2,0,0,0,6.0,73.4,10.4,60.23
2024-02-09 04:00:00,4,4,2,0,0,0,5.3,70.8,5.1,60.3
2024-02-09 05:00:00,5,4,2,0,0,0,10.3,69.1,4.6,55.16
2024-02-09 06:00:00,6,4,2,0,0,0,11.2,69.7,5.5,58.9
2024-02-09 07:00:00,7,4,2,0,0,0,11.4,64.0,10.0,59.68
2024-02-09 08:00:00,8,4,2,0,1,0,16.6,64.0,62.8,95.65
2024-02-09 09:00:00,9,4,2,0,1,0,13.0,70.0,61.2,93.72
2024-02-09 10:00:00,10,4,2,0,1,1,13.8,62.7,83.7,130.06
2024-02-09 11:00:00,11,4,2,0,1,1,16.6,70.5,85.0,125.79
2024-02-09 12:00:00,12,4,2,0,1,1,18.8,69.4,94.5,129.55
2024-02-09 13:00:00,13,4,2,0,1,1,20.0,58.5,63.6,105.07
2024-02-09 14:00:00,14,4,2,0,1,1,19.3,69.4,90.3,124.07
2024-02-09 15:00:00,15,4,2,0,1,1,20.2,62.8,84.9,130.34
2024-02-09 16:00:00,16,4,2,0,1,1,16.7,67.5,77.1,117.4
2024-02-09 17:00:00,17,4,2,0,1,0,20.5,61.2,34.3,72.08
2024-02-09 18:00:00,18,4,2,0,1,0,16.4,69.7,44.0,76.84
2024-02-09 19:00:00,19,4,2,0,0,0,17.0,67.2,33.4,72.52
2024-02-09 20:00:00,20,4,2,0,0,0,13.9,64.5,10.9,54.38
2024-02-09 21:00:00,21,4,2,0,0,0,12.4,64.2,6.1,56.16
2024-02-09 22:00:00,22,4,2,0,0,0,11.1,63.9,8.6,57.94
2024-02-09 23:00:00,23,4,2,0,0,0,9.5,71.6,10.8,68.06
2024-02-10 00:00:00,0,5,2,1,0,0,8.9,73.6,7.6,55.06
2024-02-10 01:00:00,1,5,2,1,0,0,9.5,73.5,5.4,53.52
2024-02-10 02:00:00,2,5,2,1,0,0,7.2,72.0,6.2,55.72
2024-02-10 03:00:00,3,5,2,1,0,0,8.4,67.0,3.0,52.77
2024-02-10 04:00:00,4,5,2,1,0,0,7.6,69.5,4.3,57.8
2024-02-10 05:00:00,5,5,2,1,0,0,11.4,74.1,4.4,51.95
2024-02-10 06:00:00,6,5,2,1,0,0,8.9,69.3,3.5,59.6
2024-02-10 07:00:00,7,5,2,1,0,0,14.9,67.6,4.4,53.08
2024-02-10 08:00:00,8,5,2,1,0,0,13.3,63.9,4.6,50.55
2024-02-10 09:00:00,9,5,2,1,0,0,12.5,70.1,7.8,52.49
2024-02-10 10:00:00,10,5,2,1,0,0,16.9,63.8,18.0,64.29
2024-02-10 11:00:00,11,5,2,1,0,0,16.7,70.0,15.1,58.96
2024-02-10 12:00:00,12,5,2,1,0,0,20.5,66.2,21.9,63.8
2024-02-10 13:00:00,13,5,2,1,0,0,18.5,62.6,11.8,54.58
2024-02-10 14:00:00,14,5,2,1,0,0,19.1,63.6,15.7,59.11
2024-02-10 15:00:00,15,5,2,1,0,0,16.3,63.9,17.8,58.77
2024-02-10 16:00:00,16,5,2,1,0,0,18.2,59.1,10.7,60.06
2024-02-10 17:00:00,17,5,2,1,0,0,13.6,64.6,18.6,64.53
2024-02-10 18:00:00,18,5,2,1,0,0,13.8,68.6,11.2,56.14
2024-02-10 19:00:00,19,5,2,1,0,0,16.4,67.3,3.7,50.06
2024-02-10 20:00:00,20,5,2,1,0,0,14.8,67.7,3.8,51.12
2024-02-10 21:00:00,21,5,2,1,0,0,12.5,67.5,7.6,54.69
2024-02-10 22:00:00,22,5,2,1,0,0,8.4,75.4,6.4,52.73
2024-02-10 23:00:00,23,5,2,1,0,0,8.7,71.7,6.3,49.49
2024-02-11 00:00:00,0,6,2,1,0,0,7.8,74.9,5.8,53.06
2024-02-11 01:00:00,1,6,2,1,0,0,5.1,66.8,4.5,55.42
2024-02-11 02:00:00,2,6,2,1,0,0,9.7,55.0,6.1,52.57
2024-02-11 03:00:00,3,6,2,1,0,0,8.8,72.5,5.1,57.21
2024-02-11 04:00:00,4,6,2,1,0,0,7.5,66.6,3.7,53.35
2024-02-11 05:00:00,5,6,2,1,0,0,8.9,70.4,6.4,61.55
2024-02-11 06:00:00,6,6,2,1,0,0,10.6,68.9,3.6,50.8
2024-02-11 07:00:00,7,6,2,1,0,0,8.1,78.2,4.0,54.5
2024-02-11 08:00:00,8,6,2,1,0,0,13.0,70.0,7.1,53.17
2024-02-11 09:00:00,9,6,2,1,0,0,13.9,68.4,6.3,54.47
2024-02-11 10:00:00,10,6,2,1,0,0,14.9,70.4,17.6,64.14
2024-02-11 11:00:00,11,6,2,1,0,0,17.6,66.7,15.0,60.75
2024-02-11 12:00:00,12,6,2,1,0,0,22.4,60.0,14.8,52.16
2024-02-11 13:00:00,13,6,2,1,0,0,20.9,67.2,18.3,62.78
2024-02-11 14:00:00,14,6,2,1,0,0,19.0,59.8,18.9,58.37
2024-02-11 15:00:00,15,6,2,1,0,0,20.8,64.2,16.1,58.6
2024-02-11 16:00:00,16,6,2,1,0,0,21.6,56.2,21.6,65.76
2024-02-11 17:00:00,17,6,2,1,0,0,19.7,64.5,21.5,59.9
2024-02-11 18:00:00,18,6,2,1,0,0,16.8,66.5,14.9,62.43
2024-02-11 19:00:00,19,6,2,1,0,0,14.0,74.4,7.1,52.47
2024-02-11 20:00:00,20,6,2,1,0,0,14.7,61.0,5.7,59.19
2024-02-11 21:00:00,21,6,2,1,0,0,12.5,66.3,5.6,53.44
2024-02-11 22:00:00,22,6,2,1,0,0,11.8,72.5,3.3,57.28
2024-02-11 23:00:00,23,6,2,1,0,0,10.0,71.8,5.9,58.47
2024-02-12 00:00:00,0,0,2,0,0,0,9.9,71.3,11.2,56.81
2024-02-12 01:00:00,1,0,2,0,0,0,6.4,69.2,10.2,55.65
2024-02-12 02:00:00,2,0,2,0,0,0,9.5,68.5,10.3,58.64
2024-02-12 03:00:00,3,0,2,0,0,0,7.7,77.1,5.3,53.4
2024-02-12 04:00:00,4,0,2,0,0,0,11.7,69.1,6.9,59.63
2024-02-12 05:00:00,5,0,2,0,0,0,7.8,73.5,5.9,54.9
2024-02-12 06:00:00,6,0,2,0,0,0,13.5,67.6,6.5,52.44
2024-02-12 07:00:00,7,0,2,0,0,0,12.3,64.2,8.6,51.09
2024-02-12 08:00:00,8,0,2,0,1,0,12.4,72.6,55.9,92.11
2024-02-12 09:00:00,9,0,2,0,1,0,14.4,69.4,61.8,89.35
2024-02-12 10:00:00,10,0,2,0,1,1,16.3,75.3,86.6,128.49
2024-02-12 11:00:00,11,0,2,0,1,1,19.0,60.1,84.3,120.88
2024-02-12 12:00:00,12,0,2,0,1,1,20.2,66.7,81.4,125.81
2024-02-12 13:00:00,13,0,2,0,1,1,18.8,59.1,73.4,118.01
2024-02-12 14:00:00,14,0,2,0,1,1,20.1,64.1,75.2,119.61
2024-02-12 15:00:00,15,0,2,0,1,1,23.7,64.8,75.0,117.02
2024-02-12 16:00:00,16,0,2,0,1,1,22.3,53.6,89.1,130.45
2024-02-12 17:00:00,17,0,2,0,1,0,19.0,63.4,44.9,77.37
2024-02-12 18:00:00,18,0,2,0,1,0,16.9,63.4,39.5,78.06
2024-02-12 19:00:00,19,0,2,0,0,0,15.5,63.8,25.3,67.58
2024-02-12 20:00:00,20,0,2,0,0,0,14.7,68.8,5.8,53.56
2024-02-12 21:00:00,21,0,2,0,0,0,10.1,74.9,11.8,60.31
2024-02-12 22:00:00,22,0,2,0,0,0,9.9,70.0,10.5,55.12
2024-02-12 23:00:00,23,0,2,0,0,0,6.0,74.1,8.5,64.06
2024-02-13 00:00:00,0,1,2,0,0,0,8.8,71.8,5.9,58.27
2024-02-13 01:00:00,1,1,2,0,0,0,8.6,71.5,4.1,55.42
2024-02-13 02:00:00,2,1,2,0,0,0,6.3,68.7,4.2,50.77
2024-02-13 03:00:00,3,1,2,0,0,0,10.3,74.7,8.9,53.66
2024-02-13 04:00:00,4,1,2,0,0,0,5.9,74.6,4.2,57.32
2024-02-13 05:00:00,5,1,2,0,0,0,6.5,74.5,11.9,54.72
2024-02-13 06:00:00,6,1,2,0,0,0,10.9,66.6,5.5,54.99
2024-02-13 07:00:00,7,1,2,0,0,0,13.9,65.9,9.7,51.29
2024-02-13 08:00:00,8,1,2,0,1,0,16.7,65.1,49.7,81.01
2024-02-13 09:00:00,9,1,2,0,1,0,14.6,61.1,61.2,87.96
2024-02-13 10:00:00,10,1,2,0,1,1,18.9,57.5,81.2,122.75
2024-02-13 11:00:00,11,1,2,0,1,1,18.2,62.4,91.5,134.26
2024-02-13 12:00:00,12,1,2,0,1,1,19.0,66.3,88.8,128.05
2024-02-13 13:00:00,13,1,2,0,1,1,21.6,59.8,61.3,109.9
2024-02-13 14:00:00,14,1,2,0,1,1,21.4,58.4,89.4,134.34
2024-02-13 15:00:00,15,1,2,0,1,1,17.1,62.3,84.3,126.88
2024-02-13 16:00:00,16,1,2,0,1,1,22.0,60.3,90.7,127.84
2024-02-13 17:00:00,17,1,2,0,1,0,20.8,61.5,43.3,70.49
2024-02-13 18:00:00,18,1,2,0,1,0,15.8,75.1,43.4,82.15
2024-02-13 19:00:00,19,1,2,0,0,0,16.1,70.4,26.6,69.72
2024-02-13 20:00:00,20,1,2,0,0,0,14.6,71.4,5.0,50.63
2024-02-13 21:00:00,21,1,2,0,0,0,12.5,73.4,11.9,51.59
2024-02-13 22:00:00,22,1,2,0,0,0,9.5,66.9,7.9,57.2
2024-02-13 23:00:00,23,1,2,0,0,0,7.9,67.1,5.9,56.69
2024-02-14 00:00:00,0,2,2,0,0,0,8.2,67.3,10.2,57.47
2024-02-14 01:00:00,1,2,2,0,0,0,9.7,76.0,6.1,55.53
2024-02-14 02:00:00,2,2,2,0,0,0,8.3,69.5,9.8,61.94
2024-02-14 03:00:00,3,2,2,0,0,0,6.9,67.7,10.7,67.63
2024-02-14 04:00:00,4,2,2,0,0,0,9.6,69.1,10.3,58.7
2024-02-14 05:00:00,5,2,2,0,0,0,4.1,73.7,6.2,58.77
2024-02-14 06:00:00,6,2,2,0,0,0,12.6,69.8,7.2,51.73
2024-02-14 07:00:00,7,2,2,0,0,0,9.0,72.2,7.3,54.6
2024-02-14 08:00:00,8,2,2,0,1,0,13.2,64.9,59.7,92.36
2024-02-14 09:00:00,9,2,2,0,1,0,13.5,70.8,50.0,89.13
2024-02-14 10:00:00,10,2,2,0,1,1,14.7,64.7,86.8,131.54
2024-02-14 11:00:00,11,2,2,0,1,1,20.5,62.5,87.7,132.02
2024-02-14 12:00:00,12,2,2,0,1,1,18.6,67.2,88.0,122.15
2024-02-14 13:00:00,13,2,2,0,1,1,20.7,60.4,72.3,116.88
2024-02-14 14:00:00,14,2,2,0,1,1,20.2,61.1,83.8,126.18
2024-02-14 15:00:00,15,2,2,0,1,1,21.0,65.2,78.9,126.79
2024-02-14 16:00:00,16,2,2,0,1,1,19.6,60.3,86.3,124.6
2024-02-14 17:00:00,17,2,2,0,1,0,16.1,64.7,40.9,63.16
2024-02-14 18:00:00,18,2,2,0,1,0,18.9,66.5,31.4,68.23
2024-02-14 19:00:00,19,2,2,0,0,0,14.6,75.5,37.9,76.68
2024-02-14 20:00:00,20,2,2,0,0,0,11.0,72.2,5.2,50.75
2024-02-14 21:00:00,21,2,2,0,0,0,11.4,71.4,6.7,55.16
2024-02-14 22:00:00,22,2,2,0,0,0,13.3,70.3,11.3,63.11
2024-02-14 23:00:00,23,2,2,0,0,0,10.8,65.6,11.3,62.93
2024-02-15 00:00:00,0,3,2,0,0,0,7.7,72.6,8.6,60.46
2024-02-15 01:00:00,1,3,2,0,0,0,7.0,72.5,9.6,58.82
2024-02-15 02:00:00,2,3,2,0,0,0,6.9,74.0,10.8,58.45
2024-02-15 03:00:00,3,3,2,0,0,0,11.4,70.0,11.7,60.77
2024-02-15 04:00:00,4,3,2,0,0,0,9.0,72.7,7.9,56.75
2024-02-15 05:00:00,5,3,2,0,0,0,10.1,69.2,8.5,56.78
2024-02-15 06:00:00,6,3,2,0,0,0,12.6,68.9,7.3,49.47
2024-02-15 07:00:00,7,3,2,0,0,0,12.7,63.7,4.6,50.1
2024-02-15 08:00:00,8,3,2,0,1,0,13.5,66.8,57.7,93.43
2024-02-15 09:00:00,9,3,2,0,1,0,15.3,72.4,68.7,93.94
2024-02-15 10:00:00,10,3,2,0,1,1,17.1,66.8,92.1,125.87
2024-02-15 11:00:00,11,3,2,0,1,1,18.5,64.5,93.4,127.65
2024-02-15 12:00:00,12,3,2,0,1,1,20.9,70.5,80.8,120.82
2024-02-15 13:00:00,13,3,2,0,1,1,20.3,57.8,67.9,117.82
2024-02-15 14:00:00,14,3,2,0,1,1,21.8,57.8,76.8,121.42
2024-02-15 15:00:00,15,3,2,0,1,1,20.1,70.3,78.4,117.92
2024-02-15 16:00:00,16,3,2,0,1,1,19.7,63.9,90.3,125.33
2024-02-15 17:00:00,17,3,2,0,1,0,14.9,66.1,34.9,70.41
2024-02-15 18:00:00,18,3,2,0,1,0,18.8,59.5,40.2,79.28
2024-02-15 19:00:00,19,3,2,0,0,0,16.3,67.9,26.3,63.09
2024-02-15 20:00:00,20,3,2,0,0,0,15.7,68.7,7.3,49.93
2024-02-15 21:00:00,21,3,2,0,0,0,7.1,68.2,9.4,55.47
2024-02-15 22:00:00,22,3,2,0,0,0,14.5,66.8,5.1,46.0
2024-02-15 23:00:00,23,3,2,0,0,0,9.1,69.8,6.6,51.94
2024-02-16 00:00:00,0,4,2,0,0,0,10.4,71.2,4.5,56.58
2024-02-16 01:00:00,1,4,2,0,0,0,5.9,68.9,9.2,56.97
2024-02-16 02:00:00,2,4,2,0,0,0,8.7,76.4,11.8,54.27
2024-02-16 03:00:00,3,4,2,0,0,0,5.9,77.0,10.6,58.76
2024-02-16 04:00:00,4,4,2,0,0,0,7.3,70.9,11.8,62.25
2024-02-16 05:00:00,5,4,2,0,0,0,12.9,67.6,10.8,51.02
2024-02-16 06:00:00,6,4,2,0,0,0,10.5,69.6,10.8,61.19
2024-02-16 07:00:00,7,4,2,0,0,0,12.8,65.4,8.6,50.69
2024-02-16 08:00:00,8,4,2,0,1,0,15.6,64.8,60.5,90.29
2024-02-16 09:00:00,9,4,2,0,1,0,16.6,64.8,57.2,87.88
2024-02-16 10:00:00,10,4,2,0,1,1,17.6,71.6,92.3,130.72
2024-02-16 11:00:00,11,4,2,0,1,1,19.3,67.8,82.7,118.42
2024-02-16 12:00:00,12,4,2,0,1,1,24.0,64.4,80.8,121.13
2024-02-16 13:00:00,13,4,2,0,1,1,20.2,64.8,74.2,113.7
2024-02-16 14:00:00,14,4,2,0,1,1,20.9,58.4,75.1,111.43
2024-02-16 15:00:00,15,4,2,0,1,1,22.2,61.8,91.6,127.91
2024-02-16 16:00:00,16,4,2,0,1,1,21.7,66.2,87.4,128.88
2024-02-16 17:00:00,17,4,2,0,1,0,20.8,57.9,31.6,68.61
2024-02-16 18:00:00,18,4,2,0,1,0,18.5,67.1,39.0,76.22
2024-02-16 19:00:00,19,4,2,0,0,0,13.7,77.2,41.4,76.47
2024-02-16 20:00:00,20,4,2,0,0,0,17.0,69.8,6.0,49.55
2024-02-16 21:00:00,21,4,2,0,0,0,10.3,75.9,10.2,60.37
2024-02-16 22:00:00,22,4,2,0,0,0,11.4,70.4,10.4,58.8
2024-02-16 23:00:00,23,4,2,0,0,0,8.1,75.7,6.0,58.09
2024-02-17 00:00:00,0,5,2,1,0,0,8.5,68.7,3.2,55.27
2024-02-17 01:00:00,1,5,2,1,0,0,8.5,74.7,4.0,51.03
2024-02-17 02:00:00,2,5,2,1,0,0,8.3,74.3,4.0,57.16
2024-02-17 03:00:00,3,5,2,1,0,0,8.7,72.6,3.3,52.27
2024-02-17 04:00:00,4,5,2,1,0,0,11.5,74.7,6.6,57.42
2024-02-17 05:00:00,5,5,2,1,0,0,10.4,68.1,4.9,53.28
2024-02-17 06:00:00,6,5,2,1,0,0,10.5,69.4,7.4,56.55
2024-02-17 07:00:00,7,5,2,1,0,0,14.3,67.9,4.3,52.52
2024-02-17 08:00:00,8,5,2,1,0,0,16.3,62.0,5.3,54.42
2024-02-17 09:00:00,9,5,2,1,0,0,13.7,68.8,6.2,47.86
2024-02-17 10:00:00,10,5,2,1,0,0,18.5,57.7,20.5,57.72
2024-02-17 11:00:00,11,5,2,1,0,0,20.1,67.6,16.3,61.89
2024-02-17 12:00:00,12,5,2,1,0,0,19.3,64.2,14.5,59.58
2024-02-17 13:00:00,13,5,2,1,0,0,23.0,59.3,20.4,60.21
2024-02-17 14:00:00,14,5,2,1,0,0,20.4,59.9,13.7,59.03
2024-02-17 15:00:00,15,5,2,1,0,0,20.7,62.1,11.0,51.41
2024-02-17 16:00:00,16,5,2,1,0,0,19.5,66.6,15.3,69.46
2024-02-17 17:00:00,17,5,2,1,0,0,18.8,66.5,19.4,66.17
2024-02-17 18:00:00,18,5,2,1,0,0,15.5,63.8,10.4,57.48
2024-02-17 19:00:00,19,5,2,1,0,0,13.3,64.8,5.9,53.3
2024-02-17 20:00:00,20,5,2,1,0,0,17.1,68.2,6.0,50.34
2024-02-17 21:00:00,21,5,2,1,0,0,11.0,66.9,7.6,51.26
2024-02-17 22:00:00,22,5,2,1,0,0,9.2,71.3,4.4,53.49
2024-02-17 23:00:00,23,5,2,1,0,0,5.7,74.0,4.4,52.72
2024-02-18 00:00:00,0,6,2,1,0,0,7.6,73.4,5.2,52.66
2024-02-18 01:00:00,1,6,2,1,0,0,5.7,76.9,4.8,51.27
2024-02-18 02:00:00,2,6,2,1,0,0,10.8,64.9,6.7,55.66
2024-02-18 03:00:00,3,6,2,1,0,0,9.9,62.9,6.2,53.71
2024-02-18 04:00:00,4,6,2,1,0,0,7.5,70.0,6.8,58.26
2024-02-18 05:00:00,5,6,2,1,0,0,13.8,75.0,7.1,55.16
2024-02-18 06:00:00,6,6,2,1,0,0,12.8,76.6,7.6,55.29
2024-02-18 07:00:00,7,6,2,1,0,0,12.1,76.4,5.2,61.62
2024-02-18 08:00:00,8,6,2,1,0,0,9.8,69.9,7.9,58.91
2024-02-18 09:00:00,9,6,2,1,0,0,20.1,56.3,4.1,46.92
2024-02-18 10:00:00,10,6,2,1,0,0,15.1,57.6,18.6,62.86
2024-02-18 11:00:00,11,6,2,1,0,0,16.0,63.8,16.4,59.64
2024-02-18 12:00:00,12,6,2,1,0,0,21.8,61.4,19.8,57.96
2024-02-18 13:00:00,13,6,2,1,0,0,25.0,65.2,15.7,56.53
2024-02-18 14:00:00,14,6,2,1,0,0,23.3,64.7,19.4,63.42
2024-02-18 15:00:00,15,6,2,1,0,0,21.6,63.3,21.2,65.5
2024-02-18 16:00:00,16,6,2,1,0,0,21.0,59.2,18.8,58.19
2024-02-18 17:00:00,17,6,2,1,0,0,20.5,59.3,19.3,65.0
2024-02-18 18:00:00,18,6,2,1,0,0,18.9,65.3,10.8,56.69
2024-02-18 19:00:00,19,6,2,1,0,0,16.5,68.7,4.0,54.71
2024-02-18 20:00:00,20,6,2,1,0,0,14.5,68.9,7.9,57.42
2024-02-18 21:00:00,21,6,2,1,0,0,12.5,64.6,6.5,53.38
2024-02-18 22:00:00,22,6,2,1,0,0,9.7,73.3,5.8,59.94
2024-02-18 23:00:00,23,6,2,1,0,0,9.2,72.8,4.8,50.57
2024-02-19 00:00:00,0,0,2,0,0,0,5.8,69.2,4.4,63.08
2024-02-19 01:00:00,1,0,2,0,0,0,8.0,68.8,7.0,53.65
2024-02-19 02:00:00,2,0,2,0,0,0,6.2,75.9,8.0,57.99
2024-02-19 03:00:00,3,0,2,0,0,0,6.2,72.2,5.7,54.48
2024-02-19 04:00:00,4,0,2,0,0,0,9.2,77.4,5.4,53.43
2024-02-19 05:00:00,5,0,2,0,0,0,12.4,70.8,8.1,64.49
2024-02-19 06:00:00,6,0,2,0,0,0,12.9,66.5,8.7,53.84
2024-02-19 07:00:00,7,0,2,0,0,0,10.0,70.5,5.9,57.36
2024-02-19 08:00:00,8,0,2,0,1,0,12.7,68.9,62.6,94.7
2024-02-19 09:00:00,9,0,2,0,1,0,17.8,62.1,72.0,102.84
2024-02-19 10:00:00,10,0,2,0,1,1,15.9,62.7,87.1,127.25
2024-02-19 11:00:00,11,0,2,0,1,1,18.7,67.2,92.9,132.58
2024-02-19 12:00:00,12,0,2,0,1,1,21.1,66.1,93.9,135.89
2024-02-19 13:00:00,13,0,2,0,1,1,19.0,66.6,61.4,111.68
2024-02-19 14:00:00,14,0,2,0,1,1,21.2,68.7,76.6,126.6
2024-02-19 15:00:00,15,0,2,0,1,1,18.3,62.5,83.1,128.56
2024-02-19 16:00:00,16,0,2,0,1,1,19.0,70.9,85.0,122.79
2024-02-19 17:00:00,17,0,2,0,1,0,19.6,60.2,33.5,69.89
2024-02-19 18:00:00,18,0,2,0,1,0,14.8,63.1,31.5,71.12
2024-02-19 19:00:00,19,0,2,0,0,0,16.9,58.6,37.8,71.32
2024-02-19 20:00:00,20,0,2,0,0,0,14.4,65.6,4.0,56.86
2024-02-19 21:00:00,21,0,2,0,0,0,13.8,65.8,11.7,58.45
2024-02-19 22:00:00,22,0,2,0,0,0,11.6,71.5,5.9,53.59
2024-02-19 23:00:00,23,0,2,0,0,0,12.3,69.9,11.3,60.92
2024-02-20 00:00:00,0,1,2,0,0,0,9.2,66.3,4.9,51.93
2024-02-20 01:00:00,1,1,2,0,0,0,7.6,70.6,5.9,52.08
2024-02-20 02:00:00,2,1,2,0,0,0,8.3,70.2,5.9,55.03
2024-02-20 03:00:00,3,1,2,0,0,0,9.3,63.9,12.0,60.11
2024-02-20 04:00:00,4,1,2,0,0,0,9.1,67.2,4.0,55.29
2024-02-20 05:00:00,5,1,2,0,0,0,10.1,67.3,9.1,52.32
2024-02-20 06:00:00,6,1,2,0,0,0,10.1,76.2,11.0,57.05
2024-02-20 07:00:00,7,1,2,0,0,0,11.7,70.1,9.4,46.59
2024-02-20 08:00:00,8,1,2,0,1,0,12.1,71.7,55.9,87.27
2024-02-20 09:00:00,9,1,2,0,1,0,19.4,57.9,73.7,103.35
2024-02-20 10:00:00,10,1,2,0,1,1,15.6,71.4,93.4,138.48
2024-02-20 11:00:00,11,1,2,0,1,1,18.0,70.1,86.5,123.8
2024-02-20 12:00:00,12,1,2,0,1,1,18.9,56.3,88.6,131.19
2024-02-20 13:00:00,13,1,2,0,1,1,22.5,58.9,74.5,122.13
2024-02-20 14:00:00,14,1,2,0,1,1,20.6,65.1,91.7,134.02
2024-02-20 15:00:00,15,1,2,0,1,1,23.1,63.9,82.6,133.29
2024-02-20 16:00:00,16,1,2,0,1,1,19.0,61.5,89.4,133.04
2024-02-20 17:00:00,17,1,2,0,1,0,19.7,62.5,31.0,69.49
2024-02-20 18:00:00,18,1,2,0,1,0,16.3,63.7,32.4,66.71
2024-02-20 19:00:00,19,1,2,0,0,0,20.1,63.9,28.3,68.72
2024-02-20 20:00:00,20,1,2,0,0,0,12.5,73.5,5.7,59.93
2024-02-20 21:00:00,21,1,2,0,0,0,13.5,65.0,9.3,59.59
2024-02-20 22:00:00,22,1,2,0,0,0,12.5,72.8,8.1,55.64
2024-02-20 23:00:00,23,1,2,0,0,0,10.8,66.8,5.8,55.15
2024-02-21 00:00:00,0,2,2,0,0,0,8.8,67.9,7.2,54.02
2024-02-21 01:00:00,1,2,2,0,0,0,8.2,75.0,7.0,55.22
2024-02-21 02:00:00,2,2,2,0,0,0,8.3,75.4,11.9,60.64
2024-02-21 03:00:00,3,2,2,0,0,0,8.2,75.2,10.8,59.83
2024-02-21 04:00:00,4,2,2,0,0,0,10.9,64.6,7.1,58.35
2024-02-21 05:00:00,5,2,2,0,0,0,14.1,65.8,11.3,59.69
2024-02-21 06:00:00,6,2,2,0,0,0,10.5,73.4,6.7,56.68
2024-02-21 07:00:00,7,2,2,0,0,0,10.6,70.2,9.3,53.75
2024-02-21 08:00:00,8,2,2,0,1,0,14.6,63.0,74.0,98.66
2024-02-21 09:00:00,9,2,2,0,1,0,21.1,64.6,56.7,85.98
2024-02-21 10:00:00,10,2,2,0,1,1,16.5,63.1,90.2,132.71
2024-02-21 11:00:00,11,2,2,0,1,1,22.3,69.1,84.4,114.29
2024-02-21 12:00:00,12,2,2,0,1,1,23.4,67.3,84.0,119.64
2024-02-21 13:00:00,13,2,2,0,1,1,20.0,65.9,68.6,118.99
2024-02-21 14:00:00,14,2,2,0,1,1,22.3,67.3,91.6,134.99
2024-02-21 15:00:00,15,2,2,0,1,1,24.0,61.0,82.7,118.21
2024-02-21 16:00:00,16,2,2,0,1,1,19.7,66.8,90.9,125.68
2024-02-21 17:00:00,17,2,2,0,1,0,19.0,70.1,43.3,81.75
2024-02-21 18:00:00,18,2,2,0,1,0,16.9,66.7,30.1,70.65
2024-02-21 19:00:00,19,2,2,0,0,0,14.6,66.3,33.0,71.27
2024-02-21 20:00:00,20,2,2,0,0,0,13.6,61.2,9.1,53.38
2024-02-21 21:00:00,21,2,2,0,0,0,10.9,69.5,8.1,56.12
2024-02-21 22:00:00,22,2,2,0,0,0,11.6,72.7,4.8,52.07
2024-02-21 23:00:00,23,2,2,0,0,0,8.8,75.1,11.9,62.41
2024-02-22 00:00:00,0,3,2,0,0,0,9.7,72.7,10.0,61.92
2024-02-22 01:00:00,1,3,2,0,0,0,5.8,71.3,7.5,53.57
2024-02-22 02:00:00,2,3,2,0,0,0,9.0,63.3,8.9,53.53
2024-02-22 03:00:00,3,3,2,0,0,0,10.1,68.4,4.7,57.98
2024-02-22 04:00:00,4,3,2,0,0,0,5.7,72.3,8.0,58.93
2024-02-22 05:00:00,5,3,2,0,0,0,11.0,68.5,11.4,54.71
2024-02-22 06:00:00,6,3,2,0,0,0,13.8,70.3,11.2,59.85
2024-02-22 07:00:00,7,3,2,0,0,0,11.0,77.7,6.7,55.86
2024-02-22 08:00:00,8,3,2,0,1,0,17.9,65.5,60.9,98.9
2024-02-22 09:00:00,9,3,2,0,1,0,17.3,64.5,65.9,94.7
2024-02-22 10:00:00,10,3,2,0,1,1,16.9,64.6,85.1,125.7
2024-02-22 11:00:00,11,3,2,0,1,1,19.4,64.4,81.0,117.88
2024-02-22 12:00:00,12,3,2,0,1,1,21.5,59.1,87.6,131.64
2024-02-22 13:00:00,13,3,2,0,1,1,21.3,63.1,69.0,113.42
2024-02-22 14:00:00,14,3,2,0,1,1,22.4,63.6,75.1,125.6
2024-02-22 15:00:00,15,3,2,0,1,1,19.5,64.7,76.6,117.06
2024-02-22 16:00:00,16,3,2,0,1,1,20.8,64.8,78.5,122.49
2024-02-22 17:00:00,17,3,2,0,1,0,16.9,67.4,32.0,67.29
2024-02-22 18:00:00,18,3,2,0,1,0,17.9,57.9,35.8,71.85
2024-02-22 19:00:00,19,3,2,0,0,0,14.9,69.6,30.9,64.68
2024-02-22 20:00:00,20,3,2,0,0,0,13.6,65.3,6.2,50.19
2024-02-22 21:00:00,21,3,2,0,0,0,15.4,62.3,11.0,57.28
2024-02-22 22:00:00,22,3,2,0,0,0,13.6,63.6,5.2,52.25
2024-02-22 23:00:00,23,3,2,0,0,0,11.4,71.3,8.0,54.84
2024-02-23 00:00:00,0,4,2,0,0,0,7.4,71.4,11.6,57.87
2024-02-23 01:00:00,1,4,2,0,0,0,8.2,65.0,9.0,52.26
2024-02-23 02:00:00,2,4,2,0,0,0,10.7,71.9,9.7,57.78
2024-02-23 03:00:00,3,4,2,0,0,0,9.0,65.4,7.4,57.5
2024-02-23 04:00:00,4,4,2,0,0,0,13.6,68.5,4.2,48.5
2024-02-23 05:00:00,5,4,2,0,0,0,11.2,70.6,9.2,54.86
2024-02-23 06:00:00,6,4,2,0,0,0,12.1,72.6,9.1,60.96
2024-02-23 07:00:00,7,4,2,0,0,0,12.8,75.7,4.9,56.27
2024-02-23 08:00:00,8,4,2,0,1,0,15.3,61.3,58.9,85.66
2024-02-23 09:00:00,9,4,2,0,1,0,16.4,65.8,72.5,99.93
2024-02-23 10:00:00,10,4,2,0,1,1,19.6,62.7,83.1,128.24
2024-02-23 11:00:00,11,4,2,0,1,1,21.4,64.3,86.9,128.78
2024-02-23 12:00:00,12,4,2,0,1,1,19.3,64.9,86.9,122.33
2024-02-23 13:00:00,13,4,2,0,1,1,18.9,62.9,72.2,114.84
2024-02-23 14:00:00,14,4,2,0,1,1,18.2,63.0,89.0,132.99
2024-02-23 15:00:00,15,4,2,0,1,1,22.2,57.5,87.9,136.09
2024-02-23 16:00:00,16,4,2,0,1,1,18.7,68.4,81.2,122.84
2024-02-23 17:00:00,17,4,2,0,1,0,15.8,68.3,26.4,69.13
2024-02-23 18:00:00,18,4,2,0,1,0,19.0,67.9,32.0,75.82
2024-02-23 19:00:00,19,4,2,0,0,0,21.2,61.4,38.6,75.63
2024-02-23 20:00:00,20,4,2,0,0,0,15.0,64.4,9.6,53.62
2024-02-23 21:00:00,21,4,2,0,0,0,14.9,62.8,11.7,60.41
2024-02-23 22:00:00,22,4,2,0,0,0,11.9,70.6,7.6,61.55
2024-02-23 23:00:00,23,4,2,0,0,0,10.3,66.1,9.1,63.71
2024-02-24 00:00:00,0,5,2,1,0,0,11.2,77.1,5.7,52.71
2024-02-24 01:00:00,1,5,2,1,0,0,8.4,66.4,3.8,52.88
2024-02-24 02:00:00,2,5,2,1,0,0,9.2,72.2,5.3,51.26
2024-02-24 03:00:00,3,5,2,1,0,0,9.5,77.1,5.7,55.1
2024-02-24 04:00:00,4,5,2,1,0,0,8.4,74.0,7.8,53.46
2024-02-24 05:00:00,5,5,2,1,0,0,12.4,69.5,4.8,50.99
2024-02-24 06:00:00,6,5,2,1,0,0,11.6,65.5,7.9,57.62
2024-02-24 07:00:00,7,5,2,1,0,0,12.1,63.5,5.7,54.73
2024-02-24 08:00:00,8,5,2,1,0,0,16.2,69.2,4.2,45.23
2024-02-24 09:00:00,9,5,2,1,0,0,15.3,72.8,4.0,55.9
2024-02-24 10:00:00,10,5,2,1,0,0,18.5,62.8,11.7,52.95
2024-02-24 11:00:00,11,5,2,1,0,0,19.8,59.1,15.4,56.01
2024-02-24 12:00:00,12,5,2,1,0,0,22.8,51.7,10.3,51.45
2024-02-24 13:00:00,13,5,2,1,0,0,22.3,58.0,15.3,56.9
2024-02-24 14:00:00,14,5,2,1,0,0,21.6,61.9,21.9,60.9
2024-02-24 15:00:00,15,5,2,1,0,0,22.9,67.9,18.0,58.17
2024-02-24 16:00:00,16,5,2,1,0,0,23.3,63.9,19.1,53.87
2024-02-24 17:00:00,17,5,2,1,0,0,20.8,64.2,11.4,56.62
2024-02-24 18:00:00,18,5,2,1,0,0,18.5,62.9,15.7,60.05
2024-02-24 19:00:00,19,5,2,1,0,0,14.5,65.0,4.4,58.58
2024-02-24 20:00:00,20,5,2,1,0,0,13.3,73.8,7.5,55.8
2024-02-24 21:00:00,21,5,2,1,0,0,13.0,69.2,3.9,50.14
2024-02-24 22:00:00,22,5,2,1,0,0,10.8,61.5,5.3,49.96
2024-02-24 23:00:00,23,5,2,1,0,0,10.3,67.6,5.9,54.19
2024-02-25 00:00:00,0,6,2,1,0,0,9.8,67.2,5.6,55.94
2024-02-25 01:00:00,1,6,2,1,0,0,10.0,68.3,7.2,54.03
2024-02-25 02:00:00,2,6,2,1,0,0,8.7,73.7,4.2,54.12
2024-02-25 03:00:00,3,6,2,1,0,0,9.9,70.1,4.9,59.99
2024-02-25 04:00:00,4,6,2,1,0,0,9.8,70.3,7.0,54.35
2024-02-25 05:00:00,5,6,2,1,0,0,7.2,77.7,5.6,49.7
2024-02-25 06:00:00,6,6,2,1,0,0,10.4,67.4,5.0,56.55
2024-02-25 07:00:00,7,6,2,1,0,0,13.4,75.6,3.1,51.96
2024-02-25 08:00:00,8,6,2,1,0,0,13.2,65.6,6.8,48.3
2024-02-25 09:00:00,9,6,2,1,0,0,18.1,65.2,7.9,55.06
2024-02-25 10:00:00,10,6,2,1,0,0,21.3,61.5,17.4,57.33
2024-02-25 11:00:00,11,6,2,1,0,0,22.1,62.5,20.3,64.03
2024-02-25 12:00:00,12,6,2,1,0,0,20.6,64.9,16.2,65.77
2024-02-25 13:00:00,13,6,2,1,0,0,24.3,62.2,12.8,57.03
2024-02-25 14:00:00,14,6,2,1,0,0,22.1,59.0,10.2,58.81
2024-02-25 15:00:00,15,6,2,1,0,0,21.0,58.3,17.8,56.88
2024-02-25 16:00:00,16,6,2,1,0,0,19.9,73.6,15.9,54.59
2024-02-25 17:00:00,17,6,2,1,0,0,19.4,62.0,19.4,68.42
2024-02-25 18:00:00,18,6,2,1,0,0,17.9,67.8,18.3,62.16
2024-02-25 19:00:00,19,6,2,1,0,0,17.3,59.0,7.9,55.73
2024-02-25 20:00:00,20,6,2,1,0,0,15.6,65.5,5.6,55.72
2024-02-25 21:00:00,21,6,2,1,0,0,13.7,67.4,5.1,50.59
2024-02-25 22:00:00,22,6,2,1,0,0,12.9,70.4,4.4,54.78
2024-02-25 23:00:00,23,6,2,1,0,0,12.9,57.6,5.4,55.04
2024-02-26 00:00:00,0,0,2,0,0,0,11.6,70.0,11.0,53.57
2024-02-26 01:00:00,1,0,2,0,0,0,6.6,68.3,4.3,59.82
2024-02-26 02:00:00,2,0,2,0,0,0,4.4,75.7,11.8,66.36
2024-02-26 03:00:00,3,0,2,0,0,0,10.9,65.7,11.9,54.66
2024-02-26 04:00:00,4,0,2,0,0,0,7.4,68.9,8.8,58.82
2024-02-26 05:00:00,5,0,2,0,0,0,10.5,69.1,6.7,54.27
2024-02-26 06:00:00,6,0,2,0,0,0,10.1,66.2,5.8,59.05
2024-02-26 07:00:00,7,0,2,0,0,0,10.6,68.2,6.2,50.07
2024-02-26 08:00:00,8,0,2,0,1,0,16.5,61.2,46.5,93.01
2024-02-26 09:00:00,9,0,2,0,1,0,18.6,57.1,59.3,90.14
2024-02-26 10:00:00,10,0,2,0,1,1,17.7,69.2,80.9,127.35
2024-02-26 11:00:00,11,0,2,0,1,1,15.4,61.5,90.8,130.71
2024-02-26 12:00:00,12,0,2,0,1,1,20.1,62.7,85.6,129.03
2024-02-26 13:00:00,13,0,2,0,1,1,22.5,64.8,63.0,108.63
2024-02-26 14:00:00,14,0,2,0,1,1,19.3,61.5,84.3,120.96
2024-02-26 15:00:00,15,0,2,0,1,1,22.1,58.7,91.6,126.07
2024-02-26 16:00:00,16,0,2,0,1,1,21.1,63.6,86.8,129.88
2024-02-26 17:00:00,17,0,2,0,1,0,21.1,67.2,34.8,72.62
2024-02-26 18:00:00,18,0,2,0,1,0,19.0,59.5,40.5,75.53
2024-02-26 19:00:00,19,0,2,0,0,0,15.4,66.1,39.7,75.14
2024-02-26 20:00:00,20,0,2,0,0,0,17.7,58.2,11.1,57.84
2024-02-26 21:00:00,21,0,2,0,0,0,13.5,66.5,5.6,50.19
2024-02-26 22:00:00,22,0,2,0,0,0,12.2,69.1,10.9,56.53
2024-02-26 23:00:00,23,0,2,0,0,0,9.2,67.6,6.4,58.28
2024-02-27 00:00:00,0,1,2,0,0,0,9.2,69.2,11.5,60.16
2024-02-27 01:00:00,1,1,2,0,0,0,7.8,66.4,6.2,52.57
2024-02-27 02:00:00,2,1,2,0,0,0,8.9,71.6,11.4,59.38
2024-02-27 03:00:00,3,1,2,0,0,0,12.5,73.0,11.7,59.16
2024-02-27 04:00:00,4,1,2,0,0,0,7.6,67.8,5.2,58.39
2024-02-27 05:00:00,5,1,2,0,0,0,8.2,69.3,11.8,57.72
2024-02-27 06:00:00,6,1,2,0,0,0,15.1,68.9,4.7,49.6
2024-02-27 07:00:00,7,1,2,0,0,0,13.6,72.8,5.7,50.55
2024-02-27 08:00:00,8,1,2,0,1,0,14.5,61.4,58.3,88.41
2024-02-27 09:00:00,9,1,2,0,1,0,19.2,63.4,74.8,103.15
2024-02-27 10:00:00,10,1,2,0,1,1,17.8,66.2,87.3,126.1
2024-02-27 11:00:00,11,1,2,0,1,1,23.5,60.6,88.3,125.6
2024-02-27 12:00:00,12,1,2,0,1,1,22.5,51.8,90.4,130.79
2024-02-27 13:00:00,13,1,2,0,1,1,21.1,64.7,74.5,112.97
2024-02-27 14:00:00,14,1,2,0,1,1,26.0,65.4,88.3,131.82
2024-02-27 15:00:00,15,1,2,0,1,1,20.9,63.3,78.8,116.58
2024-02-27 16:00:00,16,1,2,0,1,1,22.6,57.6,80.2,124.33
2024-02-27 17:00:00,17,1,2,0,1,0,20.8,60.9,27.0,63.33
2024-02-27 18:00:00,18,1,2,0,1,0,21.3,69.7,37.9,74.66
2024-02-27 19:00:00,19,1,2,0,0,0,20.2,67.0,28.6,64.77
2024-02-27 20:00:00,20,1,2,0,0,0,15.7,69.1,6.1,53.93
2024-02-27 21:00:00,21,1,2,0,0,0,12.6,70.1,11.1,55.89
2024-02-27 22:00:00,22,1,2,0,0,0,13.2,65.6,6.6,51.96
2024-02-27 23:00:00,23,1,2,0,0,0,9.8,69.8,8.5,51.82
2024-02-28 00:00:00,0,2,2,0,0,0,13.8,67.5,7.2,57.06
2024-02-28 01:00:00,1,2,2,0,0,0,9.8,72.8,4.6,52.9
2024-02-28 02:00:00,2,2,2,0,0,0,8.7,77.4,6.9,56.32
2024-02-28 03:00:00,3,2,2,0,0,0,9.9,75.0,7.3,53.41
2024-02-28 04:00:00,4,2,2,0,0,0,7.8,66.4,11.2,54.6
2024-02-28 05:00:00,5,2,2,0,0,0,9.5,71.7,6.6,53.72
2024-02-28 06:00:00,6,2,2,0,0,0,14.7,70.2,7.0,52.0
2024-02-28 07:00:00,7,2,2,0,0,0,13.0,70.9,10.3,57.39
2024-02-28 08:00:00,8,2,2,0,1,0,13.9,65.3,67.8,96.87
2024-02-28 09:00:00,9,2,2,0,1,0,18.5,76.2,68.9,95.31
2024-02-28 10:00:00,10,2,2,0,1,1,21.2,57.6,94.3,125.76
2024-02-28 11:00:00,11,2,2,0,1,1,21.7,58.0,91.9,125.76
2024-02-28 12:00:00,12,2,2,0,1,1,23.2,62.2,86.1,126.8
2024-02-28 13:00:00,13,2,2,0,1,1,20.7,71.5,72.3,123.42
2024-02-28 14:00:00,14,2,2,0,1,1,19.8,60.3,83.6,121.63
2024-02-28 15:00:00,15,2,2,0,1,1,24.8,59.1,79.7,129.93
2024-02-28 16:00:00,16,2,2,0,1,1,20.9,67.2,80.1,121.94
2024-02-28 17:00:00,17,2,2,0,1,0,20.0,63.4,29.5,69.88
2024-02-28 18:00:00,18,2,2,0,1,0,21.5,61.1,27.9,65.24
2024-02-28 19:00:00,19,2,2,0,0,0,18.5,66.8,28.7,64.89
2024-02-28 20:00:00,20,2,2,0,0,0,16.6,67.0,4.5,51.29
2024-02-28 21:00:00,21,2,2,0,0,0,18.0,69.0,11.1,57.82
2024-02-28 22:00:00,22,2,2,0,0,0,11.4,74.7,11.4,51.9
2024-02-28 23:00:00,23,2,2,0,0,0,12.9,69.7,8.7,53.73
2024-02-29 00:00:00,0,3,2,0,0,0,10.5,71.3,10.7,63.96
2024-02-29 01:00:00,1,3,2,0,0,0,10.2,71.2,5.5,55.77
2024-02-29 02:00:00,2,3,2,0,0,0,12.2,70.9,11.2,62.47
2024-02-29 03:00:00,3,3,2,0,0,0,10.6,70.3,8.1,54.0
2024-02-29 04:00:00,4,3,2,0,0,0,11.3,69.6,4.5,51.49
2024-02-29 05:00:00,5,3,2,0,0,0,13.3,73.0,5.1,55.56
2024-02-29 06:00:00,6,3,2,0,0,0,12.1,75.1,6.5,56.08
2024-02-29 07:00:00,7,3,2,0,0,0,12.8,62.5,4.3,51.81
2024-02-29 08:00:00,8,3,2,0,1,0,14.1,67.7,54.3,83.91
2024-02-29 09:00:00,9,3,2,0,1,0,14.1,64.9,46.8,86.19
2024-02-29 10:00:00,10,3,2,0,1,1,22.9,60.2,83.5,132.39
2024-02-29 11:00:00,11,3,2,0,1,1,18.6,66.1,84.0,115.94
2024-02-29 12:00:00,12,3,2,0,1,1,21.2,65.3,94.9,139.17
2024-02-29 13:00:00,13,3,2,0,1,1,21.8,61.8,63.5,108.76
2024-02-29 14:00:00,14,3,2,0,1,1,23.0,53.7,79.1,114.1
2024-02-29 15:00:00,15,3,2,0,1,1,23.7,57.0,86.7,130.22
2024-02-29 16:00:00,16,3,2,0,1,1,23.2,64.8,89.6,120.92
2024-02-29 17:00:00,17,3,2,0,1,0,19.5,52.9,32.7,71.43
2024-02-29 18:00:00,18,3,2,0,1,0,18.9,69.0,42.5,73.44
2024-02-29 19:00:00,19,3,2,0,0,0,18.2,66.8,31.8,72.42
2024-02-29 20:00:00,20,3,2,0,0,0,15.5,71.9,5.6,59.18
2024-02-29 21:00:00,21,3,2,0,0,0,17.2,64.7,6.6,50.71
2024-02-29 22:00:00,22,3,2,0,0,0,13.6,59.7,8.9,54.58
2024-02-29 23:00:00,23,3,2,0,0,0,12.7,70.3,6.9,53.71
2024-03-01 00:00:00,0,4,3,0,0,0,11.7,74.4,9.4,59.61
2024-03-01 01:00:00,1,4,3,0,0,0,12.0,72.8,5.9,54.98
2024-03-01 02:00:00,2,4,3,0,0,0,10.0,67.8,9.6,60.43
2024-03-01 03:00:00,3,4,3,0,0,0,7.6,72.5,6.8,54.88
2024-03-01 04:00:00,4,4,3,0,0,0,11.3,67.5,7.6,56.69
2024-03-01 05:00:00,5,4,3,0,0,0,10.4,66.9,8.5,45.66
2024-03-01 06:00:00,6,4,3,0,0,0,12.0,72.9,9.5,58.52
2024-03-01 07:00:00,7,4,3,0,0,0,15.5,61.9,5.9,48.35
2024-03-01 08:00:00,8,4,3,0,1,0,18.4,61.0,70.1,97.42
2024-03-01 09:00:00,9,4,3,0,1,0,17.9,60.6,66.7,98.41
2024-03-01 10:00:00,10,4,3,0,1,1,20.0,57.5,83.5,114.07
2024-03-01 11:00:00,11,4,3,0,1,1,23.8,61.4,94.6,141.26
2024-03-01 12:00:00,12,4,3,0,1,1,22.2,66.6,90.0,123.12
2024-03-01 13:00:00,13,4,3,0,1,1,27.1,57.8,66.8,132.88
2024-03-01 14:00:00,14,4,3,0,1,1,23.7,54.9,77.7,120.27
2024-03-01 15:00:00,15,4,3,0,1,1,19.3,67.3,84.1,117.26
2024-03-01 16:00:00,16,4,3,0,1,1,23.1,68.1,77.8,114.15
2024-03-01 17:00:00,17,4,3,0,1,0,21.4,59.9,33.6,74.07
2024-03-01 18:00:00,18,4,3,0,1,0,21.7,60.4,33.2,74.05
2024-03-01 19:00:00,19,4,3,0,0,0,19.1,66.2,39.4,72.73
2024-03-01 20:00:00,20,4,3,0,0,0,15.9,72.9,5.5,46.76
2024-03-01 21:00:00,21,4,3,0,0,0,12.3,66.8,10.6,56.05
2024-03-01 22:00:00,22,4,3,0,0,0,12.5,63.4,6.6,55.62
2024-03-01 23:00:00,23,4,3,0,0,0,10.0,73.0,7.6,57.43
2024-03-02 00:00:00,0,5,3,1,0,0,9.7,73.9,6.9,60.58
2024-03-02 01:00:00,1,5,3,1,0,0,11.1,69.8,6.1,53.07
2024-03-02 02:00:00,2,5,3,1,0,0,12.8,66.3,4.5,46.36
2024-03-02 03:00:00,3,5,3,1,0,0,10.8,73.9,4.9,57.32
2024-03-02 04:00:00,4,5,3,1,0,0,8.6,73.6,4.5,54.83
2024-03-02 05:00:00,5,5,3,1,0,0,12.5,65.7,6.0,54.42
2024-03-02 06:00:00,6,5,3,1,0,0,15.2,67.1,4.7,53.84
2024-03-02 07:00:00,7,5,3,1,0,0,13.6,62.6,6.6,57.47
2024-03-02 08:00:00,8,5,3,1,0,0,16.1,69.0,5.9,52.17
2024-03-02 09:00:00,9,5,3,1,0,0,18.0,63.9,3.7,54.43
2024-03-02 10:00:00,10,5,3,1,0,0,18.2,63.0,13.7,59.63
2024-03-02 11:00:00,11,5,3,1,0,0,22.1,61.9,12.7,55.05
2024-03-02 12:00:00,12,5,3,1,0,0,21.7,62.5,14.7,57.84
2024-03-02 13:00:00,13,5,3,1,0,0,23.4,64.7,16.2,61.64
2024-03-02 14:00:00,14,5,3,1,0,0,21.2,65.0,16.1,57.32
2024-03-02 15:00:00,15,5,3,1,0,0,21.8,61.6,19.1,64.59
2024-03-02 16:00:00,16,5,3,1,0,0,23.3,64.2,12.3,57.36
2024-03-02 17:00:00,17,5,3,1,0,0,20.3,64.9,21.4,64.63
2024-03-02 18:00:00,18,5,3,1,0,0,22.7,59.9,14.1,62.76
2024-03-02 19:00:00,19,5,3,1,0,0,17.3,64.9,4.5,52.38
2024-03-02 20:00:00,20,5,3,1,0,0,16.7,65.2,6.4,52.84
2024-03-02 21:00:00,21,5,3,1,0,0,16.3,68.1,7.0,52.78
2024-03-02 22:00:00,22,5,3,1,0,0,10.5,68.7,4.9,53.2
2024-03-02 23:00:00,23,5,3,1,0,0,8.6,69.9,6.7,56.93
2024-03-03 00:00:00,0,6,3,1,0,0,8.1,79.7,7.4,61.09
2024-03-03 01:00:00,1,6,3,1,0,0,12.5,72.5,6.8,52.15
2024-03-03 02:00:00,2,6,3,1,0,0,9.0,68.2,3.2,50.81
2024-03-03 03:00:00,3,6,3,1,0,0,14.8,69.4,7.1,57.32
2024-03-03 04:00:00,4,6,3,1,0,0,9.9,71.0,6.9,53.64
2024-03-03 05:00:00,5,6,3,1,0,0,12.2,70.5,6.3,54.58
2024-03-03 06:00:00,6,6,3,1,0,0,16.0,66.8,6.8,51.0
2024-03-03 07:00:00,7,6,3,1,0,0,18.4,69.4,7.9,48.31
2024-03-03 08:00:00,8,6,3,1,0,0,20.2,64.7,5.2,52.38
2024-03-03 09:00:00,9,6,3,1,0,0,20.4,63.0,3.3,53.94
2024-03-03 10:00:00,10,6,3,1,0,0,21.6,66.5,15.5,58.96
2024-03-03 11:00:00,11,6,3,1,0,0,22.2,62.9,10.6,50.89
2024-03-03 12:00:00,12,6,3,1,0,0,23.5,61.5,13.5,58.07
2024-03-03 13:00:00,13,6,3,1,0,0,21.8,63.5,17.0,57.82
2024-03-03 14:00:00,14,6,3,1,0,0,21.5,62.1,13.7,49.48
2024-03-03 15:00:00,15,6,3,1,0,0,22.8,61.6,18.2,60.85
2024-03-03 16:00:00,16,6,3,1,0,0,21.8,59.9,19.9,63.98
2024-03-03 17:00:00,17,6,3,1,0,0,20.3,60.3,15.0,62.57
2024-03-03 18:00:00,18,6,3,1,0,0,21.0,58.8,20.8,68.6
2024-03-03 19:00:00,19,6,3,1,0,0,19.9,58.0,3.4,52.53
2024-03-03 20:00:00,20,6,3,1,0,0,16.7,62.3,7.2,56.17
2024-03-03 21:00:00,21,6,3,1,0,0,17.5,64.6,7.1,49.0
2024-03-03 22:00:00,22,6,3,1,0,0,11.2,70.1,4.6,58.27
2024-03-03 23:00:00,23,6,3,1,0,0,11.6,68.3,4.5,56.87
2024-03-04 00:00:00,0,0,3,0,0,0,9.8,61.2,6.4,53.94
2024-03-04 01:00:00,1,0,3,0,0,0,7.1,78.8,10.5,61.87
2024-03-04 02:00:00,2,0,3,0,0,0,10.0,74.8,10.7,60.19
2024-03-04 03:00:00,3,0,3,0,0,0,10.2,72.1,6.6,59.78
2024-03-04 04:00:00,4,0,3,0,0,0,13.8,75.5,8.7,54.39
2024-03-04 05:00:00,5,0,3,0,0,0,13.2,64.4,5.1,50.13
2024-03-04 06:00:00,6,0,3,0,0,0,11.6,76.9,7.8,53.74
2024-03-04 07:00:00,7,0,3,0,0,0,18.3,60.8,12.0,59.51
2024-03-04 08:00:00,8,0,3,0,1,0,18.9,65.2,49.8,77.71
2024-03-04 09:00:00,9,0,3,0,1,0,19.4,58.8,73.4,91.26
2024-03-04 10:00:00,10,0,3,0,1,1,19.5,63.9,92.4,132.9
2024-03-04 11:00:00,11,0,3,0,1,1,19.6,65.3,94.6,127.09
2024-03-04 12:00:00,12,0,3,0,1,1,21.7,61.7,82.7,125.17
2024-03-04 13:00:00,13,0,3,0,1,1,24.9,62.9,63.2,109.89
2024-03-04 14:00:00,14,0,3,0,1,1,26.6,59.3,75.3,123.13
2024-03-04 15:00:00,15,0,3,0,1,1,25.7,57.4,87.3,133.55
2024-03-04 16:00:00,16,0,3,0,1,1,21.4,60.3,85.9,124.89
2024-03-04 17:00:00,17,0,3,0,1,0,19.3,67.2,28.6,66.72
2024-03-04 18:00:00,18,0,3,0,1,0,20.2,60.7,40.8,80.26
2024-03-04 19:00:00,19,0,3,0,0,0,15.2,70.5,31.0,67.27
2024-03-04 20:00:00,20,0,3,0,0,0,17.3,70.3,5.1,50.01
2024-03-04 21:00:00,21,0,3,0,0,0,14.7,60.5,7.4,55.73
2024-03-04 22:00:00,22,0,3,0,0,0,12.6,73.2,4.7,51.3
2024-03-04 23:00:00,23,0,3,0,0,0,9.2,79.3,6.1,54.13
2024-03-05 00:00:00,0,1,3,0,0,0,12.2,70.0,7.0,52.35
2024-03-05 01:00:00,1,1,3,0,0,0,9.6,73.2,10.8,55.96
2024-03-05 02:00:00,2,1,3,0,0,0,8.3,75.8,10.3,60.04
2024-03-05 03:00:00,3,1,3,0,0,0,5.4,72.6,7.5,59.69
2024-03-05 04:00:00,4,1,3,0,0,0,11.2,70.4,9.8,57.74
2024-03-05 05:00:00,5,1,3,0,0,0,15.5,61.4,8.5,52.15
2024-03-05 06:00:00,6,1,3,0,0,0,16.6,66.4,6.7,52.18
2024-03-05 07:00:00,7,1,3,0,0,0,14.4,69.4,9.8,60.47
2024-03-05 08:00:00,8,1,3,0,1,0,15.8,68.5,65.5,90.61
2024-03-05 09:00:00,9,1,3,0,1,0,19.4,68.2,63.6,99.83
2024-03-05 10:00:00,10,1,3,0,1,1,18.3,61.6,89.3,129.73
2024-03-05 11:00:00,11,1,3,0,1,1,22.0,60.0,90.2,130.43
2024-03-05 12:00:00,12,1,3,0,1,1,23.9,68.4,85.8,130.57
2024-03-05 13:00:00,13,1,3,0,1,1,25.4,59.1,73.0,118.9
2024-03-05 14:00:00,14,1,3,0,1,1,23.2,62.1,77.8,121.06
2024-03-05 15:00:00,15,1,3,0,1,1,22.8,61.3,90.0,136.39
2024-03-05 16:00:00,16,1,3,0,1,1,20.9,59.6,80.8,120.87
2024-03-05 17:00:00,17,1,3,0,1,0,20.0,70.0,27.5,61.07
2024-03-05 18:00:00,18,1,3,0,1,0,19.7,61.6,37.0,77.09
2024-03-05 19:00:00,19,1,3,0,0,0,19.2,59.6,32.5,76.67
2024-03-05 20:00:00,20,1,3,0,0,0,18.5,62.7,10.5,60.5
2024-03-05 21:00:00,21,1,3,0,0,0,13.7,59.9,7.4,49.46
2024-03-05 22:00:00,22,1,3,0,0,0,16.3,63.5,9.3,57.95
2024-03-05 23:00:00,23,1,3,0,0,0,11.8,65.4,6.5,59.97
2024-03-06 00:00:00,0,2,3,0,0,0,11.4,72.0,5.7,53.91
2024-03-06 01:00:00,1,2,3,0,0,0,9.4,68.2,7.1,51.21
2024-03-06 02:00:00,2,2,3,0,0,0,6.2,76.7,8.9,61.52
2024-03-06 03:00:00,3,2,3,0,0,0,12.4,74.4,9.3,59.4
2024-03-06 04:00:00,4,2,3,0,0,0,12.8,71.7,8.6,54.86
2024-03-06 05:00:00,5,2,3,0,0,0,12.0,68.2,11.9,54.37
2024-03-06 06:00:00,6,2,3,0,0,0,13.9,68.3,9.5,58.55
2024-03-06 07:00:00,7,2,3,0,0,0,16.3,60.0,11.5,53.82
2024-03-06 08:00:00,8,2,3,0,1,0,14.2,67.0,48.5,84.91
2024-03-06 09:00:00,9,2,3,0,1,0,17.8,61.6,46.8,86.68
2024-03-06 10:00:00,10,2,3,0,1,1,21.7,65.1,84.7,118.46
2024-03-06 11:00:00,11,2,3,0,1,1,19.4,74.2,82.0,129.89
2024-03-06 12:00:00,12,2,3,0,1,1,23.2,63.3,87.9,125.69
2024-03-06 13:00:00,13,2,3,0,1,1,20.9,54.9,67.8,117.35
2024-03-06 14:00:00,14,2,3,0,1,1,24.4,59.0,84.8,133.7
2024-03-06 15:00:00,15,2,3,0,1,1,23.3,61.7,87.7,128.04
2024-03-06 16:00:00,16,2,3,0,1,1,19.8,64.0,91.5,128.12
2024-03-06 17:00:00,17,2,3,0,1,0,23.8,57.9,42.6,72.96
2024-03-06 18:00:00,18,2,3,0,1,0,19.0,65.2,27.4,71.67
2024-03-06 19:00:00,19,2,3,0,0,0,17.3,60.4,31.8,69.71
2024-03-06 20:00:00,20,2,3,0,0,0,17.4,61.5,6.0,54.14
2024-03-06 21:00:00,21,2,3,0,0,0,17.4,67.9,5.4,50.34
2024-03-06 22:00:00,22,2,3,0,0,0,12.0,65.0,8.4,51.84
2024-03-06 23:00:00,23,2,3,0,0,0,12.6,70.8,8.4,57.34
2024-03-07 00:00:00,0,3,3,0,0,0,12.4,63.3,5.8,54.47
2024-03-07 01:00:00,1,3,3,0,0,0,12.2,76.0,9.7,55.67
2024-03-07 02:00:00,2,3,3,0,0,0,11.1,66.6,9.9,58.11
2024-03-07 03:00:00,3,3,3,0,0,0,10.3,69.4,4.2,50.12
2024-03-07 04:00:00,4,3,3,0,0,0,10.1,71.8,7.2,58.98
2024-03-07 05:00:00,5,3,3,0,0,0,12.8,66.3,11.1,61.29
2024-03-07 06:00:00,6,3,3,0,0,0,12.1,69.6,8.2,57.78
2024-03-07 07:00:00,7,3,3,0,0,0,10.3,72.6,6.8,53.99
2024-03-07 08:00:00,8,3,3,0,1,0,18.0,68.7,52.6,86.06
2024-03-07 09:00:00,9,3,3,0,1,0,20.6,66.2,52.3,90.68
2024-03-07 10:00:00,10,3,3,0,1,1,16.2,65.5,81.5,123.83
2024-03-07 11:00:00,11,3,3,0,1,1,20.0,62.9,92.3,133.98
2024-03-07 12:00:00,12,3,3,0,1,1,24.0,70.1,81.3,120.89
2024-03-07 13:00:00,13,3,3,0,1,1,27.2,62.3,64.4,118.63
2024-03-07 14:00:00,14,3,3,0,1,1,23.8,57.2,75.8,113.96
2024-03-07 15:00:00,15,3,3,0,1,1,22.2,62.4,88.3,130.43
2024-03-07 16:00:00,16,3,3,0,1,1,22.5,60.4,75.7,113.24
2024-03-07 17:00:00,17,3,3,0,1,0,24.3,59.9,31.2,69.69
2024-03-07 18:00:00,18,3,3,0,1,0,19.3,59.1,36.5,78.34
2024-03-07 19:00:00,19,3,3,0,0,0,17.5,63.6,33.2,71.61
2024-03-07 20:00:00,20,3,3,0,0,0,16.4,73.3,6.3,48.65
2024-03-07 21:00:00,21,3,3,0,0,0,13.8,70.2,6.2,49.52
2024-03-07 22:00:00,22,3,3,0,0,0,14.2,57.6,10.4,56.7
2024-03-07 23:00:00,23,3,3,0,0,0,15.6,71.4,11.8,66.1
2024-03-08 00:00:00,0,4,3,0,0,0,12.4,73.2,6.8,51.04
2024-03-08 01:00:00,1,4,3,0,0,0,10.7,68.6,4.3,52.08
2024-03-08 02:00:00,2,4,3,0,0,0,10.4,73.1,4.3,60.92
2024-03-08 03:00:00,3,4,3,0,0,0,8.3,68.3,10.1,57.2
2024-03-08 04:00:00,4,4,3,0,0,0,13.4,66.2,8.4,56.31
2024-03-08 05:00:00,5,4,3,0,0,0,12.7,74.6,10.3,62.62
2024-03-08 06:00:00,6,4,3,0,0,0,13.9,66.7,9.6,52.43
2024-03-08 07:00:00,7,4,3,0,0,0,21.5,55.0,11.3,55.15
2024-03-08 08:00:00,8,4,3,0,1,0,18.0,64.6,71.6,98.0
2024-03-08 09:00:00,9,4,3,0,1,0,17.8,64.7,68.6,92.53
2024-03-08 10:00:00,10,4,3,0,1,1,19.9,68.4,87.1,130.26
2024-03-08 11:00:00,11,4,3,0,1,1,24.1,60.7,84.6,121.36
2024-03-08 12:00:00,12,4,3,0,1,1,23.3,59.5,87.6,128.24
2024-03-08 13:00:00,13,4,3,0,1,1,21.1,66.9,67.5,108.03
2024-03-08 14:00:00,14,4,3,0,1,1,25.6,60.1,85.4,133.91
2024-03-08 15:00:00,15,4,3,0,1,1,22.5,58.7,78.2,117.0
2024-03-08 16:00:00,16,4,3,0,1,1,26.4,63.6,86.1,138.28
2024-03-08 17:00:00,17,4,3,0,1,0,24.0,61.5,34.1,73.86
2024-03-08 18:00:00,18,4,3,0,1,0,19.9,63.6,37.4,77.53
2024-03-08 19:00:00,19,4,3,0,0,0,21.4,63.2,29.8,69.38
2024-03-08 20:00:00,20,4,3,0,0,0,17.6,60.9,7.5,52.65
2024-03-08 21:00:00,21,4,3,0,0,0,17.3,63.3,5.7,55.35
2024-03-08 22:00:00,22,4,3,0,0,0,15.1,66.9,11.0,55.35
2024-03-08 23:00:00,23,4,3,0,0,0,11.3,68.8,7.9,60.67
2024-03-09 00:00:00,0,5,3,1,0,0,10.8,75.0,4.1,50.46
2024-03-09 01:00:00,1,5,3,1,0,0,13.2,69.1,3.2,48.62
2024-03-09 02:00:00,2,5,3,1,0,0,10.5,73.6,6.4,51.89
2024-03-09 03:00:00,3,5,3,1,0,0,10.6,70.1,4.1,52.21
2024-03-09 04:00:00,4,5,3,1,0,0,10.3,74.5,7.9,56.03
2024-03-09 05:00:00,5,5,3,1,0,0,13.8,69.4,5.7,48.43
2024-03-09 06:00:00,6,5,3,1,0,0,18.1,64.9,4.4,51.48
2024-03-09 07:00:00,7,5,3,1,0,0,14.0,67.6,6.3,54.83
2024-03-09 08:00:00,8,5,3,1,0,0,17.7,61.3,4.4,46.48
2024-03-09 09:00:00,9,5,3,1,0,0,21.8,64.3,7.1,51.44
2024-03-09 10:00:00,10,5,3,1,0,0,20.7,62.8,13.7,59.68
2024-03-09 11:00:00,11,5,3,1,0,0,23.0,59.4,21.9,60.28
2024-03-09 12:00:00,12,5,3,1,0,0,21.3,67.0,17.3,59.44
2024-03-09 13:00:00,13,5,3,1,0,0,24.7,55.2,20.1,67.15
2024-03-09 14:00:00,14,5,3,1,0,0,23.8,59.2,10.9,61.59
2024-03-09 15:00:00,15,5,3,1,0,0,25.7,63.6,14.2,63.02
2024-03-09 16:00:00,16,5,3,1,0,0,25.4,61.0,18.8,63.81
2024-03-09 17:00:00,17,5,3,1,0,0,26.9,58.5,17.9,66.2
2024-03-09 18:00:00,18,5,3,1,0,0,21.9,63.2,12.3,59.77
2024-03-09 19:00:00,19,5,3,1,0,0,19.9,64.3,4.8,55.08
2024-03-09 20:00:00,20,5,3,1,0,0,18.0,58.8,4.3,47.4
2024-03-09 21:00:00,21,5,3,1,0,0,15.3,65.4,6.1,55.31
2024-03-09 22:00:00,22,5,3,1,0,0,15.0,73.5,4.7,49.44
2024-03-09 23:00:00,23,5,3,1,0,0,12.5,66.1,4.5,49.65
2024-03-10 00:00:00,0,6,3,1,0,0,12.5,67.5,4.0,51.54
2024-03-10 01:00:00,1,6,3,1,0,0,13.9,65.6,5.0,55.29
2024-03-10 02:00:00,2,6,3,1,0,0,9.5,70.5,4.0,54.4
2024-03-10 03:00:00,3,6,3,1,0,0,13.6,65.6,7.8,55.21
2024-03-10 04:00:00,4,6,3,1,0,0,14.6,69.2,3.8,52.05
2024-03-10 05:00:00,5,6,3,1,0,0,13.0,69.2,7.6,55.96
2024-03-10 06:00:00,6,6,3,1,0,0,10.8,73.0,5.1,53.28
2024-03-10 07:00:00,7,6,3,1,0,0,15.0,62.8,4.9,53.55
2024-03-10 08:00:00,8,6,3,1,0,0,20.2,62.0,4.2,48.91
2024-03-10 09:00:00,9,6,3,1,0,0,19.5,62.9,6.2,54.55
2024-03-10 10:00:00,10,6,3,1,0,0,19.3,65.8,18.2,63.85
2024-03-10 11:00:00,11,6,3,1,0,0,21.5,59.3,15.6,61.47
2024-03-10 12:00:00,12,6,3,1,0,0,25.0,63.7,10.7,59.78
2024-03-10 13:00:00,13,6,3,1,0,0,25.1,64.7,21.0,66.74
2024-03-10 14:00:00,14,6,3,1,0,0,23.9,56.8,21.8,67.45
2024-03-10 15:00:00,15,6,3,1,0,0,23.4,59.2,15.2,51.67
2024-03-10 16:00:00,16,6,3,1,0,0,22.7,59.5,17.4,63.26
2024-03-10 17:00:00,17,6,3,1,0,0,20.8,73.5,15.4,65.41
2024-03-10 18:00:00,18,6,3,1,0,0,24.0,59.0,13.9,56.02
2024-03-10 19:00:00,19,6,3,1,0,0,18.9,71.0,3.4,48.1
2024-03-10 20:00:00,20,6,3,1,0,0,20.0,58.4,5.3,55.93
2024-03-10 21:00:00,21,6,3,1,0,0,18.9,60.3,7.1,50.15
2024-03-10 22:00:00,22,6,3,1,0,0,16.4,63.3,3.1,48.1
2024-03-10 23:00:00,23,6,3,1,0,0,12.4,65.4,5.9,54.03
2024-03-11 00:00:00,0,0,3,0,0,0,13.1,67.3,11.0,54.37
2024-03-11 01:00:00,1,0,3,0,0,0,11.7,66.5,5.7,56.47
2024-03-11 02:00:00,2,0,3,0,0,0,9.9,67.3,5.5,51.85
2024-03-11 03:00:00,3,0,3,0,0,0,12.3,73.5,10.2,57.9
2024-03-11 04:00:00,4,0,3,0,0,0,10.3,75.2,6.0,55.48
2024-03-11 05:00:00,5,0,3,0,0,0,15.6,70.4,5.5,57.28
2024-03-11 06:00:00,6,0,3,0,0,0,13.9,69.9,7.0,57.31
2024-03-11 07:00:00,7,0,3,0,0,0,16.7,66.2,7.1,51.42
2024-03-11 08:00:00,8,0,3,0,1,0,18.5,62.6,71.2,95.22
2024-03-11 09:00:00,9,0,3,0,1,0,19.2,60.2,63.6,96.47
2024-03-11 10:00:00,10,0,3,0,1,1,22.3,63.3,86.1,120.09
2024-03-11 11:00:00,11,0,3,0,1,1,21.8,57.5,88.0,124.45
2024-03-11 12:00:00,12,0,3,0,1,1,25.2,55.9,94.3,127.65
2024-03-11 13:00:00,13,0,3,0,1,1,21.9,66.8,61.7,111.28
2024-03-11 14:00:00,14,0,3,0,1,1,24.7,67.8,78.5,121.79
2024-03-11 15:00:00,15,0,3,0,1,1,27.8,59.6,91.4,152.2
2024-03-11 16:00:00,16,0,3,0,1,1,21.8,66.7,91.3,133.5
2024-03-11 17:00:00,17,0,3,0,1,0,21.4,61.5,28.5,69.11
2024-03-11 18:00:00,18,0,3,0,1,0,22.2,56.6,27.9,70.21
2024-03-11 19:00:00,19,0,3,0,0,0,20.0,65.9,33.4,71.27
2024-03-11 20:00:00,20,0,3,0,0,0,18.6,66.8,4.4,48.8
2024-03-11 21:00:00,21,0,3,0,0,0,17.2,65.7,9.2,48.67
2024-03-11 22:00:00,22,0,3,0,0,0,15.9,65.4,4.6,51.64
2024-03-11 23:00:00,23,0,3,0,0,0,15.4,70.6,4.5,50.74
2024-03-12 00:00:00,0,1,3,0,0,0,13.3,64.2,7.9,52.26
2024-03-12 01:00:00,1,1,3,0,0,0,11.5,66.4,11.7,58.5
2024-03-12 02:00:00,2,1,3,0,0,0,12.9,64.4,7.4,57.1
2024-03-12 03:00:00,3,1,3,0,0,0,15.4,67.1,6.9,56.53
2024-03-12 04:00:00,4,1,3,0,0,0,12.3,64.5,12.0,53.18
2024-03-12 05:00:00,5,1,3,0,0,0,11.9,66.4,8.3,54.38
2024-03-12 06:00:00,6,1,3,0,0,0,17.0,62.8,7.0,56.12
2024-03-12 07:00:00,7,1,3,0,0,0,16.3,65.0,7.1,58.22
2024-03-12 08:00:00,8,1,3,0,1,0,14.3,61.5,50.8,82.6
2024-03-12 09:00:00,9,1,3,0,1,0,21.4,62.9,60.4,95.9
2024-03-12 10:00:00,10,1,3,0,1,1,20.5,68.1,86.6,122.09
2024-03-12 11:00:00,11,1,3,0,1,1,22.6,62.2,84.1,132.3
2024-03-12 12:00:00,12,1,3,0,1,1,24.4,66.6,82.4,119.23
2024-03-12 13:00:00,13,1,3,0,1,1,24.8,65.5,64.7,118.27
2024-03-12 14:00:00,14,1,3,0,1,1,26.0,62.4,83.6,128.61
2024-03-12 15:00:00,15,1,3,0,1,1,23.7,61.2,76.0,120.16
2024-03-12 16:00:00,16,1,3,0,1,1,24.8,60.2,77.6,116.03
2024-03-12 17:00:00,17,1,3,0,1,0,22.3,64.9,44.0,74.76
2024-03-12 18:00:00,18,1,3,0,1,0,22.8,60.0,35.9,68.21
2024-03-12 19:00:00,19,1,3,0,0,0,21.0,55.3,26.3,68.57
2024-03-12 20:00:00,20,1,3,0,0,0,16.5,67.9,9.5,58.0
2024-03-12 21:00:00,21,1,3,0,0,0,18.5,60.0,4.5,53.18
2024-03-12 22:00:00,22,1,3,0,0,0,14.0,63.9,9.9,51.63
2024-03-12 23:00:00,23,1,3,0,0,0,15.1,66.9,10.0,56.74
2024-03-13 00:00:00,0,2,3,0,0,0,13.4,67.7,9.2,52.27
2024-03-13 01:00:00,1,2,3,0,0,0,15.4,61.1,9.9,56.43
2024-03-13 02:00:00,2,2,3,0,0,0,11.5,70.1,4.7,56.64
2024-03-13 03:00:00,3,2,3,0,0,0,11.5,73.3,9.8,58.04
2024-03-13 04:00:00,4,2,3,0,0,0,12.8,64.0,5.1,57.41
2024-03-13 05:00:00,5,2,3,0,0,0,13.3,73.3,6.7,53.17
2024-03-13 06:00:00,6,2,3,0,0,0,16.6,59.6,11.5,55.59
2024-03-13 07:00:00,7,2,3,0,0,0,13.8,76.3,8.0,54.57
2024-03-13 08:00:00,8,2,3,0,1,0,16.5,64.3,74.0,96.98
2024-03-13 09:00:00,9,2,3,0,1,0,18.2,65.3,47.7,81.05
2024-03-13 10:00:00,10,2,3,0,1,1,23.4,53.6,87.2,131.76
2024-03-13 11:00:00,11,2,3,0,1,1,26.1,59.0,80.9,128.6
2024-03-13 12:00:00,12,2,3,0,1,1,23.9,61.7,89.5,126.02
2024-03-13 13:00:00,13,2,3,0,1,1,24.4,60.1,61.2,104.93
2024-03-13 14:00:00,14,2,3,0,1,1,25.0,57.7,78.0,124.19
2024-03-13 15:00:00,15,2,3,0,1,1,26.8,55.0,79.4,135.81
2024-03-13 16:00:00,16,2,3,0,1,1,22.4,66.3,87.7,120.79
2024-03-13 17:00:00,17,2,3,0,1,0,23.4,61.2,28.3,70.35
2024-03-13 18:00:00,18,2,3,0,1,0,23.4,67.3,41.9,76.97
2024-03-13 19:00:00,19,2,3,0,0,0,21.0,60.7,27.6,68.38
2024-03-13 20:00:00,20,2,3,0,0,0,18.8,62.6,4.3,56.08
2024-03-13 21:00:00,21,2,3,0,0,0,18.5,67.8,7.2,52.76
2024-03-13 22:00:00,22,2,3,0,0,0,10.3,63.8,11.8,61.01
2024-03-13 23:00:00,23,2,3,0,0,0,15.0,62.1,4.9,51.72
2024-03-14 00:00:00,0,3,3,0,0,0,11.8,73.6,4.8,52.6
2024-03-14 01:00:00,1,3,3,0,0,0,9.0,66.5,10.0,57.56
2024-03-14 02:00:00,2,3,3,0,0,0,13.0,61.1,6.5,55.89
2024-03-14 03:00:00,3,3,3,0,0,0,14.8,74.6,9.7,52.75
2024-03-14 04:00:00,4,3,3,0,0,0,12.7,63.0,5.6,49.5
2024-03-14 05:00:00,5,3,3,0,0,0,15.7,67.2,7.7,53.78
2024-03-14 06:00:00,6,3,3,0,0,0,18.3,65.0,6.1,53.01
2024-03-14 07:00:00,7,3,3,0,0,0,19.3,52.7,7.6,47.63
2024-03-14 08:00:00,8,3,3,0,1,0,21.6,61.3,68.1,97.0
2024-03-14 09:00:00,9,3,3,0,1,0,21.6,64.2,67.9,92.96
2024-03-14 10:00:00,10,3,3,0,1,1,22.0,63.5,87.7,125.09
2024-03-14 11:00:00,11,3,3,0,1,1,20.3,66.9,93.9,121.16
2024-03-14 12:00:00,12,3,3,0,1,1,23.8,59.3,84.0,132.78
2024-03-14 13:00:00,13,3,3,0,1,1,23.4,64.0,63.6,105.28
2024-03-14 14:00:00,14,3,3,0,1,1,29.0,54.4,85.4,149.28
2024-03-14 15:00:00,15,3,3,0,1,1,24.6,54.6,85.6,130.81
2024-03-14 16:00:00,16,3,3,0,1,1,24.5,55.2,75.8,123.47
2024-03-14 17:00:00,17,3,3,0,1,0,24.2,54.7,37.2,77.93
2024-03-14 18:00:00,18,3,3,0,1,0,21.9,66.2,32.5,70.52
2024-03-14 19:00:00,19,3,3,0,0,0,23.4,55.1,39.9,72.12
2024-03-14 20:00:00,20,3,3,0,0,0,17.5,66.3,10.5,51.68
2024-03-14 21:00:00,21,3,3,0,0,0,17.3,64.3,8.4,54.96
2024-03-14 22:00:00,22,3,3,0,0,0,14.0,67.3,4.0,54.5
2024-03-14 23:00:00,23,3,3,0,0,0,11.6,74.8,9.1,59.86
2024-03-15 00:00:00,0,4,3,0,0,0,12.1,67.3,10.0,57.24
2024-03-15 01:00:00,1,4,3,0,0,0,12.5,71.2,6.0,56.61
2024-03-15 02:00:00,2,4,3,0,0,0,11.6,69.5,7.7,61.35
2024-03-15 03:00:00,3,4,3,0,0,0,11.3,69.0,11.7,62.21
2024-03-15 04:00:00,4,4,3,0,0,0,10.7,79.2,6.4,57.63
2024-03-15 05:00:00,5,4,3,0,0,0,14.1,61.9,5.8,50.02
2024-03-15 06:00:00,6,4,3,0,0,0,12.9,73.6,5.7,56.18
2024-03-15 07:00:00,7,4,3,0,0,0,18.5,67.2,8.5,55.6
2024-03-15 08:00:00,8,4,3,0,1,0,19.0,62.3,73.5,103.0
2024-03-15 09:00:00,9,4,3,0,1,0,17.9,71.5,63.3,97.61
2024-03-15 10:00:00,10,4,3,0,1,1,21.5,55.1,84.5,127.91
2024-03-15 11:00:00,11,4,3,0,1,1,22.1,59.9,89.6,126.19
2024-03-15 12:00:00,12,4,3,0,1,1,25.0,55.2,89.4,130.16
2024-03-15 13:00:00,13,4,3,0,1,1,27.5,59.9,69.0,125.36
2024-03-15 14:00:00,14,4,3,0,1,1,22.0,57.6,77.7,123.03
2024-03-15 15:00:00,15,4,3,0,1,1,25.3,61.5,85.8,133.25
2024-03-15 16:00:00,16,4,3,0,1,1,24.2,59.8,82.3,124.57
2024-03-15 17:00:00,17,4,3,0,1,0,24.6,58.4,25.4,70.41
2024-03-15 18:00:00,18,4,3,0,1,0,22.5,63.3,35.8,76.55
2024-03-15 19:00:00,19,4,3,0,0,0,19.2,63.0,44.8,80.06
2024-03-15 20:00:00,20,4,3,0,0,0,18.3,60.3,6.8,50.18
2024-03-15 21:00:00,21,4,3,0,0,0,15.7,77.7,11.7,57.65
2024-03-15 22:00:00,22,4,3,0,0,0,17.5,63.3,4.8,58.64
2024-03-15 23:00:00,23,4,3,0,0,0,14.3,58.6,9.9,56.52
2024-03-16 00:00:00,0,5,3,1,0,0,16.8,62.4,3.6,49.65
2024-03-16 01:00:00,1,5,3,1,0,0,12.6,63.6,4.4,53.99
2024-03-16 02:00:00,2,5,3,1,0,0,11.3,72.9,5.9,55.92
2024-03-16 03:00:00,3,5,3,1,0,0,10.0,71.8,6.0,56.58
2024-03-16 04:00:00,4,5,3,1,0,0,10.2,72.0,6.9,59.7
2024-03-16 05:00:00,5,5,3,1,0,0,11.6,67.9,6.1,55.26
2024-03-16 06:00:00,6,5,3,1,0,0,16.3,65.0,6.0,56.56
2024-03-16 07:00:00,7,5,3,1,0,0,18.3,63.2,7.6,54.21
2024-03-16 08:00:00,8,5,3,1,0,0,16.2,65.8,5.3,56.66
2024-03-16 09:00:00,9,5,3,1,0,0,22.3,65.2,4.1,54.81
2024-03-16 10:00:00,10,5,3,1,0,0,21.4,63.9,11.9,59.52
2024-03-16 11:00:00,11,5,3,1,0,0,23.9,62.8,14.8,61.18
2024-03-16 12:00:00,12,5,3,1,0,0,27.6,60.2,18.6,77.89
2024-03-16 13:00:00,13,5,3,1,0,0,26.9,62.2,10.5,65.31
2024-03-16 14:00:00,14,5,3,1,0,0,25.1,61.1,11.5,55.46
2024-03-16 15:00:00,15,5,3,1,0,0,23.7,62.3,11.3,56.92
2024-03-16 16:00:00,16,5,3,1,0,0,20.8,67.7,17.0,59.39
2024-03-16 17:00:00,17,5,3,1,0,0,22.3,59.2,12.9,63.89
2024-03-16 18:00:00,18,5,3,1,0,0,21.9,58.7,12.0,60.64
2024-03-16 19:00:00,19,5,3,1,0,0,18.9,59.5,6.0,58.82
2024-03-16 20:00:00,20,5,3,1,0,0,18.8,65.1,6.8,50.46
2024-03-16 21:00:00,21,5,3,1,0,0,17.5,57.8,4.7,54.91
2024-03-16 22:00:00,22,5,3,1,0,0,15.4,68.6,5.9,47.88
2024-03-16 23:00:00,23,5,3,1,0,0,13.3,67.8,3.5,46.2
2024-03-17 00:00:00,0,6,3,1,0,0,13.9,72.3,7.7,52.82
2024-03-17 01:00:00,1,6,3,1,0,0,13.8,65.2,4.7,56.78
2024-03-17 02:00:00,2,6,3,1,0,0,10.8,69.1,8.0,52.68
2024-03-17 03:00:00,3,6,3,1,0,0,15.5,71.1,7.9,53.63
2024-03-17 04:00:00,4,6,3,1,0,0,13.4,73.7,6.9,57.55
2024-03-17 05:00:00,5,6,3,1,0,0,14.7,64.5,3.1,53.08
2024-03-17 06:00:00,6,6,3,1,0,0,17.3,66.1,5.7,59.2
2024-03-17 07:00:00,7,6,3,1,0,0,18.0,66.1,3.4,50.46
2024-03-17 08:00:00,8,6,3,1,0,0,21.0,64.3,7.5,51.99
2024-03-17 09:00:00,9,6,3,1,0,0,21.4,61.5,6.9,49.47
2024-03-17 10:00:00,10,6,3,1,0,0,21.4,67.6,21.7,62.45
2024-03-17 11:00:00,11,6,3,1,0,0,24.5,52.8,17.3,57.69
2024-03-17 12:00:00,12,6,3,1,0,0,22.8,59.9,16.3,53.99
2024-03-17 13:00:00,13,6,3,1,0,0,25.7,61.3,16.2,69.42
2024-03-17 14:00:00,14,6,3,1,0,0,25.7,61.3,14.6,62.08
2024-03-17 15:00:00,15,6,3,1,0,0,25.1,65.3,15.6,69.53
2024-03-17 16:00:00,16,6,3,1,0,0,24.6,65.1,17.6,58.95
2024-03-17 17:00:00,17,6,3,1,0,0,20.5,62.0,21.2,61.89
2024-03-17 18:00:00,18,6,3,1,0,0,21.5,67.6,17.2,57.9
2024-03-17 19:00:00,19,6,3,1,0,0,21.1,59.9,7.3,51.21
2024-03-17 20:00:00,20,6,3,1,0,0,19.5,67.6,7.3,56.05
2024-03-17 21:00:00,21,6,3,1,0,0,15.7,73.8,5.6,53.84
2024-03-17 22:00:00,22,6,3,1,0,0,18.3,69.5,4.7,54.19
2024-03-17 23:00:00,23,6,3,1,0,0,13.1,68.8,6.2,57.67
2024-03-18 00:00:00,0,0,3,0,0,0,15.6,65.3,7.6,57.02
2024-03-18 01:00:00,1,0,3,0,0,0,13.9,61.7,4.7,48.67
2024-03-18 02:00:00,2,0,3,0,0,0,11.8,70.5,7.0,52.93
2024-03-18 03:00:00,3,0,3,0,0,0,16.4,61.6,12.0,57.03
2024-03-18 04:00:00,4,0,3,0,0,0,11.7,66.1,4.4,64.63
2024-03-18 05:00:00,5,0,3,0,0,0,16.5,61.2,9.6,57.38
2024-03-18 06:00:00,6,0,3,0,0,0,18.0,63.1,10.7,56.05
2024-03-18 07:00:00,7,0,3,0,0,0,16.6,65.8,9.2,56.78
2024-03-18 08:00:00,8,0,3,0,1,0,22.0,63.2,62.1,90.78
2024-03-18 09:00:00,9,0,3,0,1,0,20.7,60.6,66.2,96.5
2024-03-18 10:00:00,10,0,3,0,1,1,23.2,65.5,86.4,126.2
2024-03-18 11:00:00,11,0,3,0,1,1,24.5,59.5,81.4,128.93
2024-03-18 12:00:00,12,0,3,0,1,1,24.8,57.0,94.4,132.87
2024-03-18 13:00:00,13,0,3,0,1,1,27.2,59.4,66.5,124.26
2024-03-18 14:00:00,14,0,3,0,1,1,27.4,66.2,86.3,139.6
2024-03-18 15:00:00,15,0,3,0,1,1,22.6,63.0,84.0,114.83
2024-03-18 16:00:00,16,0,3,0,1,1,27.4,56.9,75.9,135.63
2024-03-18 17:00:00,17,0,3,0,1,0,21.1,56.6,44.1,75.29
2024-03-18 18:00:00,18,0,3,0,1,0,24.6,59.4,40.9,74.72
2024-03-18 19:00:00,19,0,3,0,0,0,23.2,62.2,28.0,64.51
2024-03-18 20:00:00,20,0,3,0,0,0,17.5,63.7,11.9,59.62
2024-03-18 21:00:00,21,0,3,0,0,0,17.0,58.9,9.9,59.89
2024-03-18 22:00:00,22,0,3,0,0,0,14.2,64.2,7.8,49.1
2024-03-18 23:00:00,23,0,3,0,0,0,14.5,73.2,8.9,59.72
2024-03-19 00:00:00,0,1,3,0,0,0,13.5,73.8,4.9,48.62
2024-03-19 01:00:00,1,1,3,0,0,0,14.8,63.6,8.5,56.61
2024-03-19 02:00:00,2,1,3,0,0,0,15.5,69.3,4.6,52.14
2024-03-19 03:00:00,3,1,3,0,0,0,15.9,61.7,8.4,56.08
2024-03-19 04:00:00,4,1,3,0,0,0,13.0,74.0,8.4,51.32
2024-03-19 05:00:00,5,1,3,0,0,0,14.7,68.2,11.0,50.28
2024-03-19 06:00:00,6,1,3,0,0,0,13.4,71.9,9.8,53.31
2024-03-19 07:00:00,7,1,3,0,0,0,16.5,59.1,6.0,53.69
2024-03-19 08:00:00,8,1,3,0,1,0,21.4,65.2,71.7,105.89
2024-03-19 09:00:00,9,1,3,0,1,0,24.3,60.5,62.2,90.11
2024-03-19 10:00:00,10,1,3,0,1,1,20.7,66.4,89.1,127.94
2024-03-19 11:00:00,11,1,3,0,1,1,23.2,64.9,82.5,118.68
2024-03-19 12:00:00,12,1,3,0,1,1,25.3,60.1,92.9,140.8
2024-03-19 13:00:00,13,1,3,0,1,1,26.5,56.5,74.0,117.39
2024-03-19 14:00:00,14,1,3,0,1,1,24.7,63.3,88.2,133.48
2024-03-19 15:00:00,15,1,3,0,1,1,26.7,58.6,91.0,146.9
2024-03-19 16:00:00,16,1,3,0,1,1,24.4,56.9,80.1,123.44
2024-03-19 17:00:00,17,1,3,0,1,0,24.2,56.9,42.2,77.96
2024-03-19 18:00:00,18,1,3,0,1,0,23.9,54.9,34.8,73.67
2024-03-19 19:00:00,19,1,3,0,0,0,21.4,60.5,28.3,71.99
2024-03-19 20:00:00,20,1,3,0,0,0,18.9,68.7,9.4,55.19
2024-03-19 21:00:00,21,1,3,0,0,0,17.8,65.8,9.5,55.38
2024-03-19 22:00:00,22,1,3,0,0,0,16.3,64.0,6.3,50.0
2024-03-19 23:00:00,23,1,3,0,0,0,14.4,70.6,4.2,49.59
2024-03-20 00:00:00,0,2,3,0,0,0,13.8,64.5,5.6,49.36
2024-03-20 01:00:00,1,2,3,0,0,0,16.5,66.3,7.2,50.82
2024-03-20 02:00:00,2,2,3,0,0,0,14.4,66.7,5.3,56.1
2024-03-20 03:00:00,3,2,3,0,0,0,13.1,71.4,5.6,58.72
2024-03-20 04:00:00,4,2,3,0,0,0,15.5,60.3,7.1,49.12
2024-03-20 05:00:00,5,2,3,0,0,0,14.7,63.8,11.7,57.85
2024-03-20 06:00:00,6,2,3,0,0,0,18.7,57.9,10.1,54.26
2024-03-20 07:00:00,7,2,3,0,0,0,18.9,63.2,6.6,57.22
2024-03-20 08:00:00,8,2,3,0,1,0,19.7,68.6,73.5,101.35
2024-03-20 09:00:00,9,2,3,0,1,0,22.4,59.8,64.4,94.34
2024-03-20 10:00:00,10,2,3,0,1,1,20.3,61.2,86.8,121.14
2024-03-20 11:00:00,11,2,3,0,1,1,22.5,65.2,87.0,123.52
2024-03-20 12:00:00,12,2,3,0,1,1,23.4,65.4,86.2,131.65
2024-03-20 13:00:00,13,2,3,0,1,1,26.4,58.7,63.5,118.79
2024-03-20 14:00:00,14,2,3,0,1,1,29.5,59.6,81.6,148.96
2024-03-20 15:00:00,15,2,3,0,1,1,30.2,52.1,84.0,159.32
2024-03-20 16:00:00,16,2,3,0,1,1,26.7,64.3,84.0,130.91
2024-03-20 17:00:00,17,2,3,0,1,0,25.4,68.3,40.2,82.99
2024-03-20 18:00:00,18,2,3,0,1,0,19.9,65.7,32.2,74.33
2024-03-20 19:00:00,19,2,3,0,0,0,20.6,54.7,39.3,72.52
2024-03-20 20:00:00,20,2,3,0,0,0,18.5,62.3,8.6,52.17
2024-03-20 21:00:00,21,2,3,0,0,0,17.1,68.0,11.7,51.98
2024-03-20 22:00:00,22,2,3,0,0,0,16.3,64.4,7.1,53.76
2024-03-20 23:00:00,23,2,3,0,0,0,14.4,72.5,11.2,59.21
2024-03-21 00:00:00,0,3,3,0,0,0,10.9,72.2,10.6,56.89
2024-03-21 01:00:00,1,3,3,0,0,0,15.2,64.0,9.1,52.43
2024-03-21 02:00:00,2,3,3,0,0,0,11.7,69.4,9.2,55.23
2024-03-21 03:00:00,3,3,3,0,0,0,14.3,63.9,4.7,59.09
2024-03-21 04:00:00,4,3,3,0,0,0,18.2,64.0,11.6,60.17
2024-03-21 05:00:00,5,3,3,0,0,0,13.9,65.6,4.9,54.38
2024-03-21 06:00:00,6,3,3,0,0,0,12.3,73.6,8.5,56.5
2024-03-21 07:00:00,7,3,3,0,0,0,17.9,73.4,6.6,52.71
2024-03-21 08:00:00,8,3,3,0,1,0,22.1,56.3,57.9,86.79
2024-03-21 09:00:00,9,3,3,0,1,0,25.3,52.1,63.3,94.08
2024-03-21 10:00:00,10,3,3,0,1,1,21.1,61.7,93.6,132.52
2024-03-21 11:00:00,11,3,3,0,1,1,25.6,53.5,86.9,127.61
2024-03-21 12:00:00,12,3,3,0,1,1,24.9,60.3,94.8,138.2
2024-03-21 13:00:00,13,3,3,0,1,1,26.2,62.2,68.9,117.09
2024-03-21 14:00:00,14,3,3,0,1,1,31.4,61.5,77.7,155.71
2024-03-21 15:00:00,15,3,3,0,1,1,23.7,61.7,78.2,118.3
2024-03-21 16:00:00,16,3,3,0,1,1,26.2,58.4,87.2,140.58
2024-03-21 17:00:00,17,3,3,0,1,0,25.5,51.7,26.0,69.44
2024-03-21 18:00:00,18,3,3,0,1,0,25.3,59.9,34.6,76.64
2024-03-21 19:00:00,19,3,3,0,0,0,22.0,62.4,28.0,65.78
2024-03-21 20:00:00,20,3,3,0,0,0,20.7,65.6,7.5,55.62
2024-03-21 21:00:00,21,3,3,0,0,0,17.7,62.3,10.0,53.49
2024-03-21 22:00:00,22,3,3,0,0,0,17.3,63.6,7.7,58.69
2024-03-21 23:00:00,23,3,3,0,0,0,14.9,61.2,5.3,51.14
2024-03-22 00:00:00,0,4,3,0,0,0,15.8,57.3,6.0,52.02
2024-03-22 01:00:00,1,4,3,0,0,0,13.4,63.7,6.9,55.65
2024-03-22 02:00:00,2,4,3,0,0,0,14.5,61.1,4.6,54.14
2024-03-22 03:00:00,3,4,3,0,0,0,14.0,69.0,8.7,57.71
2024-03-22 04:00:00,4,4,3,0,0,0,16.7,63.7,8.9,60.09
2024-03-22 05:00:00,5,4,3,0,0,0,15.6,64.4,4.5,53.36
2024-03-22 06:00:00,6,4,3,0,0,0,13.9,63.8,7.2,53.51
2024-03-22 07:00:00,7,4,3,0,0,0,20.9,49.9,7.3,51.56
2024-03-22 08:00:00,8,4,3,0,1,0,18.7,70.4,55.0,87.17
2024-03-22 09:00:00,9,4,3,0,1,0,20.8,58.9,61.7,97.17
2024-03-22 10:00:00,10,4,3,0,1,1,22.5,60.1,85.2,120.63
2024-03-22 11:00:00,11,4,3,0,1,1,27.4,52.5,86.2,137.33
2024-03-22 12:00:00,12,4,3,0,1,1,22.1,65.9,92.0,125.68
2024-03-22 13:00:00,13,4,3,0,1,1,32.3,55.5,62.4,144.94
2024-03-22 14:00:00,14,4,3,0,1,1,28.7,54.1,85.5,146.06
2024-03-22 15:00:00,15,4,3,0,1,1,27.0,57.0,83.6,138.36
2024-03-22 16:00:00,16,4,3,0,1,1,25.9,66.1,80.2,123.44
2024-03-22 17:00:00,17,4,3,0,1,0,25.4,59.4,39.6,81.32
2024-03-22 18:00:00,18,4,3,0,1,0,24.5,59.6,36.0,69.55
2024-03-22 19:00:00,19,4,3,0,0,0,23.2,57.5,34.5,69.31
2024-03-22 20:00:00,20,4,3,0,0,0,21.3,55.0,9.3,57.68
2024-03-22 21:00:00,21,4,3,0,0,0,18.8,63.7,10.4,60.83
2024-03-22 22:00:00,22,4,3,0,0,0,16.7,67.1,11.8,57.2
2024-03-22 23:00:00,23,4,3,0,0,0,15.5,71.0,9.0,53.5
2024-03-23 00:00:00,0,5,3,1,0,0,14.6,58.3,7.4,55.11
2024-03-23 01:00:00,1,5,3,1,0,0,16.3,61.6,3.0,41.85
2024-03-23 02:00:00,2,5,3,1,0,0,15.1,64.6,5.7,52.84
2024-03-23 03:00:00,3,5,3,1,0,0,9.0,71.2,4.1,50.37
2024-03-23 04:00:00,4,5,3,1,0,0,16.1,65.6,3.5,53.06
2024-03-23 05:00:00,5,5,3,1,0,0,16.3,65.6,5.7,45.09
2024-03-23 06:00:00,6,5,3,1,0,0,17.3,67.0,6.7,50.81
2024-03-23 07:00:00,7,5,3,1,0,0,18.2,61.1,5.1,51.54
2024-03-23 08:00:00,8,5,3,1,0,0,22.6,65.4,6.4,50.17
2024-03-23 09:00:00,9,5,3,1,0,0,23.9,62.5,5.4,50.69
2024-03-23 10:00:00,10,5,3,1,0,0,22.4,60.5,15.2,61.84
2024-03-23 11:00:00,11,5,3,1,0,0,25.9,65.8,13.5,61.5
2024-03-23 12:00:00,12,5,3,1,0,0,24.4,66.6,14.6,56.09
2024-03-23 13:00:00,13,5,3,1,0,0,24.3,64.2,14.2,61.62
2024-03-23 14:00:00,14,5,3,1,0,0,25.9,47.3,17.8,65.69
2024-03-23 15:00:00,15,5,3,1,0,0,28.4,63.9,11.4,67.89
2024-03-23 16:00:00,16,5,3,1,0,0,27.9,61.1,11.1,62.34
2024-03-23 17:00:00,17,5,3,1,0,0,26.1,67.3,17.9,57.35
2024-03-23 18:00:00,18,5,3,1,0,0,25.1,64.9,16.6,59.08
2024-03-23 19:00:00,19,5,3,1,0,0,23.2,67.6,5.2,48.52
2024-03-23 20:00:00,20,5,3,1,0,0,19.4,67.4,3.8,48.77
2024-03-23 21:00:00,21,5,3,1,0,0,19.6,69.2,5.1,48.98
2024-03-23 22:00:00,22,5,3,1,0,0,18.7,72.4,6.9,53.33
2024-03-23 23:00:00,23,5,3,1,0,0,17.3,66.3,7.4,56.15
2024-03-24 00:00:00,0,6,3,1,0,0,17.3,59.1,6.5,56.12
2024-03-24 01:00:00,1,6,3,1,0,0,15.8,65.2,3.3,53.06
2024-03-24 02:00:00,2,6,3,1,0,0,14.9,68.6,6.4,49.78
2024-03-24 03:00:00,3,6,3,1,0,0,16.4,66.3,4.2,51.21
2024-03-24 04:00:00,4,6,3,1,0,0,15.1,61.9,4.6,56.32
2024-03-24 05:00:00,5,6,3,1,0,0,14.6,60.8,4.0,45.99
2024-03-24 06:00:00,6,6,3,1,0,0,17.2,62.5,6.9,57.28
2024-03-24 07:00:00,7,6,3,1,0,0,17.7,68.3,6.2,49.28
2024-03-24 08:00:00,8,6,3,1,0,0,19.6,70.1,6.1,53.33
2024-03-24 09:00:00,9,6,3,1,0,0,22.2,65.6,6.3,53.86
2024-03-24 10:00:00,10,6,3,1,0,0,22.6,65.9,12.8,57.82
2024-03-24 11:00:00,11,6,3,1,0,0,24.8,59.8,15.3,67.49
2024-03-24 12:00:00,12,6,3,1,0,0,23.0,54.4,17.6,59.71
2024-03-24 13:00:00,13,6,3,1,0,0,27.4,56.5,17.6,63.83
2024-03-24 14:00:00,14,6,3,1,0,0,27.3,57.4,19.5,71.46
2024-03-24 15:00:00,15,6,3,1,0,0,25.6,57.6,13.4,60.22
2024-03-24 16:00:00,16,6,3,1,0,0,27.6,58.4,19.2,72.8
2024-03-24 17:00:00,17,6,3,1,0,0,27.1,60.3,15.3,69.12
2024-03-24 18:00:00,18,6,3,1,0,0,21.1,66.1,18.0,60.85
2024-03-24 19:00:00,19,6,3,1,0,0,21.1,61.6,5.3,53.21
2024-03-24 20:00:00,20,6,3,1,0,0,19.4,56.3,7.7,54.01
2024-03-24 21:00:00,21,6,3,1,0,0,17.4,63.4,3.9,56.54
2024-03-24 22:00:00,22,6,3,1,0,0,19.0,64.4,6.4,51.42
2024-03-24 23:00:00,23,6,3,1,0,0,15.8,71.3,5.9,50.05
2024-03-25 00:00:00,0,0,3,0,0,0,14.9,64.8,5.4,54.75
2024-03-25 01:00:00,1,0,3,0,0,0,11.1,71.8,4.5,50.08
2024-03-25 02:00:00,2,0,3,0,0,0,15.6,67.7,10.4,56.74
2024-03-25 03:00:00,3,0,3,0,0,0,12.5,68.9,5.3,52.45
2024-03-25 04:00:00,4,0,3,0,0,0,15.5,70.4,5.5,51.64
2024-03-25 05:00:00,5,0,3,0,0,0,16.9,63.0,11.8,64.3
2024-03-25 06:00:00,6,0,3,0,0,0,20.2,61.1,9.7,58.93
2024-03-25 07:00:00,7,0,3,0,0,0,17.0,65.6,6.0,55.59
2024-03-25 08:00:00,8,0,3,0,1,0,15.6,64.0,62.7,94.84
2024-03-25 09:00:00,9,0,3,0,1,0,23.0,63.4,61.0,89.71
2024-03-25 10:00:00,10,0,3,0,1,1,27.5,55.4,92.7,149.23
2024-03-25 11:00:00,11,0,3,0,1,1,27.8,58.9,90.9,143.38
2024-03-25 12:00:00,12,0,3,0,1,1,27.0,58.2,92.5,141.91
2024-03-25 13:00:00,13,0,3,0,1,1,26.4,59.9,63.2,123.35
2024-03-25 14:00:00,14,0,3,0,1,1,28.9,55.4,85.9,146.08
2024-03-25 15:00:00,15,0,3,0,1,1,25.5,58.3,75.7,123.74
2024-03-25 16:00:00,16,0,3,0,1,1,27.5,58.6,76.2,128.2
2024-03-25 17:00:00,17,0,3,0,1,0,26.5,59.8,39.3,85.74
2024-03-25 18:00:00,18,0,3,0,1,0,26.2,59.1,25.5,65.24
2024-03-25 19:00:00,19,0,3,0,0,0,27.6,65.0,36.6,89.76
2024-03-25 20:00:00,20,0,3,0,0,0,21.7,58.3,10.7,51.51
2024-03-25 21:00:00,21,0,3,0,0,0,18.4,64.4,7.0,49.62
2024-03-25 22:00:00,22,0,3,0,0,0,17.7,58.8,4.4,52.48
2024-03-25 23:00:00,23,0,3,0,0,0,13.2,69.7,9.7,57.64
2024-03-26 00:00:00,0,1,3,0,0,0,14.3,63.0,11.4,63.23
2024-03-26 01:00:00,1,1,3,0,0,0,14.2,66.4,9.7,56.34
2024-03-26 02:00:00,2,1,3,0,0,0,13.8,66.4,8.6,54.67
2024-03-26 03:00:00,3,1,3,0,0,0,15.2,68.0,5.8,52.79
2024-03-26 04:00:00,4,1,3,0,0,0,14.1,65.4,4.1,56.46
2024-03-26 05:00:00,5,1,3,0,0,0,18.6,62.1,9.6,62.67
2024-03-26 06:00:00,6,1,3,0,0,0,18.0,70.6,5.8,51.58
2024-03-26 07:00:00,7,1,3,0,0,0,19.5,65.0,10.9,57.58
2024-03-26 08:00:00,8,1,3,0,1,0,20.6,60.8,59.0,90.24
2024-03-26 09:00:00,9,1,3,0,1,0,23.2,60.3,60.9,91.55
2024-03-26 10:00:00,10,1,3,0,1,1,26.0,65.9,91.3,147.48
2024-03-26 11:00:00,11,1,3,0,1,1,24.3,59.5,91.7,122.1
2024-03-26 12:00:00,12,1,3,0,1,1,25.7,56.8,89.6,131.45
2024-03-26 13:00:00,13,1,3,0,1,1,26.9,55.9,74.1,130.96
2024-03-26 14:00:00,14,1,3,0,1,1,25.3,57.6,91.7,138.84
2024-03-26 15:00:00,15,1,3,0,1,1,26.0,56.9,91.1,132.55
2024-03-26 16:00:00,16,1,3,0,1,1,26.0,54.2,89.0,141.05
2024-03-26 17:00:00,17,1,3,0,1,0,27.4,53.8,39.1,89.11
2024-03-26 18:00:00,18,1,3,0,1,0,24.9,56.8,38.3,77.92
2024-03-26 19:00:00,19,1,3,0,0,0,23.2,63.6,27.1,69.29
2024-03-26 20:00:00,20,1,3,0,0,0,22.7,60.1,6.2,54.19
2024-03-26 21:00:00,21,1,3,0,0,0,19.3,63.2,4.0,44.61
2024-03-26 22:00:00,22,1,3,0,0,0,18.7,69.5,5.1,52.04
2024-03-26 23:00:00,23,1,3,0,0,0,16.4,71.2,7.5,48.37
2024-03-27 00:00:00,0,2,3,0,0,0,16.3,65.0,5.2,51.62
2024-03-27 01:00:00,1,2,3,0,0,0,14.1,65.1,11.2,54.96
2024-03-27 02:00:00,2,2,3,0,0,0,10.6,66.6,10.4,61.09
2024-03-27 03:00:00,3,2,3,0,0,0,14.9,69.8,4.6,52.14
2024-03-27 04:00:00,4,2,3,0,0,0,18.4,63.8,6.0,53.83
2024-03-27 05:00:00,5,2,3,0,0,0,18.5,63.0,10.6,55.02
2024-03-27 06:00:00,6,2,3,0,0,0,19.9,60.3,10.4,58.85
2024-03-27 07:00:00,7,2,3,0,0,0,22.0,59.0,11.6,51.24
2024-03-27 08:00:00,8,2,3,0,1,0,21.6,63.7,74.9,99.06
2024-03-27 09:00:00,9,2,3,0,1,0,23.5,55.8,74.3,105.61
2024-03-27 10:00:00,10,2,3,0,1,1,23.6,65.0,86.2,122.64
2024-03-27 11:00:00,11,2,3,0,1,1,25.5,57.5,83.8,125.89
2024-03-27 12:00:00,12,2,3,0,1,1,28.2,57.2,91.4,153.45
2024-03-27 13:00:00,13,2,3,0,1,1,29.9,51.2,64.5,145.8
2024-03-27 14:00:00,14,2,3,0,1,1,27.7,58.1,88.7,143.41
2024-03-27 15:00:00,15,2,3,0,1,1,26.9,57.4,84.1,131.2
2024-03-27 16:00:00,16,2,3,0,1,1,27.1,58.3,88.5,147.96
2024-03-27 17:00:00,17,2,3,0,1,0,27.1,64.4,30.5,82.62
2024-03-27 18:00:00,18,2,3,0,1,0,22.1,62.7,35.2,78.3
2024-03-27 19:00:00,19,2,3,0,0,0,19.0,61.0,36.3,76.36
2024-03-27 20:00:00,20,2,3,0,0,0,20.5,60.3,11.5,56.67
2024-03-27 21:00:00,21,2,3,0,0,0,17.6,67.6,6.1,51.11
2024-03-27 22:00:00,22,2,3,0,0,0,17.3,70.6,11.5,52.22
2024-03-27 23:00:00,23,2,3,0,0,0,16.6,67.0,10.4,57.09
2024-03-28 00:00:00,0,3,3,0,0,0,15.2,69.6,9.8,56.93
2024-03-28 01:00:00,1,3,3,0,0,0,18.0,67.3,10.3,54.3
2024-03-28 02:00:00,2,3,3,0,0,0,15.8,72.1,8.8,56.3
2024-03-28 03:00:00,3,3,3,0,0,0,15.9,58.6,6.0,51.26
2024-03-28 04:00:00,4,3,3,0,0,0,17.2,68.1,5.5,54.74
2024-03-28 05:00:00,5,3,3,0,0,0,15.0,70.9,10.9,53.03
2024-03-28 06:00:00,6,3,3,0,0,0,20.3,57.9,9.8,51.68
2024-03-28 07:00:00,7,3,3,0,0,0,19.9,60.0,5.7,51.33
2024-03-28 08:00:00,8,3,3,0,1,0,22.9,58.1,63.5,96.37
2024-03-28 09:00:00,9,3,3,0,1,0,21.4,59.6,58.4,86.34
2024-03-28 10:00:00,10,3,3,0,1,1,22.1,60.1,82.4,125.03
2024-03-28 11:00:00,11,3,3,0,1,1,27.7,59.1,88.0,133.76
2024-03-28 12:00:00,12,3,3,0,1,1,28.0,61.4,84.2,140.62
2024-03-28 13:00:00,13,3,3,0,1,1,26.3,63.4,61.4,113.58
2024-03-28 14:00:00,14,3,3,0,1,1,26.6,55.5,82.9,122.56
2024-03-28 15:00:00,15,3,3,0,1,1,30.0,53.1,85.0,160.86
2024-03-28 16:00:00,16,3,3,0,1,1,25.2,65.1,75.8,118.51
2024-03-28 17:00:00,17,3,3,0,1,0,29.2,59.6,33.0,84.19
2024-03-28 18:00:00,18,3,3,0,1,0,23.3,61.5,30.2,68.09
2024-03-28 19:00:00,19,3,3,0,0,0,24.5,62.2,25.6,68.68
2024-03-28 20:00:00,20,3,3,0,0,0,21.1,62.6,5.0,50.42
2024-03-28 21:00:00,21,3,3,0,0,0,21.1,64.8,5.1,51.04
2024-03-28 22:00:00,22,3,3,0,0,0,17.4,64.0,5.5,50.68
2024-03-28 23:00:00,23,3,3,0,0,0,16.8,66.8,10.4,53.62
2024-03-29 00:00:00,0,4,3,0,0,0,16.3,60.0,7.5,51.49
2024-03-29 01:00:00,1,4,3,0,0,0,13.8,65.1,5.2,50.31
2024-03-29 02:00:00,2,4,3,0,0,0,16.7,63.1,4.8,49.05
2024-03-29 03:00:00,3,4,3,0,0,0,14.7,65.7,6.4,49.5
2024-03-29 04:00:00,4,4,3,0,0,0,15.9,62.7,10.4,54.27
2024-03-29 05:00:00,5,4,3,0,0,0,15.5,64.5,6.9,50.92
2024-03-29 06:00:00,6,4,3,0,0,0,14.0,61.6,5.3,48.86
2024-03-29 07:00:00,7,4,3,0,0,0,19.9,65.8,7.2,55.64
2024-03-29 08:00:00,8,4,3,0,1,0,26.2,58.8,61.7,103.8
2024-03-29 09:00:00,9,4,3,0,1,0,25.0,53.2,45.9,83.48
2024-03-29 10:00:00,10,4,3,0,1,1,25.1,56.6,89.4,135.98
2024-03-29 11:00:00,11,4,3,0,1,1,26.0,60.6,85.9,127.88
2024-03-29 12:00:00,12,4,3,0,1,1,27.6,56.0,80.1,138.3
2024-03-29 13:00:00,13,4,3,0,1,1,29.2,54.3,70.1,138.4
2024-03-29 14:00:00,14,4,3,0,1,1,26.3,58.8,87.1,133.14
2024-03-29 15:00:00,15,4,3,0,1,1,30.2,57.7,85.7,155.37
2024-03-29 16:00:00,16,4,3,0,1,1,28.8,51.6,80.8,151.47
2024-03-29 17:00:00,17,4,3,0,1,0,27.8,60.2,35.6,85.76
2024-03-29 18:00:00,18,4,3,0,1,0,25.9,56.2,32.7,74.73
2024-03-29 19:00:00,19,4,3,0,0,0,23.6,60.9,39.0,77.59
2024-03-29 20:00:00,20,4,3,0,0,0,23.1,61.2,8.7,57.27
2024-03-29 21:00:00,21,4,3,0,0,0,21.3,60.5,4.7,48.87
2024-03-29 22:00:00,22,4,3,0,0,0,18.0,60.8,9.1,62.69
2024-03-29 23:00:00,23,4,3,0,0,0,16.3,64.9,9.5,49.93
2024-03-30 00:00:00,0,5,3,1,0,0,16.7,72.3,4.9,48.8
2024-03-30 01:00:00,1,5,3,1,0,0,18.6,59.0,7.4,54.08
2024-03-30 02:00:00,2,5,3,1,0,0,13.4,74.9,7.2,61.16
2024-03-30 03:00:00,3,5,3,1,0,0,13.2,67.2,3.9,49.83
2024-03-30 04:00:00,4,5,3,1,0,0,16.8,65.9,7.5,49.99
2024-03-30 05:00:00,5,5,3,1,0,0,17.6,60.8,5.2,53.5
2024-03-30 06:00:00,6,5,3,1,0,0,19.2,61.0,6.6,51.96
2024-03-30 07:00:00,7,5,3,1,0,0,20.9,60.9,7.1,55.24
2024-03-30 08:00:00,8,5,3,1,0,0,21.7,58.1,5.5,51.73
2024-03-30 09:00:00,9,5,3,1,0,0,26.5,58.1,5.0,53.72
2024-03-30 10:00:00,10,5,3,1,0,0,22.5,60.1,21.0,70.64
2024-03-30 11:00:00,11,5,3,1,0,0,25.2,67.3,12.8,49.92
2024-03-30 12:00:00,12,5,3,1,0,0,27.6,53.5,13.1,71.8
2024-03-30 13:00:00,13,5,3,1,0,0,25.5,60.1,14.3,64.19
2024-03-30 14:00:00,14,5,3,1,0,0,28.3,58.7,20.3,71.86
2024-03-30 15:00:00,15,5,3,1,0,0,31.4,51.2,21.3,92.52
2024-03-30 16:00:00,16,5,3,1,0,0,27.8,60.8,12.6,61.77
2024-03-30 17:00:00,17,5,3,1,0,0,27.1,56.9,20.4,73.65
2024-03-30 18:00:00,18,5,3,1,0,0,23.1,51.4,13.1,50.77
2024-03-30 19:00:00,19,5,3,1,0,0,22.7,64.2,7.9,50.02
2024-03-30 20:00:00,20,5,3,1,0,0,21.5,58.0,6.0,48.65
2024-03-30 21:00:00,21,5,3,1,0,0,19.9,59.4,3.0,47.76
2024-03-30 22:00:00,22,5,3,1,0,0,21.2,65.4,3.2,50.34
2024-03-30 23:00:00,23,5,3,1,0,0,18.5,63.2,3.7,48.02
2024-03-31 00:00:00,0,6,3,1,0,0,14.7,70.9,3.9,44.43
2024-03-31 01:00:00,1,6,3,1,0,0,16.5,70.8,6.8,54.38
2024-03-31 02:00:00,2,6,3,1,0,0,16.8,63.2,4.1,51.11
2024-03-31 03:00:00,3,6,3,1,0,0,18.1,68.0,7.8,54.92
2024-03-31 04:00:00,4,6,3,1,0,0,19.6,60.8,6.2,53.01
2024-03-31 05:00:00,5,6,3,1,0,0,15.9,75.3,6.5,55.73
2024-03-31 06:00:00,6,6,3,1,0,0,17.7,62.3,4.1,50.71
2024-03-31 07:00:00,7,6,3,1,0,0,18.4,68.7,7.5,56.64
2024-03-31 08:00:00,8,6,3,1,0,0,21.9,65.5,6.3,50.05
2024-03-31 09:00:00,9,6,3,1,0,0,24.9,61.3,7.3,52.36
2024-03-31 10:00:00,10,6,3,1,0,0,27.4,55.6,21.5,76.68
2024-03-31 11:00:00,11,6,3,1,0,0,26.8,58.1,11.5,66.73
2024-03-31 12:00:00,12,6,3,1,0,0,27.4,49.7,11.2,65.67
2024-03-31 13:00:00,13,6,3,1,0,0,28.9,58.2,19.6,72.85
2024-03-31 14:00:00,14,6,3,1,0,0,27.4,59.7,20.4,68.27
2024-03-31 15:00:00,15,6,3,1,0,0,32.4,55.4,17.0,90.33
2024-03-31 16:00:00,16,6,3,1,0,0,25.1,48.0,14.4,64.41
2024-03-31 17:00:00,17,6,3,1,0,0,27.3,53.3,17.8,68.73
2024-03-31 18:00:00,18,6,3,1,0,0,29.3,54.0,13.7,79.32
2024-03-31 19:00:00,19,6,3,1,0,0,24.1,61.8,4.2,52.58
2024-03-31 20:00:00,20,6,3,1,0,0,22.0,63.3,5.4,48.34
2024-03-31 21:00:00,21,6,3,1,0,0,20.0,62.8,4.1,50.07
2024-03-31 22:00:00,22,6,3,1,0,0,18.8,66.9,5.4,51.91
2024-03-31 23:00:00,23,6,3,1,0,0,20.2,59.3,7.8,53.89
2024-04-01 00:00:00,0,0,4,0,0,0,13.0,70.8,10.7,60.75
2024-04-01 01:00:00,1,0,4,0,0,0,19.1,66.0,11.5,53.22
2024-04-01 02:00:00,2,0,4,0,0,0,13.5,69.6,10.5,52.08
2024-04-01 03:00:00,3,0,4,0,0,0,15.8,65.7,6.8,54.82
2024-04-01 04:00:00,4,0,4,0,0,0,16.2,73.5,10.5,53.94
2024-04-01 05:00:00,5,0,4,0,0,0,19.1,66.1,11.4,63.96
2024-04-01 06:00:00,6,0,4,0,0,0,16.5,62.1,11.6,59.37
2024-04-01 07:00:00,7,0,4,0,0,0,21.7,63.3,9.5,53.16
2024-04-01 08:00:00,8,0,4,0,1,0,26.2,62.2,51.3,95.64
2024-04-01 09:00:00,9,0,4,0,1,0,21.8,59.9,46.2,83.6
2024-04-01 10:00:00,10,0,4,0,1,1,26.2,63.5,82.2,136.53
2024-04-01 11:00:00,11,0,4,0,1,1,26.0,60.8,94.5,141.86
2024-04-01 12:00:00,12,0,4,0,1,1,29.0,47.8,86.9,149.01
2024-04-01 13:00:00,13,0,4,0,1,1,28.9,58.5,72.8,130.31
2024-04-01 14:00:00,14,0,4,0,1,1,27.9,56.3,82.9,143.36
2024-04-01 15:00:00,15,0,4,0,1,1,29.8,58.8,86.2,139.92
2024-04-01 16:00:00,16,0,4,0,1,1,31.5,59.2,75.4,155.98
2024-04-01 17:00:00,17,0,4,0,1,0,26.9,59.5,30.0,72.4
2024-04-01 18:00:00,18,0,4,0,1,0,27.1,65.2,33.7,79.58
2024-04-01 19:00:00,19,0,4,0,0,0,22.0,61.4,37.6,74.83
2024-04-01 20:00:00,20,0,4,0,0,0,20.9,65.4,5.4,48.06
2024-04-01 21:00:00,21,0,4,0,0,0,21.8,65.5,10.1,46.39
2024-04-01 22:00:00,22,0,4,0,0,0,22.0,61.7,6.9,53.63
2024-04-01 23:00:00,23,0,4,0,0,0,18.6,67.6,10.5,62.24
2024-04-02 00:00:00,0,1,4,0,0,0,16.6,63.5,4.8,50.33
2024-04-02 01:00:00,1,1,4,0,0,0,16.6,64.2,9.4,57.84
2024-04-02 02:00:00,2,1,4,0,0,0,14.1,62.4,6.3,57.78
2024-04-02 03:00:00,3,1,4,0,0,0,17.6,66.1,10.4,49.41
2024-04-02 04:00:00,4,1,4,0,0,0,18.8,65.6,7.2,51.72
2024-04-02 05:00:00,5,1,4,0,0,0,17.4,70.0,9.3,50.61
2024-04-02 06:00:00,6,1,4,0,0,0,18.7,67.6,11.5,53.7
2024-04-02 07:00:00,7,1,4,0,0,0,21.6,61.2,4.2,56.47
2024-04-02 08:00:00,8,1,4,0,1,0,22.0,57.4,45.3,81.33
2024-04-02 09:00:00,9,1,4,0,1,0,24.4,62.2,68.1,100.48
2024-04-02 10:00:00,10,1,4,0,1,1,29.9,61.0,89.7,159.21
2024-04-02 11:00:00,11,1,4,0,1,1,27.0,61.6,84.4,138.81
2024-04-02 12:00:00,12,1,4,0,1,1,27.8,62.4,87.4,146.61
2024-04-02 13:00:00,13,1,4,0,1,1,27.9,57.1,60.6,121.47
2024-04-02 14:00:00,14,1,4,0,1,1,30.7,54.1,78.3,151.9
2024-04-02 15:00:00,15,1,4,0,1,1,28.8,54.4,82.2,148.54
2024-04-02 16:00:00,16,1,4,0,1,1,27.3,58.2,89.2,134.3
2024-04-02 17:00:00,17,1,4,0,1,0,29.8,56.3,34.6,94.86
2024-04-02 18:00:00,18,1,4,0,1,0,28.6,58.3,36.7,93.77
2024-04-02 19:00:00,19,1,4,0,0,0,23.4,60.6,42.5,79.89
2024-04-02 20:00:00,20,1,4,0,0,0,19.5,63.3,6.5,46.93
2024-04-02 21:00:00,21,1,4,0,0,0,23.0,58.3,9.6,60.15
2024-04-02 22:00:00,22,1,4,0,0,0,18.4,68.4,10.9,52.82
2024-04-02 23:00:00,23,1,4,0,0,0,19.7,64.0,5.6,53.27
2024-04-03 00:00:00,0,2,4,0,0,0,13.9,67.1,6.9,56.55
2024-04-03 01:00:00,1,2,4,0,0,0,18.4,61.6,11.8,59.95
2024-04-03 02:00:00,2,2,4,0,0,0,14.4,62.1,11.9,51.13
2024-04-03 03:00:00,3,2,4,0,0,0,18.1,70.1,5.8,52.55
2024-04-03 04:00:00,4,2,4,0,0,0,17.5,67.5,4.5,51.4
2024-04-03 05:00:00,5,2,4,0,0,0,16.8,59.2,6.2,57.07
2024-04-03 06:00:00,6,2,4,0,0,0,19.1,67.2,7.2,54.65
2024-04-03 07:00:00,7,2,4,0,0,0,22.6,65.4,7.5,58.03
2024-04-03 08:00:00,8,2,4,0,1,0,23.3,61.7,63.6,95.52
2024-04-03 09:00:00,9,2,4,0,1,0,25.8,65.8,72.0,105.85
2024-04-03 10:00:00,10,2,4,0,1,1,29.9,57.4,85.0,154.05
2024-04-03 11:00:00,11,2,4,0,1,1,24.9,54.4,92.7,144.26
2024-04-03 12:00:00,12,2,4,0,1,1,31.6,56.8,81.4,159.48
2024-04-03 13:00:00,13,2,4,0,1,1,29.5,57.8,60.6,138.88
2024-04-03 14:00:00,14,2,4,0,1,1,28.0,55.5,83.6,142.65
2024-04-03 15:00:00,15,2,4,0,1,1,27.0,60.9,76.0,122.53
2024-04-03 16:00:00,16,2,4,0,1,1,28.4,50.9,81.7,141.45
2024-04-03 17:00:00,17,2,4,0,1,0,29.3,61.0,42.9,95.09
2024-04-03 18:00:00,18,2,4,0,1,0,26.1,55.7,29.8,75.93
2024-04-03 19:00:00,19,2,4,0,0,0,27.5,54.3,39.1,85.52
2024-04-03 20:00:00,20,2,4,0,0,0,20.5,62.7,6.4,45.07
2024-04-03 21:00:00,21,2,4,0,0,0,21.4,64.3,4.4,52.7
2024-04-03 22:00:00,22,2,4,0,0,0,17.6,65.8,8.5,54.52
2024-04-03 23:00:00,23,2,4,0,0,0,19.1,61.2,10.7,49.59
2024-04-04 00:00:00,0,3,4,0,0,0,19.3,62.0,7.3,51.02
2024-04-04 01:00:00,1,3,4,0,0,0,16.3,61.6,8.9,48.63
2024-04-04 02:00:00,2,3,4,0,0,0,12.1,68.1,11.2,59.94
2024-04-04 03:00:00,3,3,4,0,0,0,17.4,69.6,10.3,59.86
2024-04-04 04:00:00,4,3,4,0,0,0,18.5,64.5,5.6,54.75
2024-04-04 05:00:00,5,3,4,0,0,0,19.4,67.4,9.9,58.29
2024-04-04 06:00:00,6,3,4,0,0,0,22.3,67.7,8.0,52.1
2024-04-04 07:00:00,7,3,4,0,0,0,19.7,61.4,10.0,56.95
2024-04-04 08:00:00,8,3,4,0,1,0,24.5,59.6,59.8,92.18
2024-04-04 09:00:00,9,3,4,0,1,0,27.1,67.2,48.8,93.99
2024-04-04 10:00:00,10,3,4,0,1,1,23.4,66.9,88.5,131.73
2024-04-04 11:00:00,11,3,4,0,1,1,28.5,50.9,87.4,149.61
2024-04-04 12:00:00,12,3,4,0,1,1,28.0,59.4,87.8,149.03
2024-04-04 13:00:00,13,3,4,0,1,1,29.4,56.9,73.2,140.7
2024-04-04 14:00:00,14,3,4,0,1,1,30.4,59.5,90.2,158.05
2024-04-04 15:00:00,15,3,4,0,1,1,28.7,54.4,82.7,146.9
2024-04-04 16:00:00,16,3,4,0,1,1,27.7,54.8,82.7,143.67
2024-04-04 17:00:00,17,3,4,0,1,0,28.0,55.2,35.3,88.54
2024-04-04 18:00:00,18,3,4,0,1,0,24.6,58.0,35.4,68.53
2024-04-04 19:00:00,19,3,4,0,0,0,23.0,64.7,44.0,77.53
2024-04-04 20:00:00,20,3,4,0,0,0,24.5,55.6,9.2,52.23
2024-04-04 21:00:00,21,3,4,0,0,0,19.6,61.3,6.2,56.47
2024-04-04 22:00:00,22,3,4,0,0,0,21.3,55.4,8.3,53.31
2024-04-04 23:00:00,23,3,4,0,0,0,19.5,67.9,9.0,52.84
2024-04-05 00:00:00,0,4,4,0,0,0,14.8,72.2,9.1,56.38
2024-04-05 01:00:00,1,4,4,0,0,0,16.0,65.0,8.7,52.37
2024-04-05 02:00:00,2,4,4,0,0,0,19.2,62.9,5.4,51.84
2024-04-05 03:00:00,3,4,4,0,0,0,15.5,68.5,4.3,56.9
2024-04-05 04:00:00,4,4,4,0,0,0,17.1,71.4,6.7,58.54
2024-04-05 05:00:00,5,4,4,0,0,0,19.8,65.3,7.4,52.02
2024-04-05 06:00:00,6,4,4,0,0,0,21.7,59.5,4.5,50.66
2024-04-05 07:00:00,7,4,4,0,0,0,21.4,56.0,10.5,53.58
2024-04-05 08:00:00,8,4,4,0,1,0,22.5,57.3,55.3,81.65
2024-04-05 09:00:00,9,4,4,0,1,0,27.8,58.3,72.4,119.38
2024-04-05 10:00:00,10,4,4,0,1,1,29.9,53.9,82.3,165.83
2024-04-05 11:00:00,11,4,4,0,1,1,29.9,57.3,80.9,155.35
2024-04-05 12:00:00,12,4,4,0,1,1,29.3,54.8,87.2,155.45
2024-04-05 13:00:00,13,4,4,0,1,1,28.4,53.4,62.8,128.09
2024-04-05 14:00:00,14,4,4,0,1,1,28.5,52.8,90.9,148.68
2024-04-05 15:00:00,15,4,4,0,1,1,30.8,62.2,75.2,142.75
2024-04-05 16:00:00,16,4,4,0,1,1,29.9,60.1,82.0,146.29
2024-04-05 17:00:00,17,4,4,0,1,0,30.7,62.9,43.5,108.22
2024-04-05 18:00:00,18,4,4,0,1,0,28.0,60.1,32.7,84.09
2024-04-05 19:00:00,19,4,4,0,0,0,22.5,60.0,26.9,71.43
2024-04-05 20:00:00,20,4,4,0,0,0,25.4,65.0,6.4,56.18
2024-04-05 21:00:00,21,4,4,0,0,0,20.1,63.3,8.0,50.28
2024-04-05 22:00:00,22,4,4,0,0,0,19.6,64.7,5.5,50.12
2024-04-05 23:00:00,23,4,4,0,0,0,19.4,63.7,7.7,54.34
2024-04-06 00:00:00,0,5,4,1,0,0,21.7,50.5,7.2,49.59
2024-04-06 01:00:00,1,5,4,1,0,0,23.1,67.7,7.4,49.32
2024-04-06 02:00:00,2,5,4,1,0,0,18.4,66.6,3.2,46.49
2024-04-06 03:00:00,3,5,4,1,0,0,17.2,66.8,3.8,52.39
2024-04-06 04:00:00,4,5,4,1,0,0,19.1,63.9,4.4,50.0
2024-04-06 05:00:00,5,5,4,1,0,0,20.8,63.6,6.0,56.1
2024-04-06 06:00:00,6,5,4,1,0,0,20.0,61.1,4.8,48.59
2024-04-06 07:00:00,7,5,4,1,0,0,25.3,62.3,7.2,47.54
2024-04-06 08:00:00,8,5,4,1,0,0,24.2,55.3,6.6,52.55
2024-04-06 09:00:00,9,5,4,1,0,0,26.4,59.8,3.5,60.32
2024-04-06 10:00:00,10,5,4,1,0,0,28.2,60.0,17.5,71.64
2024-04-06 11:00:00,11,5,4,1,0,0,29.1,56.3,11.4,64.74
2024-04-06 12:00:00,12,5,4,1,0,0,30.9,57.4,13.1,71.5
2024-04-06 13:00:00,13,5,4,1,0,0,28.9,53.3,12.1,72.95
2024-04-06 14:00:00,14,5,4,1,0,0,29.3,53.1,12.1,67.81
2024-04-06 15:00:00,15,5,4,1,0,0,28.1,58.8,17.4,76.06
2024-04-06 16:00:00,16,5,4,1,0,0,30.2,59.1,16.8,79.83
2024-04-06 17:00:00,17,5,4,1,0,0,29.8,49.1,12.1,69.56
2024-04-06 18:00:00,18,5,4,1,0,0,27.9,60.1,21.9,77.99
2024-04-06 19:00:00,19,5,4,1,0,0,28.5,55.4,5.1,58.88
2024-04-06 20:00:00,20,5,4,1,0,0,23.8,60.1,3.5,45.89
2024-04-06 21:00:00,21,5,4,1,0,0,23.3,55.8,3.6,47.82
2024-04-06 22:00:00,22,5,4,1,0,0,18.6,61.1,5.9,54.71
2024-04-06 23:00:00,23,5,4,1,0,0,18.5,68.4,7.9,57.33
2024-04-07 00:00:00,0,6,4,1,0,0,19.6,63.9,5.9,50.98
2024-04-07 01:00:00,1,6,4,1,0,0,19.3,62.5,7.7,47.57
2024-04-07 02:00:00,2,6,4,1,0,0,17.0,65.1,5.2,46.76
2024-04-07 03:00:00,3,6,4,1,0,0,17.6,67.1,5.2,48.33
2024-04-07 04:00:00,4,6,4,1,0,0,15.7,68.3,5.5,47.82
2024-04-07 05:00:00,5,6,4,1,0,0,18.8,64.0,6.5,53.53
2024-04-07 06:00:00,6,6,4,1,0,0,22.4,66.2,4.8,57.66
2024-04-07 07:00:00,7,6,4,1,0,0,23.4,65.0,7.3,55.8
2024-04-07 08:00:00,8,6,4,1,0,0,24.9,61.7,3.1,47.94
2024-04-07 09:00:00,9,6,4,1,0,0,25.8,59.7,5.2,52.76
2024-04-07 10:00:00,10,6,4,1,0,0,27.3,61.0,16.1,65.95
2024-04-07 11:00:00,11,6,4,1,0,0,27.4,59.6,17.3,70.08
2024-04-07 12:00:00,12,6,4,1,0,0,30.9,60.1,13.3,81.92
2024-04-07 13:00:00,13,6,4,1,0,0,31.1,59.3,15.1,77.85
2024-04-07 14:00:00,14,6,4,1,0,0,31.4,51.4,15.8,86.04
2024-04-07 15:00:00,15,6,4,1,0,0,29.4,52.6,18.2,82.93
2024-04-07 16:00:00,16,6,4,1,0,0,25.8,56.6,19.3,64.65
2024-04-07 17:00:00,17,6,4,1,0,0,30.6,60.0,18.9,79.96
2024-04-07 18:00:00,18,6,4,1,0,0,26.4,52.7,14.1,62.21
2024-04-07 19:00:00,19,6,4,1,0,0,24.1,62.2,8.0,54.05
2024-04-07 20:00:00,20,6,4,1,0,0,25.3,61.2,7.2,54.25
2024-04-07 21:00:00,21,6,4,1,0,0,21.6,67.0,4.3,53.93
2024-04-07 22:00:00,22,6,4,1,0,0,22.7,62.3,4.0,45.92
2024-04-07 23:00:00,23,6,4,1,0,0,20.5,57.8,4.6,49.6
2024-04-08 00:00:00,0,0,4,0,0,0,19.9,59.7,7.6,54.53
2024-04-08 01:00:00,1,0,4,0,0,0,15.5,61.9,10.8,58.56
2024-04-08 02:00:00,2,0,4,0,0,0,19.9,61.4,10.2,62.37
2024-04-08 03:00:00,3,0,4,0,0,0,18.4,63.9,10.8,51.65
2024-04-08 04:00:00,4,0,4,0,0,0,18.0,60.2,6.2,50.38
2024-04-08 05:00:00,5,0,4,0,0,0,19.9,69.5,8.7,47.01
2024-04-08 06:00:00,6,0,4,0,0,0,17.8,59.7,6.3,48.98
2024-04-08 07:00:00,7,0,4,0,0,0,23.3,66.6,4.9,45.87
2024-04-08 08:00:00,8,0,4,0,1,0,22.4,66.6,65.5,93.49
2024-04-08 09:00:00,9,0,4,0,1,0,23.5,64.6,49.3,82.77
2024-04-08 10:00:00,10,0,4,0,1,1,24.8,57.4,90.0,134.77
2024-04-08 11:00:00,11,0,4,0,1,1,30.9,57.2,89.7,159.89
2024-04-08 12:00:00,12,0,4,0,1,1,28.8,52.2,92.2,150.45
2024-04-08 13:00:00,13,0,4,0,1,1,33.3,57.8,62.1,150.64
2024-04-08 14:00:00,14,0,4,0,1,1,29.8,56.3,88.3,152.22
2024-04-08 15:00:00,15,0,4,0,1,1,27.5,56.6,92.0,141.07
2024-04-08 16:00:00,16,0,4,0,1,1,27.9,53.1,89.5,152.85
2024-04-08 17:00:00,17,0,4,0,1,0,31.1,45.8,40.0,108.77
2024-04-08 18:00:00,18,0,4,0,1,0,27.2,54.3,38.2,93.31
2024-04-08 19:00:00,19,0,4,0,0,0,25.0,64.5,33.4,77.2
2024-04-08 20:00:00,20,0,4,0,0,0,24.5,58.7,9.8,60.41
2024-04-08 21:00:00,21,0,4,0,0,0,23.5,60.4,9.8,56.53
2024-04-08 22:00:00,22,0,4,0,0,0,23.0,64.0,9.1,55.52
2024-04-08 23:00:00,23,0,4,0,0,0,22.3,69.1,10.4,55.84
2024-04-09 00:00:00,0,1,4,0,0,0,18.2,70.1,7.6,53.13
2024-04-09 01:00:00,1,1,4,0,0,0,15.8,62.6,5.0,53.54
2024-04-09 02:00:00,2,1,4,0,0,0,17.3,57.6,8.5,52.45
2024-04-09 03:00:00,3,1,4,0,0,0,18.7,73.8,6.1,51.92
2024-04-09 04:00:00,4,1,4,0,0,0,17.1,74.6,7.1,49.34
2024-04-09 05:00:00,5,1,4,0,0,0,18.2,65.5,4.1,52.47
2024-04-09 06:00:00,6,1,4,0,0,0,21.9,57.1,7.1,50.04
2024-04-09 07:00:00,7,1,4,0,0,0,22.7,65.5,10.5,55.67
2024-04-09 08:00:00,8,1,4,0,1,0,24.6,59.8,61.3,95.2
2024-04-09 09:00:00,9,1,4,0,1,0,24.8,59.7,45.3,84.32
2024-04-09 10:00:00,10,1,4,0,1,1,27.3,62.0,87.0,148.76
2024-04-09 11:00:00,11,1,4,0,1,1,27.4,59.7,84.4,138.07
2024-04-09 12:00:00,12,1,4,0,1,1,31.7,50.6,87.2,171.14
2024-04-09 13:00:00,13,1,4,0,1,1,32.6,53.4,66.1,154.61
2024-04-09 14:00:00,14,1,4,0,1,1,27.7,60.8,90.8,140.77
2024-04-09 15:00:00,15,1,4,0,1,1,29.1,59.2,75.7,140.04
2024-04-09 16:00:00,16,1,4,0,1,1,27.4,59.4,86.6,140.4
2024-04-09 17:00:00,17,1,4,0,1,0,27.9,61.7,42.0,94.35
2024-04-09 18:00:00,18,1,4,0,1,0,27.6,56.7,44.2,91.62
2024-04-09 19:00:00,19,1,4,0,0,0,23.6,61.7,28.6,63.46
2024-04-09 20:00:00,20,1,4,0,0,0,22.8,48.0,8.3,53.68
2024-04-09 21:00:00,21,1,4,0,0,0,21.0,61.0,4.3,53.93
2024-04-09 22:00:00,22,1,4,0,0,0,21.6,65.4,8.0,55.28
2024-04-09 23:00:00,23,1,4,0,0,0,20.0,61.9,5.0,51.13
2024-04-10 00:00:00,0,2,4,0,0,0,17.8,63.2,10.7,50.38
2024-04-10 01:00:00,1,2,4,0,0,0,18.8,60.2,4.9,48.24
2024-04-10 02:00:00,2,2,4,0,0,0,17.3,69.4,8.1,55.36
2024-04-10 03:00:00,3,2,4,0,0,0,18.0,67.1,8.2,48.58
2024-04-10 04:00:00,4,2,4,0,0,0,22.1,65.3,11.8,55.48
2024-04-10 05:00:00,5,2,4,0,0,0,22.6,54.8,9.2,54.75
2024-04-10 06:00:00,6,2,4,0,0,0,19.1,63.5,6.3,56.22
2024-04-10 07:00:00,7,2,4,0,0,0,24.5,59.2,5.9,54.87
2024-04-10 08:00:00,8,2,4,0,1,0,26.2,58.0,48.8,92.9
2024-04-10 09:00:00,9,2,4,0,1,0,24.4,58.0,67.7,98.63
2024-04-10 10:00:00,10,2,4,0,1,1,29.5,55.5,90.4,152.8
2024-04-10 11:00:00,11,2,4,0,1,1,32.1,58.4,89.1,174.67
2024-04-10 12:00:00,12,2,4,0,1,1,28.3,50.0,80.6,144.64
2024-04-10 13:00:00,13,2,4,0,1,1,29.4,64.0,71.4,140.53
2024-04-10 14:00:00,14,2,4,0,1,1,33.1,56.3,85.9,179.21
2024-04-10 15:00:00,15,2,4,0,1,1,31.5,55.3,91.4,167.88
2024-04-10 16:00:00,16,2,4,0,1,1,31.4,59.1,85.0,162.64
2024-04-10 17:00:00,17,2,4,0,1,0,29.9,50.8,31.1,95.06
2024-04-10 18:00:00,18,2,4,0,1,0,28.7,54.8,32.6,88.41
2024-04-10 19:00:00,19,2,4,0,0,0,24.0,60.2,28.5,66.05
2024-04-10 20:00:00,20,2,4,0,0,0,26.6,64.3,9.8,61.0
2024-04-10 21:00:00,21,2,4,0,0,0,25.2,59.7,9.7,62.34
2024-04-10 22:00:00,22,2,4,0,0,0,21.1,64.5,5.6,54.0
2024-04-10 23:00:00,23,2,4,0,0,0,20.1,61.1,5.3,46.7
2024-04-11 00:00:00,0,3,4,0,0,0,16.6,67.8,4.6,48.38
2024-04-11 01:00:00,1,3,4,0,0,0,19.6,70.5,11.3,52.96
2024-04-11 02:00:00,2,3,4,0,0,0,19.5,67.8,5.9,56.86
2024-04-11 03:00:00,3,3,4,0,0,0,18.6,64.2,6.8,56.92
2024-04-11 04:00:00,4,3,4,0,0,0,21.4,65.2,6.2,50.46
2024-04-11 05:00:00,5,3,4,0,0,0,19.8,66.0,7.3,51.19
2024-04-11 06:00:00,6,3,4,0,0,0,22.7,63.6,9.7,55.13
2024-04-11 07:00:00,7,3,4,0,0,0,21.5,66.9,11.0,56.16
2024-04-11 08:00:00,8,3,4,0,1,0,24.9,64.5,50.5,83.5
2024-04-11 09:00:00,9,3,4,0,1,0,26.3,58.6,65.6,102.53
2024-04-11 10:00:00,10,3,4,0,1,1,28.6,60.0,85.3,145.75
2024-04-11 11:00:00,11,3,4,0,1,1,28.9,55.7,94.7,159.02
2024-04-11 12:00:00,12,3,4,0,1,1,30.4,52.5,84.5,152.37
2024-04-11 13:00:00,13,3,4,0,1,1,32.7,53.5,60.1,140.44
2024-04-11 14:00:00,14,3,4,0,1,1,30.7,55.7,83.8,160.85
2024-04-11 15:00:00,15,3,4,0,1,1,28.4,51.0,77.6,133.93
2024-04-11 16:00:00,16,3,4,0,1,1,33.8,57.3,75.8,176.26
2024-04-11 17:00:00,17,3,4,0,1,0,32.1,44.0,39.0,107.47
2024-04-11 18:00:00,18,3,4,0,1,0,25.9,70.2,39.6,83.79
2024-04-11 19:00:00,19,3,4,0,0,0,27.9,64.0,34.2,83.86
2024-04-11 20:00:00,20,3,4,0,0,0,24.1,59.6,9.4,60.55
2024-04-11 21:00:00,21,3,4,0,0,0,23.8,60.9,8.3,53.97
2024-04-11 22:00:00,22,3,4,0,0,0,22.3,63.1,9.0,58.29
2024-04-11 23:00:00,23,3,4,0,0,0,20.0,61.1,8.8,55.23
2024-04-12 00:00:00,0,4,4,0,0,0,18.2,65.5,9.3,61.52
2024-04-12 01:00:00,1,4,4,0,0,0,17.7,64.5,5.6,55.42
2024-04-12 02:00:00,2,4,4,0,0,0,17.1,65.2,6.1,52.53
2024-04-12 03:00:00,3,4,4,0,0,0,17.4,66.0,7.5,55.41
2024-04-12 04:00:00,4,4,4,0,0,0,19.5,58.6,7.6,52.64
2024-04-12 05:00:00,5,4,4,0,0,0,19.3,64.1,10.2,54.48
2024-04-12 06:00:00,6,4,4,0,0,0,23.2,61.9,6.9,48.8
2024-04-12 07:00:00,7,4,4,0,0,0,26.2,59.7,5.3,53.39
2024-04-12 08:00:00,8,4,4,0,1,0,24.2,59.7,52.5,92.74
2024-04-12 09:00:00,9,4,4,0,1,0,27.3,62.9,51.4,92.5
2024-04-12 10:00:00,10,4,4,0,1,1,29.4,55.5,91.0,157.63
2024-04-12 11:00:00,11,4,4,0,1,1,30.7,56.9,87.1,163.75
2024-04-12 12:00:00,12,4,4,0,1,1,31.0,61.0,90.6,163.68
2024-04-12 13:00:00,13,4,4,0,1,1,32.8,54.2,66.2,156.57
2024-04-12 14:00:00,14,4,4,0,1,1,32.6,55.5,90.1,174.57
2024-04-12 15:00:00,15,4,4,0,1,1,29.3,56.6,91.7,159.68
2024-04-12 16:00:00,16,4,4,0,1,1,32.4,59.8,86.4,180.0
2024-04-12 17:00:00,17,4,4,0,1,0,31.4,54.5,42.3,111.24
2024-04-12 18:00:00,18,4,4,0,1,0,27.1,63.7,35.2,81.54
2024-04-12 19:00:00,19,4,4,0,0,0,27.0,58.2,43.7,90.83
2024-04-12 20:00:00,20,4,4,0,0,0,26.4,55.6,10.7,57.03
2024-04-12 21:00:00,21,4,4,0,0,0,23.2,64.0,11.9,54.26
2024-04-12 22:00:00,22,4,4,0,0,0,23.9,59.6,9.0,50.72
2024-04-12 23:00:00,23,4,4,0,0,0,24.9,62.6,10.2,56.65
2024-04-13 00:00:00,0,5,4,1,0,0,18.4,53.7,5.7,49.35
2024-04-13 01:00:00,1,5,4,1,0,0,16.7,65.8,4.3,46.23
2024-04-13 02:00:00,2,5,4,1,0,0,19.5,62.0,4.8,50.22
2024-04-13 03:00:00,3,5,4,1,0,0,20.5,58.9,7.5,47.87
2024-04-13 04:00:00,4,5,4,1,0,0,19.4,61.7,3.3,54.62
2024-04-13 05:00:00,5,5,4,1,0,0,23.5,58.8,6.0,50.54
2024-04-13 06:00:00,6,5,4,1,0,0,19.8,63.4,4.9,54.68
2024-04-13 07:00:00,7,5,4,1,0,0,25.0,54.5,4.9,51.5
2024-04-13 08:00:00,8,5,4,1,0,0,24.4,61.7,7.4,50.01
2024-04-13 09:00:00,9,5,4,1,0,0,30.2,61.8,7.3,72.65
2024-04-13 10:00:00,10,5,4,1,0,0,32.3,56.0,17.2,86.19
2024-04-13 11:00:00,11,5,4,1,0,0,28.7,60.6,13.3,75.57
2024-04-13 12:00:00,12,5,4,1,0,0,30.1,60.8,15.7,74.87
2024-04-13 13:00:00,13,5,4,1,0,0,33.3,59.1,14.9,85.92
2024-04-13 14:00:00,14,5,4,1,0,0,31.3,63.1,14.2,82.4
2024-04-13 15:00:00,15,5,4,1,0,0,31.7,53.3,11.2,80.88
2024-04-13 16:00:00,16,5,4,1,0,0,31.1,52.9,16.5,81.19
2024-04-13 17:00:00,17,5,4,1,0,0,26.6,62.0,13.6,74.19
2024-04-13 18:00:00,18,5,4,1,0,0,28.7,60.2,17.9,72.63
2024-04-13 19:00:00,19,5,4,1,0,0,25.9,62.5,4.6,50.68
2024-04-13 20:00:00,20,5,4,1,0,0,24.6,67.8,5.2,49.36
2024-04-13 21:00:00,21,5,4,1,0,0,26.4,59.1,3.3,54.01
2024-04-13 22:00:00,22,5,4,1,0,0,19.9,65.3,8.0,58.62
2024-04-13 23:00:00,23,5,4,1,0,0,22.3,58.0,5.5,51.36
2024-04-14 00:00:00,0,6,4,1,0,0,19.6,72.3,3.1,55.24
2024-04-14 01:00:00,1,6,4,1,0,0,18.9,62.9,5.7,53.49
2024-04-14 02:00:00,2,6,4,1,0,0,20.6,61.8,7.4,56.79
2024-04-14 03:00:00,3,6,4,1,0,0,20.0,62.1,6.9,54.21
2024-04-14 04:00:00,4,6,4,1,0,0,21.1,60.2,6.5,53.89
2024-04-14 05:00:00,5,6,4,1,0,0,22.8,58.6,3.7,53.07
2024-04-14 06:00:00,6,6,4,1,0,0,21.9,60.1,6.3,50.72
2024-04-14 07:00:00,7,6,4,1,0,0,22.9,56.0,6.8,51.12
2024-04-14 08:00:00,8,6,4,1,0,0,23.7,57.8,5.9,53.37
2024-04-14 09:00:00,9,6,4,1,0,0,25.9,67.2,7.5,63.19
2024-04-14 10:00:00,10,6,4,1,0,0,34.3,56.4,13.3,84.52
2024-04-14 11:00:00,11,6,4,1,0,0,32.5,58.5,12.9,75.74
2024-04-14 12:00:00,12,6,4,1,0,0,28.9,62.0,20.4,75.55
2024-04-14 13:00:00,13,6,4,1,0,0,29.6,64.1,17.5,79.56
2024-04-14 14:00:00,14,6,4,1,0,0,33.1,47.2,10.0,81.54
2024-04-14 15:00:00,15,6,4,1,0,0,33.0,49.5,14.2,81.71
2024-04-14 16:00:00,16,6,4,1,0,0,32.3,51.7,20.3,89.33
2024-04-14 17:00:00,17,6,4,1,0,0,29.8,54.8,10.3,64.83
2024-04-14 18:00:00,18,6,4,1,0,0,28.7,56.2,10.0,68.67
2024-04-14 19:00:00,19,6,4,1,0,0,28.0,56.1,4.4,58.86
2024-04-14 20:00:00,20,6,4,1,0,0,25.9,60.2,7.6,56.79
2024-04-14 21:00:00,21,6,4,1,0,0,20.0,63.6,7.5,54.77
2024-04-14 22:00:00,22,6,4,1,0,0,22.0,59.2,5.6,52.69
2024-04-14 23:00:00,23,6,4,1,0,0,19.6,55.1,5.8,50.44
2024-04-15 00:00:00,0,0,4,0,0,0,20.6,59.1,6.7,56.13
2024-04-15 01:00:00,1,0,4,0,0,0,25.0,57.8,5.9,56.37
2024-04-15 02:00:00,2,0,4,0,0,0,20.1,62.4,10.5,49.88
2024-04-15 03:00:00,3,0,4,0,0,0,19.1,59.6,4.9,50.79
2024-04-15 04:00:00,4,0,4,0,0,0,22.0,60.1,7.9,50.23
2024-04-15 05:00:00,5,0,4,0,0,0,22.2,57.4,9.1,50.49
2024-04-15 06:00:00,6,0,4,0,0,0,23.4,60.6,4.8,53.17
2024-04-15 07:00:00,7,0,4,0,0,0,25.3,55.5,8.2,54.81
2024-04-15 08:00:00,8,0,4,0,1,0,29.6,53.4,62.3,116.4
2024-04-15 09:00:00,9,0,4,0,1,0,25.6,54.3,67.3,99.52
2024-04-15 10:00:00,10,0,4,0,1,1,30.0,55.9,83.5,159.08
2024-04-15 11:00:00,11,0,4,0,1,1,28.9,53.8,84.4,147.6
2024-04-15 12:00:00,12,0,4,0,1,1,32.6,58.3,88.5,183.17
2024-04-15 13:00:00,13,0,4,0,1,1,30.6,57.7,74.7,145.33
2024-04-15 14:00:00,14,0,4,0,1,1,31.7,55.0,78.7,155.46
2024-04-15 15:00:00,15,0,4,0,1,1,31.7,52.1,91.8,174.81
2024-04-15 16:00:00,16,0,4,0,1,1,33.3,55.7,87.1,185.66
2024-04-15 17:00:00,17,0,4,0,1,0,32.2,57.7,41.5,107.83
2024-04-15 18:00:00,18,0,4,0,1,0,26.9,59.2,26.8,70.19
2024-04-15 19:00:00,19,0,4,0,0,0,27.7,64.5,31.0,78.74
2024-04-15 20:00:00,20,0,4,0,0,0,24.7,62.0,4.5,50.52
2024-04-15 21:00:00,21,0,4,0,0,0,22.0,65.8,7.0,49.58
2024-04-15 22:00:00,22,0,4,0,0,0,22.3,62.4,11.9,57.26
2024-04-15 23:00:00,23,0,4,0,0,0,20.8,65.6,4.8,51.2
2024-04-16 00:00:00,0,1,4,0,0,0,24.9,56.9,8.5,58.07
2024-04-16 01:00:00,1,1,4,0,0,0,20.7,61.2,4.0,49.45
2024-04-16 02:00:00,2,1,4,0,0,0,17.2,66.9,9.7,56.77
2024-04-16 03:00:00,3,1,4,0,0,0,18.9,65.6,5.6,50.46
2024-04-16 04:00:00,4,1,4,0,0,0,22.4,63.9,5.0,47.99
2024-04-16 05:00:00,5,1,4,0,0,0,25.3,64.2,6.7,53.29
2024-04-16 06:00:00,6,1,4,0,0,0,20.1,57.7,10.2,50.17
2024-04-16 07:00:00,7,1,4,0,0,0,21.1,58.8,4.9,57.25
2024-04-16 08:00:00,8,1,4,0,1,0,29.5,57.8,51.9,107.39
2024-04-16 09:00:00,9,1,4,0,1,0,28.6,54.6,45.3,94.36
2024-04-16 10:00:00,10,1,4,0,1,1,27.9,71.5,94.5,154.68
2024-04-16 11:00:00,11,1,4,0,1,1,31.7,57.4,88.9,158.47
2024-04-16 12:00:00,12,1,4,0,1,1,27.1,58.2,90.8,147.88
2024-04-16 13:00:00,13,1,4,0,1,1,32.5,52.7,69.8,165.7
2024-04-16 14:00:00,14,1,4,0,1,1,33.3,52.3,77.5,175.52
2024-04-16 15:00:00,15,1,4,0,1,1,34.1,53.8,85.1,185.49
2024-04-16 16:00:00,16,1,4,0,1,1,30.0,56.9,77.2,139.01
2024-04-16 17:00:00,17,1,4,0,1,0,30.9,54.0,33.0,92.01
2024-04-16 18:00:00,18,1,4,0,1,0,27.8,56.9,36.4,80.59
2024-04-16 19:00:00,19,1,4,0,0,0,28.3,63.1,36.2,87.31
2024-04-16 20:00:00,20,1,4,0,0,0,24.6,65.8,5.0,55.81
2024-04-16 21:00:00,21,1,4,0,0,0,23.8,61.8,4.3,49.87
2024-04-16 22:00:00,22,1,4,0,0,0,21.1,57.4,10.4,56.6
2024-04-16 23:00:00,23,1,4,0,0,0,22.8,63.7,9.8,58.19
2024-04-17 00:00:00,0,2,4,0,0,0,22.3,68.1,4.7,46.19
2024-04-17 01:00:00,1,2,4,0,0,0,19.7,69.2,5.0,57.51
2024-04-17 02:00:00,2,2,4,0,0,0,20.0,66.4,11.1,59.7
2024-04-17 03:00:00,3,2,4,0,0,0,17.5,70.9,10.2,56.99
2024-04-17 04:00:00,4,2,4,0,0,0,20.3,63.5,12.0,59.6
2024-04-17 05:00:00,5,2,4,0,0,0,21.7,64.8,6.0,55.43
2024-04-17 06:00:00,6,2,4,0,0,0,27.9,55.2,7.9,63.45
2024-04-17 07:00:00,7,2,4,0,0,0,22.7,62.8,5.9,56.82
2024-04-17 08:00:00,8,2,4,0,1,0,29.1,62.4,63.7,114.0
2024-04-17 09:00:00,9,2,4,0,1,0,29.9,54.2,48.5,107.27
2024-04-17 10:00:00,10,2,4,0,1,1,30.2,52.9,81.9,160.26
2024-04-17 11:00:00,11,2,4,0,1,1,34.2,53.9,81.1,169.98
2024-04-17 12:00:00,12,2,4,0,1,1,32.7,53.7,90.4,184.43
2024-04-17 13:00:00,13,2,4,0,1,1,33.4,56.7,67.4,157.62
2024-04-17 14:00:00,14,2,4,0,1,1,32.8,52.7,85.5,173.26
2024-04-17 15:00:00,15,2,4,0,1,1,34.9,59.9,89.9,190.99
2024-04-17 16:00:00,16,2,4,0,1,1,34.0,48.5,87.6,183.76
2024-04-17 17:00:00,17,2,4,0,1,0,29.9,61.6,34.2,93.93
2024-04-17 18:00:00,18,2,4,0,1,0,27.3,55.3,44.7,90.58
2024-04-17 19:00:00,19,2,4,0,0,0,27.7,50.9,34.1,80.69
2024-04-17 20:00:00,20,2,4,0,0,0,25.0,61.0,4.9,56.62
2024-04-17 21:00:00,21,2,4,0,0,0,24.6,59.3,11.9,56.13
2024-04-17 22:00:00,22,2,4,0,0,0,25.4,55.3,4.2,54.22
2024-04-17 23:00:00,23,2,4,0,0,0,21.0,56.1,8.4,58.25
2024-04-18 00:00:00,0,3,4,0,0,0,21.0,62.8,6.5,49.75
2024-04-18 01:00:00,1,3,4,0,0,0,20.5,67.1,8.0,53.79
2024-04-18 02:00:00,2,3,4,0,0,0,21.7,64.6,8.5,52.53
2024-04-18 03:00:00,3,3,4,0,0,0,16.3,66.3,5.9,51.38
2024-04-18 04:00:00,4,3,4,0,0,0,19.9,65.5,8.5,61.02
2024-04-18 05:00:00,5,3,4,0,0,0,22.4,61.7,10.0,56.66
2024-04-18 06:00:00,6,3,4,0,0,0,25.6,53.9,6.1,56.22
2024-04-18 07:00:00,7,3,4,0,0,0,24.1,54.9,7.1,54.88
2024-04-18 08:00:00,8,3,4,0,1,0,23.3,60.4,53.0,87.54
2024-04-18 09:00:00,9,3,4,0,1,0,29.5,56.2,69.6,117.06
2024-04-18 10:00:00,10,3,4,0,1,1,28.8,60.7,90.9,156.87
2024-04-18 11:00:00,11,3,4,0,1,1,29.1,60.2,93.1,155.12
2024-04-18 12:00:00,12,3,4,0,1,1,31.2,58.1,82.6,167.95
2024-04-18 13:00:00,13,3,4,0,1,1,32.6,53.6,61.1,153.51
2024-04-18 14:00:00,14,3,4,0,1,1,32.1,49.5,77.0,157.18
2024-04-18 15:00:00,15,3,4,0,1,1,29.0,58.8,77.7,147.86
2024-04-18 16:00:00,16,3,4,0,1,1,33.9,55.9,84.1,184.08
2024-04-18 17:00:00,17,3,4,0,1,0,33.6,44.4,44.4,122.44
2024-04-18 18:00:00,18,3,4,0,1,0,31.1,52.4,32.1,95.89
2024-04-18 19:00:00,19,3,4,0,0,0,26.3,56.3,44.2,84.89
2024-04-18 20:00:00,20,3,4,0,0,0,26.3,59.6,4.3,53.34
2024-04-18 21:00:00,21,3,4,0,0,0,25.0,56.8,11.4,58.06
2024-04-18 22:00:00,22,3,4,0,0,0,24.5,60.2,5.4,49.56
2024-04-18 23:00:00,23,3,4,0,0,0,23.3,60.3,11.3,58.31
2024-04-19 00:00:00,0,4,4,0,0,0,20.0,62.9,4.4,49.1
2024-04-19 01:00:00,1,4,4,0,0,0,20.8,60.1,11.6,59.57
2024-04-19 02:00:00,2,4,4,0,0,0,21.2,60.1,5.6,55.18
2024-04-19 03:00:00,3,4,4,0,0,0,23.2,56.9,6.4,52.43
2024-04-19 04:00:00,4,4,4,0,0,0,22.5,63.3,7.9,55.54
2024-04-19 05:00:00,5,4,4,0,0,0,23.7,63.2,7.0,55.06
2024-04-19 06:00:00,6,4,4,0,0,0,23.8,57.8,9.3,50.02
2024-04-19 07:00:00,7,4,4,0,0,0,27.8,64.1,11.8,71.03
2024-04-19 08:00:00,8,4,4,0,1,0,27.6,56.9,63.2,106.6
2024-04-19 09:00:00,9,4,4,0,1,0,27.0,64.7,66.6,109.54
2024-04-19 10:00:00,10,4,4,0,1,1,32.7,52.0,81.3,177.99
2024-04-19 11:00:00,11,4,4,0,1,1,32.8,46.4,89.4,169.84
2024-04-19 12:00:00,12,4,4,0,1,1,31.7,56.9,86.8,169.73
2024-04-19 13:00:00,13,4,4,0,1,1,32.3,55.9,73.3,160.27
2024-04-19 14:00:00,14,4,4,0,1,1,33.9,53.9,81.6,176.85
2024-04-19 15:00:00,15,4,4,0,1,1,34.0,51.1,86.6,183.85
2024-04-19 16:00:00,16,4,4,0,1,1,32.9,54.3,78.9,173.29
2024-04-19 17:00:00,17,4,4,0,1,0,32.1,53.0,30.2,102.27
2024-04-19 18:00:00,18,4,4,0,1,0,33.2,53.1,32.5,106.09
2024-04-19 19:00:00,19,4,4,0,0,0,30.5,59.5,31.1,96.87
2024-04-19 20:00:00,20,4,4,0,0,0,27.2,59.2,6.0,55.9
2024-04-19 21:00:00,21,4,4,0,0,0,26.9,61.1,4.4,56.57
2024-04-19 22:00:00,22,4,4,0,0,0,21.8,61.3,10.7,53.81
2024-04-19 23:00:00,23,4,4,0,0,0,23.0,60.0,4.5,52.48
2024-04-20 00:00:00,0,5,4,1,0,0,24.8,55.5,7.4,53.65
2024-04-20 01:00:00,1,5,4,1,0,0,20.5,61.7,3.6,49.86
2024-04-20 02:00:00,2,5,4,1,0,0,19.1,50.8,3.3,48.12
2024-04-20 03:00:00,3,5,4,1,0,0,19.7,61.3,5.8,50.7
2024-04-20 04:00:00,4,5,4,1,0,0,19.6,63.5,5.5,51.93
2024-04-20 05:00:00,5,5,4,1,0,0,21.1,65.0,5.5,45.49
2024-04-20 06:00:00,6,5,4,1,0,0,23.2,60.2,5.9,44.88
2024-04-20 07:00:00,7,5,4,1,0,0,22.9,62.9,4.4,51.36
2024-04-20 08:00:00,8,5,4,1,0,0,27.2,49.7,6.3,50.42
2024-04-20 09:00:00,9,5,4,1,0,0,30.4,56.0,5.5,67.21
2024-04-20 10:00:00,10,5,4,1,0,0,28.8,50.6,14.0,69.25
2024-04-20 11:00:00,11,5,4,1,0,0,34.5,48.5,19.9,99.4
2024-04-20 12:00:00,12,5,4,1,0,0,33.7,53.2,18.7,90.88
2024-04-20 13:00:00,13,5,4,1,0,0,35.3,57.9,14.7,100.02
2024-04-20 14:00:00,14,5,4,1,0,0,32.5,56.2,20.2,92.49
2024-04-20 15:00:00,15,5,4,1,0,0,35.0,53.1,21.0,96.21
2024-04-20 16:00:00,16,5,4,1,0,0,30.8,55.9,16.4,78.6
2024-04-20 17:00:00,17,5,4,1,0,0,33.3,51.3,12.6,89.77
2024-04-20 18:00:00,18,5,4,1,0,0,30.7,53.8,21.0,81.3
2024-04-20 19:00:00,19,5,4,1,0,0,29.8,58.3,3.9,64.36
2024-04-20 20:00:00,20,5,4,1,0,0,25.0,54.5,3.2,56.31
2024-04-20 21:00:00,21,5,4,1,0,0,23.9,63.1,4.6,49.58
2024-04-20 22:00:00,22,5,4,1,0,0,25.0,58.4,6.6,57.93
2024-04-20 23:00:00,23,5,4,1,0,0,20.8,66.2,7.6,50.56
2024-04-21 00:00:00,0,6,4,1,0,0,22.6,65.5,6.2,43.22
2024-04-21 01:00:00,1,6,4,1,0,0,18.6,57.8,7.8,57.55
2024-04-21 02:00:00,2,6,4,1,0,0,22.4,59.5,3.5,51.92
2024-04-21 03:00:00,3,6,4,1,0,0,18.9,60.8,3.3,51.99
2024-04-21 04:00:00,4,6,4,1,0,0,22.7,54.4,6.0,48.82
2024-04-21 05:00:00,5,6,4,1,0,0,23.9,56.6,7.8,50.37
2024-04-21 06:00:00,6,6,4,1,0,0,22.9,71.2,5.5,55.64
2024-04-21 07:00:00,7,6,4,1,0,0,26.7,61.2,3.3,56.38
2024-04-21 08:00:00,8,6,4,1,0,0,27.9,65.6,4.1,58.95
2024-04-21 09:00:00,9,6,4,1,0,0,28.1,61.1,4.2,60.66
2024-04-21 10:00:00,10,6,4,1,0,0,28.8,54.4,14.1,75.37
2024-04-21 11:00:00,11,6,4,1,0,0,28.4,56.1,10.5,68.5
2024-04-21 12:00:00,12,6,4,1,0,0,33.6,56.3,20.9,93.49
2024-04-21 13:00:00,13,6,4,1,0,0,30.8,57.7,16.2,74.83
2024-04-21 14:00:00,14,6,4,1,0,0,34.1,51.3,18.1,95.88
2024-04-21 15:00:00,15,6,4,1,0,0,33.2,48.2,10.8,79.63
2024-04-21 16:00:00,16,6,4,1,0,0,34.2,66.7,10.6,82.27
2024-04-21 17:00:00,17,6,4,1,0,0,31.4,55.0,17.0,86.51
2024-04-21 18:00:00,18,6,4,1,0,0,30.0,55.2,20.6,83.32
2024-04-21 19:00:00,19,6,4,1,0,0,30.4,56.7,5.6,69.16
2024-04-21 20:00:00,20,6,4,1,0,0,28.0,56.9,7.4,58.42
2024-04-21 21:00:00,21,6,4,1,0,0,26.3,59.6,7.1,63.35
2024-04-21 22:00:00,22,6,4,1,0,0,25.0,65.1,3.4,55.25
2024-04-21 23:00:00,23,6,4,1,0,0,20.0,63.0,4.0,49.91
2024-04-22 00:00:00,0,0,4,0,0,0,23.4,56.5,9.3,53.05
2024-04-22 01:00:00,1,0,4,0,0,0,22.4,61.2,7.5,53.65
2024-04-22 02:00:00,2,0,4,0,0,0,19.3,62.1,6.3,51.01
2024-04-22 03:00:00,3,0,4,0,0,0,20.9,68.6,7.3,60.33
2024-04-22 04:00:00,4,0,4,0,0,0,21.9,66.9,7.6,52.24
2024-04-22 05:00:00,5,0,4,0,0,0,22.8,62.0,11.3,52.72
2024-04-22 06:00:00,6,0,4,0,0,0,25.0,54.9,4.8,58.08
2024-04-22 07:00:00,7,0,4,0,0,0,28.5,52.6,6.2,60.96
2024-04-22 08:00:00,8,0,4,0,1,0,29.6,56.8,61.1,118.28
2024-04-22 09:00:00,9,0,4,0,1,0,26.9,60.0,65.9,108.45
2024-04-22 10:00:00,10,0,4,0,1,1,32.0,53.6,89.5,168.46
2024-04-22 11:00:00,11,0,4,0,1,1,34.6,51.4,94.1,195.85
2024-04-22 12:00:00,12,0,4,0,1,1,33.9,51.4,91.9,188.42
2024-04-22 13:00:00,13,0,4,0,1,1,35.9,52.3,68.4,174.47
2024-04-22 14:00:00,14,0,4,0,1,1,37.7,41.6,78.6,204.98
2024-04-22 15:00:00,15,0,4,0,1,1,35.7,48.1,82.7,197.57
2024-04-22 16:00:00,16,0,4,0,1,1,33.7,51.4,86.8,190.82
2024-04-22 17:00:00,17,0,4,0,1,0,34.1,58.5,41.8,116.8
2024-04-22 18:00:00,18,0,4,0,1,0,31.1,52.5,44.2,106.78
2024-04-22 19:00:00,19,0,4,0,0,0,29.3,57.7,37.1,91.06
2024-04-22 20:00:00,20,0,4,0,0,0,27.0,59.5,8.2,61.16
2024-04-22 21:00:00,21,0,4,0,0,0,28.8,62.5,4.1,56.94
2024-04-22 22:00:00,22,0,4,0,0,0,22.9,66.5,4.6,48.34
2024-04-22 23:00:00,23,0,4,0,0,0,25.8,59.2,5.2,49.57
2024-04-23 00:00:00,0,1,4,0,0,0,23.1,59.4,4.4,46.57
2024-04-23 01:00:00,1,1,4,0,0,0,19.1,61.5,7.2,51.07
2024-04-23 02:00:00,2,1,4,0,0,0,22.0,61.1,6.7,58.17
2024-04-23 03:00:00,3,1,4,0,0,0,17.8,63.3,9.1,55.66
2024-04-23 04:00:00,4,1,4,0,0,0,23.4,63.3,8.3,54.18
2024-04-23 05:00:00,5,1,4,0,0,0,24.9,61.8,8.8,60.07
2024-04-23 06:00:00,6,1,4,0,0,0,23.5,63.4,7.8,54.84
2024-04-23 07:00:00,7,1,4,0,0,0,26.4,64.1,6.2,58.69
2024-04-23 08:00:00,8,1,4,0,1,0,31.4,63.0,73.6,136.46
2024-04-23 09:00:00,9,1,4,0,1,0,28.6,58.0,47.6,96.86
2024-04-23 10:00:00,10,1,4,0,1,1,29.2,61.5,94.1,151.95
2024-04-23 11:00:00,11,1,4,0,1,1,35.1,51.5,84.7,183.71
2024-04-23 12:00:00,12,1,4,0,1,1,37.0,56.3,87.7,211.06
2024-04-23 13:00:00,13,1,4,0,1,1,34.1,57.9,61.6,163.6
2024-04-23 14:00:00,14,1,4,0,1,1,36.2,56.2,76.2,184.77
2024-04-23 15:00:00,15,1,4,0,1,1,36.6,52.3,82.3,197.1
2024-04-23 16:00:00,16,1,4,0,1,1,32.2,52.3,87.6,166.3
2024-04-23 17:00:00,17,1,4,0,1,0,31.6,49.8,30.4,97.62
2024-04-23 18:00:00,18,1,4,0,1,0,33.3,54.0,36.2,108.56
2024-04-23 19:00:00,19,1,4,0,0,0,32.6,60.8,30.6,102.11
2024-04-23 20:00:00,20,1,4,0,0,0,28.9,56.0,7.1,58.61
2024-04-23 21:00:00,21,1,4,0,0,0,24.6,63.4,11.3,58.1
2024-04-23 22:00:00,22,1,4,0,0,0,28.2,61.1,10.8,68.23
2024-04-23 23:00:00,23,1,4,0,0,0,22.3,60.8,8.1,55.81
2024-04-24 00:00:00,0,2,4,0,0,0,21.9,67.4,5.9,51.62
2024-04-24 01:00:00,1,2,4,0,0,0,22.4,50.2,5.5,54.89
2024-04-24 02:00:00,2,2,4,0,0,0,24.4,55.5,11.6,52.82
2024-04-24 03:00:00,3,2,4,0,0,0,23.4,57.5,5.6,51.75
2024-04-24 04:00:00,4,2,4,0,0,0,23.2,58.0,10.5,54.94
2024-04-24 05:00:00,5,2,4,0,0,0,24.3,61.8,7.0,56.71
2024-04-24 06:00:00,6,2,4,0,0,0,24.9,61.2,11.9,51.59
2024-04-24 07:00:00,7,2,4,0,0,0,27.4,59.9,6.9,56.92
2024-04-24 08:00:00,8,2,4,0,1,0,23.5,63.4,55.5,93.55
2024-04-24 09:00:00,9,2,4,0,1,0,29.2,53.3,64.1,108.55
2024-04-24 10:00:00,10,2,4,0,1,1,31.8,50.4,94.4,177.67
2024-04-24 11:00:00,11,2,4,0,1,1,30.6,57.7,94.6,167.14
2024-04-24 12:00:00,12,2,4,0,1,1,34.4,50.9,90.6,187.77
2024-04-24 13:00:00,13,2,4,0,1,1,34.0,47.4,71.3,176.36
2024-04-24 14:00:00,14,2,4,0,1,1,37.8,54.9,84.6,214.2
2024-04-24 15:00:00,15,2,4,0,1,1,37.2,57.0,87.8,212.06
2024-04-24 16:00:00,16,2,4,0,1,1,32.9,60.7,89.6,175.41
2024-04-24 17:00:00,17,2,4,0,1,0,32.4,55.6,34.7,103.14
2024-04-24 18:00:00,18,2,4,0,1,0,31.2,58.2,37.4,103.96
2024-04-24 19:00:00,19,2,4,0,0,0,29.0,62.7,35.7,88.83
2024-04-24 20:00:00,20,2,4,0,0,0,28.5,55.0,8.5,66.67
2024-04-24 21:00:00,21,2,4,0,0,0,25.1,64.4,11.1,61.67
2024-04-24 22:00:00,22,2,4,0,0,0,22.8,62.6,6.8,55.67
2024-04-24 23:00:00,23,2,4,0,0,0,24.6,63.9,5.7,47.88
2024-04-25 00:00:00,0,3,4,0,0,0,23.8,61.6,7.7,52.45
2024-04-25 01:00:00,1,3,4,0,0,0,20.6,68.3,5.7,53.01
2024-04-25 02:00:00,2,3,4,0,0,0,23.5,61.9,8.0,52.98
2024-04-25 03:00:00,3,3,4,0,0,0,20.9,56.9,11.2,56.32
2024-04-25 04:00:00,4,3,4,0,0,0,23.2,67.1,8.9,55.35
2024-04-25 05:00:00,5,3,4,0,0,0,25.2,56.1,10.8,56.19
2024-04-25 06:00:00,6,3,4,0,0,0,25.0,65.0,5.3,52.75
2024-04-25 07:00:00,7,3,4,0,0,0,27.5,57.9,11.2,60.34
2024-04-25 08:00:00,8,3,4,0,1,0,27.4,63.0,63.1,104.84
2024-04-25 09:00:00,9,3,4,0,1,0,29.7,61.2,46.0,97.67
2024-04-25 10:00:00,10,3,4,0,1,1,31.2,57.4,89.5,166.55
2024-04-25 11:00:00,11,3,4,0,1,1,31.6,57.4,94.3,178.99
2024-04-25 12:00:00,12,3,4,0,1,1,33.6,55.7,81.2,169.84
2024-04-25 13:00:00,13,3,4,0,1,1,31.8,47.2,68.7,157.87
2024-04-25 14:00:00,14,3,4,0,1,1,34.0,54.2,90.6,192.25
2024-04-25 15:00:00,15,3,4,0,1,1,34.1,49.2,75.2,178.19
2024-04-25 16:00:00,16,3,4,0,1,1,33.5,54.7,85.7,180.55
2024-04-25 17:00:00,17,3,4,0,1,0,32.5,50.2,34.5,103.23
2024-04-25 18:00:00,18,3,4,0,1,0,31.5,50.7,31.9,98.43
2024-04-25 19:00:00,19,3,4,0,0,0,30.9,62.3,37.6,99.19
2024-04-25 20:00:00,20,3,4,0,0,0,29.9,60.8,4.4,65.29
2024-04-25 21:00:00,21,3,4,0,0,0,25.5,59.6,10.0,60.53
2024-04-25 22:00:00,22,3,4,0,0,0,22.9,62.2,4.0,49.22
2024-04-25 23:00:00,23,3,4,0,0,0,21.9,61.2,6.5,48.42
2024-04-26 00:00:00,0,4,4,0,0,0,22.1,64.3,8.0,48.88
2024-04-26 01:00:00,1,4,4,0,0,0,21.7,59.6,7.0,57.64
2024-04-26 02:00:00,2,4,4,0,0,0,20.7,67.0,6.5,55.66
2024-04-26 03:00:00,3,4,4,0,0,0,20.0,62.5,10.6,57.73
2024-04-26 04:00:00,4,4,4,0,0,0,22.1,60.4,11.5,54.88
2024-04-26 05:00:00,5,4,4,0,0,0,24.3,60.6,11.0,52.03
2024-04-26 06:00:00,6,4,4,0,0,0,26.4,56.7,8.2,57.83
2024-04-26 07:00:00,7,4,4,0,0,0,25.9,60.7,11.1,59.44
2024-04-26 08:00:00,8,4,4,0,1,0,27.8,55.9,72.6,112.61
2024-04-26 09:00:00,9,4,4,0,1,0,28.6,59.4,57.3,102.59
2024-04-26 10:00:00,10,4,4,0,1,1,31.8,60.1,84.3,156.14
2024-04-26 11:00:00,11,4,4,0,1,1,31.6,52.5,81.5,170.07
2024-04-26 12:00:00,12,4,4,0,1,1,35.2,52.3,87.2,186.95
2024-04-26 13:00:00,13,4,4,0,1,1,31.6,57.2,74.2,159.18
2024-04-26 14:00:00,14,4,4,0,1,1,34.4,51.7,84.5,189.03
2024-04-26 15:00:00,15,4,4,0,1,1,35.4,54.6,86.3,194.96
2024-04-26 16:00:00,16,4,4,0,1,1,34.5,55.6,76.9,183.02
2024-04-26 17:00:00,17,4,4,0,1,0,38.0,55.2,27.9,122.66
2024-04-26 18:00:00,18,4,4,0,1,0,32.5,52.3,34.3,104.77
2024-04-26 19:00:00,19,4,4,0,0,0,28.5,53.8,44.0,94.99
2024-04-26 20:00:00,20,4,4,0,0,0,28.4,56.4,6.9,61.13
2024-04-26 21:00:00,21,4,4,0,0,0,23.7,57.0,11.0,59.06
2024-04-26 22:00:00,22,4,4,0,0,0,25.2,62.1,5.0,52.19
2024-04-26 23:00:00,23,4,4,0,0,0,22.5,57.1,8.9,54.13
2024-04-27 00:00:00,0,5,4,1,0,0,24.8,69.5,6.0,48.98
2024-04-27 01:00:00,1,5,4,1,0,0,21.5,67.6,7.3,54.13
2024-04-27 02:00:00,2,5,4,1,0,0,22.1,62.1,3.0,48.21
2024-04-27 03:00:00,3,5,4,1,0,0,21.4,66.0,3.9,49.28
2024-04-27 04:00:00,4,5,4,1,0,0,26.3,52.5,4.1,52.59
2024-04-27 05:00:00,5,5,4,1,0,0,23.6,71.1,7.7,53.15
2024-04-27 06:00:00,6,5,4,1,0,0,28.9,54.9,3.8,55.41
2024-04-27 07:00:00,7,5,4,1,0,0,28.6,57.0,3.2,62.65
2024-04-27 08:00:00,8,5,4,1,0,0,29.7,49.3,5.7,65.75
2024-04-27 09:00:00,9,5,4,1,0,0,31.2,57.6,5.6,68.95
2024-04-27 10:00:00,10,5,4,1,0,0,32.8,50.1,20.1,85.92
2024-04-27 11:00:00,11,5,4,1,0,0,29.9,57.0,21.4,82.29
2024-04-27 12:00:00,12,5,4,1,0,0,33.9,51.6,16.5,89.4
2024-04-27 13:00:00,13,5,4,1,0,0,36.6,47.6,21.2,112.5
2024-04-27 14:00:00,14,5,4,1,0,0,35.2,49.6,18.7,100.8
2024-04-27 15:00:00,15,5,4,1,0,0,32.6,55.6,13.2,87.82
2024-04-27 16:00:00,16,5,4,1,0,0,34.3,48.4,21.1,98.61
2024-04-27 17:00:00,17,5,4,1,0,0,36.5,49.0,18.0,107.39
2024-04-27 18:00:00,18,5,4,1,0,0,34.3,56.1,15.0,92.83
2024-04-27 19:00:00,19,5,4,1,0,0,30.4,66.6,6.4,67.23
2024-04-27 20:00:00,20,5,4,1,0,0,30.5,58.1,5.0,68.27
2024-04-27 21:00:00,21,5,4,1,0,0,26.5,55.3,3.6,52.69
2024-04-27 22:00:00,22,5,4,1,0,0,22.5,60.3,6.6,59.37
2024-04-27 23:00:00,23,5,4,1,0,0,22.6,61.8,7.1,52.79
2024-04-28 00:00:00,0,6,4,1,0,0,26.2,57.8,6.6,57.08
2024-04-28 01:00:00,1,6,4,1,0,0,22.3,65.5,4.1,52.2
2024-04-28 02:00:00,2,6,4,1,0,0,22.1,62.9,7.8,50.14
2024-04-28 03:00:00,3,6,4,1,0,0,22.2,65.6,3.1,54.46
2024-04-28 04:00:00,4,6,4,1,0,0,26.8,57.5,4.7,53.69
2024-04-28 05:00:00,5,6,4,1,0,0,27.4,63.6,4.3,54.17
2024-04-28 06:00:00,6,6,4,1,0,0,29.8,56.0,3.2,63.35
2024-04-28 07:00:00,7,6,4,1,0,0,27.1,54.6,5.0,53.87
2024-04-28 08:00:00,8,6,4,1,0,0,29.6,65.5,6.1,70.93
2024-04-28 09:00:00,9,6,4,1,0,0,28.0,50.6,7.4,61.64
2024-04-28 10:00:00,10,6,4,1,0,0,35.0,50.0,21.9,91.78
2024-04-28 11:00:00,11,6,4,1,0,0,31.5,52.9,19.7,85.98
2024-04-28 12:00:00,12,6,4,1,0,0,35.1,63.0,15.6,97.01
2024-04-28 13:00:00,13,6,4,1,0,0,33.4,61.3,18.7,90.46
2024-04-28 14:00:00,14,6,4,1,0,0,34.5,59.3,20.1,93.56
2024-04-28 15:00:00,15,6,4,1,0,0,33.8,52.5,15.6,89.71
2024-04-28 16:00:00,16,6,4,1,0,0,33.6,63.7,19.4,91.84
2024-04-28 17:00:00,17,6,4,1,0,0,32.7,56.1,15.8,82.87
2024-04-28 18:00:00,18,6,4,1,0,0,31.3,59.5,14.6,76.17
2024-04-28 19:00:00,19,6,4,1,0,0,32.2,55.7,5.6,74.19
2024-04-28 20:00:00,20,6,4,1,0,0,27.1,58.3,6.4,61.99
2024-04-28 21:00:00,21,6,4,1,0,0,27.8,57.0,6.6,62.63
2024-04-28 22:00:00,22,6,4,1,0,0,28.0,57.1,4.8,54.66
2024-04-28 23:00:00,23,6,4,1,0,0,23.5,63.5,5.9,54.22
2024-04-29 00:00:00,0,0,4,0,0,0,22.4,63.3,11.3,58.61
2024-04-29 01:00:00,1,0,4,0,0,0,22.6,61.6,11.8,60.96
2024-04-29 02:00:00,2,0,4,0,0,0,24.9,66.1,5.8,50.51
2024-04-29 03:00:00,3,0,4,0,0,0,23.4,49.3,5.5,51.78
2024-04-29 04:00:00,4,0,4,0,0,0,22.7,63.6,9.4,56.58
2024-04-29 05:00:00,5,0,4,0,0,0,25.6,62.5,7.3,54.44
2024-04-29 06:00:00,6,0,4,0,0,0,24.0,65.3,4.2,52.79
2024-04-29 07:00:00,7,0,4,0,0,0,28.8,57.1,6.8,64.09
2024-04-29 08:00:00,8,0,4,0,1,0,30.0,57.3,69.2,122.67
2024-04-29 09:00:00,9,0,4,0,1,0,30.4,60.2,68.9,124.98
2024-04-29 10:00:00,10,0,4,0,1,1,31.0,61.8,87.4,168.85
2024-04-29 11:00:00,11,0,4,0,1,1,32.3,53.7,87.1,172.5
2024-04-29 12:00:00,12,0,4,0,1,1,35.9,53.4,88.7,198.35
2024-04-29 13:00:00,13,0,4,0,1,1,37.8,57.8,63.3,190.76
2024-04-29 14:00:00,14,0,4,0,1,1,34.6,44.8,83.9,181.71
2024-04-29 15:00:00,15,0,4,0,1,1,36.4,49.3,75.2,188.83
2024-04-29 16:00:00,16,0,4,0,1,1,31.2,61.5,83.1,158.34
2024-04-29 17:00:00,17,0,4,0,1,0,32.8,58.9,31.7,100.41
2024-04-29 18:00:00,18,0,4,0,1,0,32.5,56.8,38.5,106.64
2024-04-29 19:00:00,19,0,4,0,0,0,29.3,55.2,37.8,101.44
2024-04-29 20:00:00,20,0,4,0,0,0,27.6,54.7,7.0,59.96
2024-04-29 21:00:00,21,0,4,0,0,0,26.4,56.7,4.1,52.7
2024-04-29 22:00:00,22,0,4,0,0,0,26.6,65.1,6.0,63.97
2024-04-29 23:00:00,23,0,4,0,0,0,24.3,58.0,9.1,57.76
2024-04-30 00:00:00,0,1,4,0,0,0,19.9,64.0,4.6,53.63
2024-04-30 01:00:00,1,1,4,0,0,0,19.4,60.9,4.9,48.86
2024-04-30 02:00:00,2,1,4,0,0,0,21.9,65.5,9.2,58.44
2024-04-30 03:00:00,3,1,4,0,0,0,24.1,58.5,10.0,57.91
2024-04-30 04:00:00,4,1,4,0,0,0,18.9,63.9,6.6,53.22
2024-04-30 05:00:00,5,1,4,0,0,0,24.0,54.0,7.9,48.2
2024-04-30 06:00:00,6,1,4,0,0,0,25.3,53.3,11.6,58.63
2024-04-30 07:00:00,7,1,4,0,0,0,30.3,56.3,11.6,78.76
2024-04-30 08:00:00,8,1,4,0,1,0,28.8,52.0,54.2,106.28
2024-04-30 09:00:00,9,1,4,0,1,0,31.9,63.6,69.3,135.59
2024-04-30 10:00:00,10,1,4,0,1,1,33.0,46.2,88.9,182.26
2024-04-30 11:00:00,11,1,4,0,1,1,30.3,53.1,94.6,162.61
2024-04-30 12:00:00,12,1,4,0,1,1,36.5,52.0,87.2,197.46
2024-04-30 13:00:00,13,1,4,0,1,1,36.2,50.7,71.6,184.41
2024-04-30 14:00:00,14,1,4,0,1,1,36.9,47.3,88.1,218.68
2024-04-30 15:00:00,15,1,4,0,1,1,42.9,43.6,83.5,250.62
2024-04-30 16:00:00,16,1,4,0,1,1,31.4,51.6,88.5,170.13
2024-04-30 17:00:00,17,1,4,0,1,0,37.2,50.3,30.2,126.47
2024-04-30 18:00:00,18,1,4,0,1,0,32.2,62.8,27.4,98.36
2024-04-30 19:00:00,19,1,4,0,0,0,31.7,55.6,33.5,101.9
2024-04-30 20:00:00,20,1,4,0,0,0,29.4,61.7,11.5,71.56
2024-04-30 21:00:00,21,1,4,0,0,0,27.1,60.6,8.0,57.42
2024-04-30 22:00:00,22,1,4,0,0,0,25.2,64.3,9.1,55.31
2024-04-30 23:00:00,23,1,4,0,0,0,25.5,48.5,9.0,59.86
2024-05-01 00:00:00,0,2,5,0,0,0,21.4,61.3,5.1,47.81
2024-05-01 01:00:00,1,2,5,0,0,0,24.8,65.4,7.1,50.99
2024-05-01 02:00:00,2,2,5,0,0,0,22.5,59.5,9.7,55.96
2024-05-01 03:00:00,3,2,5,0,0,0,21.4,69.6,11.8,53.97
2024-05-01 04:00:00,4,2,5,0,0,0,23.3,67.1,5.3,54.45
2024-05-01 05:00:00,5,2,5,0,0,0,27.4,56.4,7.3,58.22
2024-05-01 06:00:00,6,2,5,0,0,0,25.5,57.6,4.8,54.8
2024-05-01 07:00:00,7,2,5,0,0,0,28.7,53.4,5.9,64.14
2024-05-01 08:00:00,8,2,5,0,1,0,28.4,55.1,56.3,103.92
2024-05-01 09:00:00,9,2,5,0,1,0,32.8,49.6,61.2,133.16
2024-05-01 10:00:00,10,2,5,0,1,1,34.2,55.3,83.5,178.47
2024-05-01 11:00:00,11,2,5,0,1,1,37.7,45.3,83.4,203.54
2024-05-01 12:00:00,12,2,5,0,1,1,35.1,55.3,91.7,193.67
2024-05-01 13:00:00,13,2,5,0,1,1,37.2,54.0,74.4,192.07
2024-05-01 14:00:00,14,2,5,0,1,1,36.4,45.4,80.5,193.43
2024-05-01 15:00:00,15,2,5,0,1,1,38.4,56.8,86.7,216.51
2024-05-01 16:00:00,16,2,5,0,1,1,34.1,55.7,79.4,175.02
2024-05-01 17:00:00,17,2,5,0,1,0,35.7,55.5,43.6,132.59
2024-05-01 18:00:00,18,2,5,0,1,0,32.6,51.6,38.5,102.53
2024-05-01 19:00:00,19,2,5,0,0,0,31.3,58.1,41.1,111.46
2024-05-01 20:00:00,20,2,5,0,0,0,29.9,61.1,4.4,68.63
2024-05-01 21:00:00,21,2,5,0,0,0,28.5,57.2,8.8,60.1
2024-05-01 22:00:00,22,2,5,0,0,0,26.3,67.1,8.2,51.75
2024-05-01 23:00:00,23,2,5,0,0,0,25.5,59.8,6.3,55.25
2024-05-02 00:00:00,0,3,5,0,0,0,27.2,63.0,6.1,55.53
2024-05-02 01:00:00,1,3,5,0,0,0,25.5,60.8,8.6,59.97
2024-05-02 02:00:00,2,3,5,0,0,0,25.0,62.3,9.7,57.89
2024-05-02 03:00:00,3,3,5,0,0,0,22.9,54.8,4.3,51.49
2024-05-02 04:00:00,4,3,5,0,0,0,22.8,63.0,8.5,52.3
2024-05-02 05:00:00,5,3,5,0,0,0,27.1,55.6,5.4,63.41
2024-05-02 06:00:00,6,3,5,0,0,0,28.3,54.3,5.1,63.68
2024-05-02 07:00:00,7,3,5,0,0,0,30.9,62.8,9.0,74.69
2024-05-02 08:00:00,8,3,5,0,1,0,28.9,56.4,54.3,109.98
2024-05-02 09:00:00,9,3,5,0,1,0,31.3,51.6,58.2,119.01
2024-05-02 10:00:00,10,3,5,0,1,1,30.3,54.9,85.4,160.32
2024-05-02 11:00:00,11,3,5,0,1,1,33.9,48.6,89.7,182.84
2024-05-02 12:00:00,12,3,5,0,1,1,37.4,57.1,87.1,216.5
2024-05-02 13:00:00,13,3,5,0,1,1,35.4,49.9,74.5,184.45
2024-05-02 14:00:00,14,3,5,0,1,1,37.6,53.3,81.0,196.15
2024-05-02 15:00:00,15,3,5,0,1,1,35.9,57.8,87.6,206.96
2024-05-02 16:00:00,16,3,5,0,1,1,36.2,50.2,79.4,188.25
2024-05-02 17:00:00,17,3,5,0,1,0,32.5,56.9,35.2,102.19
2024-05-02 18:00:00,18,3,5,0,1,0,33.4,50.0,36.1,109.08
2024-05-02 19:00:00,19,3,5,0,0,0,26.3,68.9,31.6,70.51
2024-05-02 20:00:00,20,3,5,0,0,0,29.6,60.5,7.8,63.95
2024-05-02 21:00:00,21,3,5,0,0,0,25.4,58.9,6.2,55.64
2024-05-02 22:00:00,22,3,5,0,0,0,28.9,54.2,4.0,60.9
2024-05-02 23:00:00,23,3,5,0,0,0,26.8,58.3,5.7,56.92
2024-05-03 00:00:00,0,4,5,0,0,0,25.4,58.4,9.6,54.49
2024-05-03 01:00:00,1,4,5,0,0,0,26.7,66.6,10.2,61.24
2024-05-03 02:00:00,2,4,5,0,0,0,22.0,57.2,6.2,51.42
2024-05-03 03:00:00,3,4,5,0,0,0,27.1,59.1,7.3,54.58
2024-05-03 04:00:00,4,4,5,0,0,0,26.3,59.0,4.3,54.79
2024-05-03 05:00:00,5,4,5,0,0,0,25.2,59.4,5.9,50.24
2024-05-03 06:00:00,6,4,5,0,0,0,29.0,56.8,10.2,70.63
2024-05-03 07:00:00,7,4,5,0,0,0,26.5,58.5,8.8,58.21
2024-05-03 08:00:00,8,4,5,0,1,0,28.7,60.9,51.2,110.55
2024-05-03 09:00:00,9,4,5,0,1,0,30.8,58.4,52.7,117.35
2024-05-03 10:00:00,10,4,5,0,1,1,32.5,56.4,92.3,185.2
2024-05-03 11:00:00,11,4,5,0,1,1,32.9,42.3,83.1,174.37
2024-05-03 12:00:00,12,4,5,0,1,1,38.0,52.1,85.0,208.03
2024-05-03 13:00:00,13,4,5,0,1,1,36.0,45.7,70.0,188.03
2024-05-03 14:00:00,14,4,5,0,1,1,37.3,54.0,84.5,203.0
2024-05-03 15:00:00,15,4,5,0,1,1,35.5,58.5,82.8,194.36
2024-05-03 16:00:00,16,4,5,0,1,1,32.6,51.0,90.3,179.71
2024-05-03 17:00:00,17,4,5,0,1,0,35.3,51.7,29.4,110.17
2024-05-03 18:00:00,18,4,5,0,1,0,30.0,54.1,39.8,97.67
2024-05-03 19:00:00,19,4,5,0,0,0,31.8,60.2,28.2,95.26
2024-05-03 20:00:00,20,4,5,0,0,0,27.7,58.5,8.9,62.7
2024-05-03 21:00:00,21,4,5,0,0,0,32.1,61.9,11.0,78.84
2024-05-03 22:00:00,22,4,5,0,0,0,28.6,59.1,7.7,59.16
2024-05-03 23:00:00,23,4,5,0,0,0,25.8,60.4,9.8,65.96
2024-05-04 00:00:00,0,5,5,1,0,0,27.1,58.8,7.1,60.41
2024-05-04 01:00:00,1,5,5,1,0,0,22.6,65.0,3.7,52.06
2024-05-04 02:00:00,2,5,5,1,0,0,24.9,53.1,6.5,52.98
2024-05-04 03:00:00,3,5,5,1,0,0,24.5,60.7,7.6,51.35
2024-05-04 04:00:00,4,5,5,1,0,0,25.3,59.5,5.9,54.91
2024-05-04 05:00:00,5,5,5,1,0,0,28.1,60.7,3.9,60.63
2024-05-04 06:00:00,6,5,5,1,0,0,28.5,56.8,3.6,64.71
2024-05-04 07:00:00,7,5,5,1,0,0,29.3,52.8,4.3,70.07
2024-05-04 08:00:00,8,5,5,1,0,0,27.5,58.3,3.5,62.5
2024-05-04 09:00:00,9,5,5,1,0,0,30.4,51.9,5.6,62.27
2024-05-04 10:00:00,10,5,5,1,0,0,33.5,46.3,10.8,82.21
2024-05-04 11:00:00,11,5,5,1,0,0,35.2,55.8,12.7,93.34
2024-05-04 12:00:00,12,5,5,1,0,0,34.0,56.0,15.3,89.22
2024-05-04 13:00:00,13,5,5,1,0,0,41.1,50.6,15.7,121.03
2024-05-04 14:00:00,14,5,5,1,0,0,39.7,54.9,16.8,109.57
2024-05-04 15:00:00,15,5,5,1,0,0,37.8,48.4,18.5,113.18
2024-05-04 16:00:00,16,5,5,1,0,0,36.2,46.4,10.6,87.68
2024-05-04 17:00:00,17,5,5,1,0,0,34.7,52.9,11.0,83.35
2024-05-04 18:00:00,18,5,5,1,0,0,32.0,53.7,10.7,74.94
2024-05-04 19:00:00,19,5,5,1,0,0,32.3,51.5,5.1,73.2
2024-05-04 20:00:00,20,5,5,1,0,0,30.9,55.6,3.2,61.99
2024-05-04 21:00:00,21,5,5,1,0,0,26.5,56.5,6.7,54.41
2024-05-04 22:00:00,22,5,5,1,0,0,27.8,50.7,4.1,62.74
2024-05-04 23:00:00,23,5,5,1,0,0,25.6,57.8,7.7,56.08
2024-05-05 00:00:00,0,6,5,1,0,0,21.6,57.8,5.4,53.28
2024-05-05 01:00:00,1,6,5,1,0,0,22.8,62.5,5.2,47.79
2024-05-05 02:00:00,2,6,5,1,0,0,23.4,58.5,6.9,52.8
2024-05-05 03:00:00,3,6,5,1,0,0,27.8,62.5,6.6,60.71
2024-05-05 04:00:00,4,6,5,1,0,0,26.0,65.7,6.0,53.51
2024-05-05 05:00:00,5,6,5,1,0,0,23.7,63.6,7.7,53.38
2024-05-05 06:00:00,6,6,5,1,0,0,28.3,51.5,5.1,55.22
2024-05-05 07:00:00,7,6,5,1,0,0,26.2,65.2,7.0,58.71
2024-05-05 08:00:00,8,6,5,1,0,0,32.6,61.0,4.9,73.02
2024-05-05 09:00:00,9,6,5,1,0,0,31.5,55.5,7.2,72.16
2024-05-05 10:00:00,10,6,5,1,0,0,33.8,59.1,13.1,90.03
2024-05-05 11:00:00,11,6,5,1,0,0,37.7,48.9,13.5,104.74
2024-05-05 12:00:00,12,6,5,1,0,0,34.0,46.2,18.1,92.57
2024-05-05 13:00:00,13,6,5,1,0,0,34.4,50.4,12.6,85.48
2024-05-05 14:00:00,14,6,5,1,0,0,36.1,59.1,12.7,100.08
2024-05-05 15:00:00,15,6,5,1,0,0,38.8,44.4,13.7,103.97
2024-05-05 16:00:00,16,6,5,1,0,0,33.6,54.0,18.1,93.99
2024-05-05 17:00:00,17,6,5,1,0,0,30.2,56.5,20.7,76.25
2024-05-05 18:00:00,18,6,5,1,0,0,33.1,52.3,18.1,92.91
2024-05-05 19:00:00,19,6,5,1,0,0,33.3,52.4,7.1,82.22
2024-05-05 20:00:00,20,6,5,1,0,0,32.8,54.8,5.7,69.68
2024-05-05 21:00:00,21,6,5,1,0,0,28.2,55.5,3.3,60.9
2024-05-05 22:00:00,22,6,5,1,0,0,26.7,53.1,3.5,56.94
2024-05-05 23:00:00,23,6,5,1,0,0,28.1,58.7,5.8,63.56
2024-05-06 00:00:00,0,0,5,0,0,0,21.9,66.5,6.6,53.92
2024-05-06 01:00:00,1,0,5,0,0,0,23.9,64.2,5.8,49.1
2024-05-06 02:00:00,2,0,5,0,0,0,24.7,57.0,7.7,53.88
2024-05-06 03:00:00,3,0,5,0,0,0,25.4,54.7,9.3,62.52
2024-05-06 04:00:00,4,0,5,0,0,0,24.3,59.4,7.1,49.92
2024-05-06 05:00:00,5,0,5,0,0,0,26.4,65.3,10.4,61.49
2024-05-06 06:00:00,6,0,5,0,0,0,23.2,63.8,9.9,58.81
2024-05-06 07:00:00,7,0,5,0,0,0,28.0,60.7,9.9,61.31
2024-05-06 08:00:00,8,0,5,0,1,0,31.7,58.9,74.6,136.32
2024-05-06 09:00:00,9,0,5,0,1,0,30.8,57.6,53.9,111.35
2024-05-06 10:00:00,10,0,5,0,1,1,34.3,54.0,89.7,195.97
2024-05-06 11:00:00,11,0,5,0,1,1,36.3,54.7,92.8,202.02
2024-05-06 12:00:00,12,0,5,0,1,1,35.9,50.2,88.7,199.52
2024-05-06 13:00:00,13,0,5,0,1,1,37.5,45.6,71.8,197.37
2024-05-06 14:00:00,14,0,5,0,1,1,35.7,55.4,82.0,193.5
2024-05-06 15:00:00,15,0,5,0,1,1,36.8,56.7,85.0,202.74
2024-05-06 16:00:00,16,0,5,0,1,1,37.6,46.7,75.9,194.7
2024-05-06 17:00:00,17,0,5,0,1,0,35.8,55.7,44.7,132.57
2024-05-06 18:00:00,18,0,5,0,1,0,33.1,61.1,41.0,115.73
2024-05-06 19:00:00,19,0,5,0,0,0,33.0,54.4,42.4,120.43
2024-05-06 20:00:00,20,0,5,0,0,0,32.2,51.7,9.6,79.04
2024-05-06 21:00:00,21,0,5,0,0,0,25.5,60.1,5.5,61.06
2024-05-06 22:00:00,22,0,5,0,0,0,29.7,54.5,4.2,65.96
2024-05-06 23:00:00,23,0,5,0,0,0,25.7,57.0,10.9,56.64
2024-05-07 00:00:00,0,1,5,0,0,0,26.3,60.8,7.2,65.03
2024-05-07 01:00:00,1,1,5,0,0,0,27.0,52.2,6.1,58.2
2024-05-07 02:00:00,2,1,5,0,0,0,22.2,56.2,8.5,50.74
2024-05-07 03:00:00,3,1,5,0,0,0,23.6,61.1,7.4,60.76
2024-05-07 04:00:00,4,1,5,0,0,0,25.0,59.9,9.2,53.92
2024-05-07 05:00:00,5,1,5,0,0,0,25.1,61.3,7.9,53.03
2024-05-07 06:00:00,6,1,5,0,0,0,31.0,63.3,9.6,71.9
2024-05-07 07:00:00,7,1,5,0,0,0,27.9,58.4,10.8,65.47
2024-05-07 08:00:00,8,1,5,0,1,0,30.1,58.8,50.9,111.97
2024-05-07 09:00:00,9,1,5,0,1,0,33.2,50.4,54.9,121.12
2024-05-07 10:00:00,10,1,5,0,1,1,32.2,58.0,86.6,177.58
2024-05-07 11:00:00,11,1,5,0,1,1,35.0,50.9,94.4,196.63
2024-05-07 12:00:00,12,1,5,0,1,1,37.3,51.7,85.5,202.63
2024-05-07 13:00:00,13,1,5,0,1,1,36.8,51.3,65.7,186.77
2024-05-07 14:00:00,14,1,5,0,1,1,37.5,55.4,86.1,206.71
2024-05-07 15:00:00,15,1,5,0,1,1,36.4,46.8,82.1,200.37
2024-05-07 16:00:00,16,1,5,0,1,1,34.0,44.6,91.2,193.19
2024-05-07 17:00:00,17,1,5,0,1,0,36.3,51.2,42.9,135.85
2024-05-07 18:00:00,18,1,5,0,1,0,37.5,53.1,35.3,135.59
2024-05-07 19:00:00,19,1,5,0,0,0,32.8,55.1,37.9,101.6
2024-05-07 20:00:00,20,1,5,0,0,0,31.5,60.4,4.5,73.79
2024-05-07 21:00:00,21,1,5,0,0,0,30.7,57.8,9.6,77.62
2024-05-07 22:00:00,22,1,5,0,0,0,25.6,57.3,9.7,59.56
2024-05-07 23:00:00,23,1,5,0,0,0,29.6,47.5,6.9,64.49
2024-05-08 00:00:00,0,2,5,0,0,0,26.1,58.3,5.8,52.45
2024-05-08 01:00:00,1,2,5,0,0,0,28.0,62.0,11.3,73.22
2024-05-08 02:00:00,2,2,5,0,0,0,23.5,59.5,7.4,50.43
2024-05-08 03:00:00,3,2,5,0,0,0,28.3,57.8,9.2,69.63
2024-05-08 04:00:00,4,2,5,0,0,0,27.1,60.2,4.3,58.65
2024-05-08 05:00:00,5,2,5,0,0,0,27.7,54.0,7.3,68.0
2024-05-08 06:00:00,6,2,5,0,0,0,28.5,60.0,10.5,65.47
2024-05-08 07:00:00,7,2,5,0,0,0,29.2,63.6,7.1,60.48
2024-05-08 08:00:00,8,2,5,0,1,0,33.5,53.4,63.1,140.19
2024-05-08 09:00:00,9,2,5,0,1,0,33.3,49.7,51.3,121.56
2024-05-08 10:00:00,10,2,5,0,1,1,31.1,55.5,86.2,170.46
2024-05-08 11:00:00,11,2,5,0,1,1,33.9,44.9,93.9,195.69
2024-05-08 12:00:00,12,2,5,0,1,1,36.6,53.2,88.5,213.92
2024-05-08 13:00:00,13,2,5,0,1,1,38.2,52.6,73.5,201.49
2024-05-08 14:00:00,14,2,5,0,1,1,37.7,57.8,90.3,221.14
2024-05-08 15:00:00,15,2,5,0,1,1,39.8,48.9,91.1,233.45
2024-05-08 16:00:00,16,2,5,0,1,1,33.5,55.7,90.2,188.13
2024-05-08 17:00:00,17,2,5,0,1,0,36.2,48.7,25.1,117.49
2024-05-08 18:00:00,18,2,5,0,1,0,31.3,54.2,43.7,104.37
2024-05-08 19:00:00,19,2,5,0,0,0,34.4,47.3,27.7,103.68
2024-05-08 20:00:00,20,2,5,0,0,0,31.2,54.9,4.3,68.01
2024-05-08 21:00:00,21,2,5,0,0,0,30.4,55.0,4.4,64.64
2024-05-08 22:00:00,22,2,5,0,0,0,26.5,60.1,6.8,53.22
2024-05-08 23:00:00,23,2,5,0,0,0,29.1,54.6,9.0,58.35
2024-05-09 00:00:00,0,3,5,0,0,0,27.8,58.4,7.2,55.8
2024-05-09 01:00:00,1,3,5,0,0,0,26.3,57.8,4.2,58.88
2024-05-09 02:00:00,2,3,5,0,0,0,24.8,58.8,7.8,54.81
2024-05-09 03:00:00,3,3,5,0,0,0,26.3,59.4,7.5,60.61
2024-05-09 04:00:00,4,3,5,0,0,0,24.7,60.4,10.1,54.47
2024-05-09 05:00:00,5,3,5,0,0,0,28.5,60.6,6.2,62.47
2024-05-09 06:00:00,6,3,5,0,0,0,31.3,55.1,5.7,76.02
2024-05-09 07:00:00,7,3,5,0,0,0,31.8,53.8,6.0,77.75
2024-05-09 08:00:00,8,3,5,0,1,0,30.3,55.6,54.1,116.0
2024-05-09 09:00:00,9,3,5,0,1,0,33.9,50.9,63.0,143.19
2024-05-09 10:00:00,10,3,5,0,1,1,32.5,53.3,87.1,180.11
2024-05-09 11:00:00,11,3,5,0,1,1,37.2,59.6,85.1,208.38
2024-05-09 12:00:00,12,3,5,0,1,1,38.0,47.2,85.6,218.09
2024-05-09 13:00:00,13,3,5,0,1,1,34.5,52.2,65.6,163.19
2024-05-09 14:00:00,14,3,5,0,1,1,36.0,50.8,91.5,206.38
2024-05-09 15:00:00,15,3,5,0,1,1,37.3,50.4,79.0,192.7
2024-05-09 16:00:00,16,3,5,0,1,1,36.7,50.5,88.9,216.26
2024-05-09 17:00:00,17,3,5,0,1,0,34.0,54.8,39.2,116.01
2024-05-09 18:00:00,18,3,5,0,1,0,35.5,45.8,25.1,103.84
2024-05-09 19:00:00,19,3,5,0,0,0,33.7,58.1,44.9,119.84
2024-05-09 20:00:00,20,3,5,0,0,0,31.2,58.2,10.1,72.03
2024-05-09 21:00:00,21,3,5,0,0,0,28.5,52.6,9.5,63.78
2024-05-09 22:00:00,22,3,5,0,0,0,30.2,47.3,7.2,66.89
2024-05-09 23:00:00,23,3,5,0,0,0,29.9,52.7,8.4,66.93
2024-05-10 00:00:00,0,4,5,0,0,0,25.3,58.8,6.0,53.51
2024-05-10 01:00:00,1,4,5,0,0,0,24.4,70.7,4.3,51.38
2024-05-10 02:00:00,2,4,5,0,0,0,26.2,61.3,10.7,62.63
2024-05-10 03:00:00,3,4,5,0,0,0,24.9,52.8,11.2,56.75
2024-05-10 04:00:00,4,4,5,0,0,0,25.9,56.6,5.3,56.33
2024-05-10 05:00:00,5,4,5,0,0,0,28.5,57.3,10.3,66.34
2024-05-10 06:00:00,6,4,5,0,0,0,25.1,60.9,9.9,58.72
2024-05-10 07:00:00,7,4,5,0,0,0,32.5,49.5,5.4,74.63
2024-05-10 08:00:00,8,4,5,0,1,0,31.9,54.6,57.7,123.05
2024-05-10 09:00:00,9,4,5,0,1,0,32.7,51.7,57.7,126.74
2024-05-10 10:00:00,10,4,5,0,1,1,34.9,48.7,91.4,202.18
2024-05-10 11:00:00,11,4,5,0,1,1,36.3,53.1,92.6,218.96
2024-05-10 12:00:00,12,4,5,0,1,1,34.3,56.6,81.4,179.71
2024-05-10 13:00:00,13,4,5,0,1,1,40.8,52.3,68.4,214.12
2024-05-10 14:00:00,14,4,5,0,1,1,38.4,52.9,87.9,217.12
2024-05-10 15:00:00,15,4,5,0,1,1,38.9,48.3,88.4,219.58
2024-05-10 16:00:00,16,4,5,0,1,1,39.1,53.0,77.5,208.15
2024-05-10 17:00:00,17,4,5,0,1,0,34.5,54.6,35.5,110.65
2024-05-10 18:00:00,18,4,5,0,1,0,35.9,52.9,42.2,129.58
2024-05-10 19:00:00,19,4,5,0,0,0,33.0,52.0,31.4,104.38
2024-05-10 20:00:00,20,4,5,0,0,0,33.3,52.2,7.4,75.85
2024-05-10 21:00:00,21,4,5,0,0,0,26.3,59.4,10.4,57.39
2024-05-10 22:00:00,22,4,5,0,0,0,28.4,67.4,4.7,58.17
2024-05-10 23:00:00,23,4,5,0,0,0,26.1,60.4,10.9,55.65
2024-05-11 00:00:00,0,5,5,1,0,0,27.2,56.0,4.6,54.84
2024-05-11 01:00:00,1,5,5,1,0,0,26.6,55.6,3.0,54.5
2024-05-11 02:00:00,2,5,5,1,0,0,24.2,58.6,4.2,46.93
2024-05-11 03:00:00,3,5,5,1,0,0,24.4,69.1,3.4,50.49
2024-05-11 04:00:00,4,5,5,1,0,0,26.2,57.6,3.5,52.33
2024-05-11 05:00:00,5,5,5,1,0,0,25.8,63.1,6.5,53.0
2024-05-11 06:00:00,6,5,5,1,0,0,30.3,54.8,4.1,67.42
2024-05-11 07:00:00,7,5,5,1,0,0,29.7,57.8,7.7,65.64
2024-05-11 08:00:00,8,5,5,1,0,0,26.8,61.9,5.6,56.18
2024-05-11 09:00:00,9,5,5,1,0,0,33.0,52.1,5.3,80.2
2024-05-11 10:00:00,10,5,5,1,0,0,33.4,51.6,15.2,85.11
2024-05-11 11:00:00,11,5,5,1,0,0,33.7,60.5,18.3,97.6
2024-05-11 12:00:00,12,5,5,1,0,0,35.4,56.7,15.4,95.11
2024-05-11 13:00:00,13,5,5,1,0,0,38.5,53.7,11.5,100.42
2024-05-11 14:00:00,14,5,5,1,0,0,40.9,52.0,20.6,125.65
2024-05-11 15:00:00,15,5,5,1,0,0,38.8,52.2,15.1,110.36
2024-05-11 16:00:00,16,5,5,1,0,0,36.5,60.0,10.9,99.24
2024-05-11 17:00:00,17,5,5,1,0,0,37.4,51.5,16.4,108.36
2024-05-11 18:00:00,18,5,5,1,0,0,34.4,55.7,17.8,95.1
2024-05-11 19:00:00,19,5,5,1,0,0,32.4,49.0,4.4,77.15
2024-05-11 20:00:00,20,5,5,1,0,0,29.9,53.3,7.0,61.65
2024-05-11 21:00:00,21,5,5,1,0,0,27.2,53.7,6.3,60.08
2024-05-11 22:00:00,22,5,5,1,0,0,28.1,62.9,6.3,62.72
2024-05-11 23:00:00,23,5,5,1,0,0,27.7,47.9,5.1,60.66
2024-05-12 00:00:00,0,6,5,1,0,0,26.4,57.4,7.8,53.27
2024-05-12 01:00:00,1,6,5,1,0,0,25.2,47.9,4.4,49.84
2024-05-12 02:00:00,2,6,5,1,0,0,24.0,57.4,5.9,51.72
2024-05-12 03:00:00,3,6,5,1,0,0,27.0,56.6,4.5,60.88
2024-05-12 04:00:00,4,6,5,1,0,0,24.2,66.1,6.7,59.16
2024-05-12 05:00:00,5,6,5,1,0,0,29.0,58.8,3.2,59.46
2024-05-12 06:00:00,6,6,5,1,0,0,27.2,55.1,3.2,52.57
2024-05-12 07:00:00,7,6,5,1,0,0,29.2,61.3,7.1,68.23
2024-05-12 08:00:00,8,6,5,1,0,0,29.6,56.9,5.2,73.48
2024-05-12 09:00:00,9,6,5,1,0,0,33.0,54.6,4.7,78.96
2024-05-12 10:00:00,10,6,5,1,0,0,37.2,46.6,17.3,103.69
2024-05-12 11:00:00,11,6,5,1,0,0,37.7,47.1,18.4,118.83
2024-05-12 12:00:00,12,6,5,1,0,0,39.6,46.5,12.4,112.07
2024-05-12 13:00:00,13,6,5,1,0,0,39.4,50.1,12.2,106.22
2024-05-12 14:00:00,14,6,5,1,0,0,36.7,52.1,21.5,115.33
2024-05-12 15:00:00,15,6,5,1,0,0,37.9,57.1,17.1,106.09
2024-05-12 16:00:00,16,6,5,1,0,0,36.4,53.6,14.7,97.49
2024-05-12 17:00:00,17,6,5,1,0,0,39.2,39.2,19.6,120.36
2024-05-12 18:00:00,18,6,5,1,0,0,33.3,55.2,16.3,88.76
2024-05-12 19:00:00,19,6,5,1,0,0,35.5,46.8,4.2,83.56
2024-05-12 20:00:00,20,6,5,1,0,0,33.8,50.0,4.0,77.47
2024-05-12 21:00:00,21,6,5,1,0,0,33.8,50.6,5.0,82.01
2024-05-12 22:00:00,22,6,5,1,0,0,28.2,55.1,7.3,55.42
2024-05-12 23:00:00,23,6,5,1,0,0,28.9,51.8,3.3,62.3
2024-05-13 00:00:00,0,0,5,0,0,0,30.9,56.7,5.7,68.66
2024-05-13 01:00:00,1,0,5,0,0,0,25.0,54.4,11.1,55.26
2024-05-13 02:00:00,2,0,5,0,0,0,23.2,62.7,5.0,49.18
2024-05-13 03:00:00,3,0,5,0,0,0,22.8,70.5,9.0,46.04
2024-05-13 04:00:00,4,0,5,0,0,0,28.1,52.5,5.7,58.67
2024-05-13 05:00:00,5,0,5,0,0,0,24.5,59.2,8.8,59.15
2024-05-13 06:00:00,6,0,5,0,0,0,28.5,47.5,7.1,66.22
2024-05-13 07:00:00,7,0,5,0,0,0,31.5,54.2,4.8,70.0
2024-05-13 08:00:00,8,0,5,0,1,0,32.8,57.1,62.5,130.77
2024-05-13 09:00:00,9,0,5,0,1,0,34.9,56.0,65.5,154.33
2024-05-13 10:00:00,10,0,5,0,1,1,36.1,52.5,90.2,211.31
2024-05-13 11:00:00,11,0,5,0,1,1,39.3,53.5,89.6,227.97
2024-05-13 12:00:00,12,0,5,0,1,1,36.4,62.2,87.5,203.92
2024-05-13 13:00:00,13,0,5,0,1,1,37.5,58.1,67.8,187.76
2024-05-13 14:00:00,14,0,5,0,1,1,37.5,49.2,85.8,215.63
2024-05-13 15:00:00,15,0,5,0,1,1,40.2,43.6,86.7,228.34
2024-05-13 16:00:00,16,0,5,0,1,1,39.7,48.1,86.1,234.75
2024-05-13 17:00:00,17,0,5,0,1,0,37.8,47.3,36.7,128.12
2024-05-13 18:00:00,18,0,5,0,1,0,37.8,52.8,28.1,121.72
2024-05-13 19:00:00,19,0,5,0,0,0,32.0,50.4,29.2,98.76
2024-05-13 20:00:00,20,0,5,0,0,0,35.4,52.4,6.1,85.22
2024-05-13 21:00:00,21,0,5,0,0,0,33.5,57.4,11.4,86.01
2024-05-13 22:00:00,22,0,5,0,0,0,30.5,55.7,10.1,68.56
2024-05-13 23:00:00,23,0,5,0,0,0,31.0,52.0,8.4,69.89
2024-05-14 00:00:00,0,1,5,0,0,0,24.0,65.4,6.0,53.86
2024-05-14 01:00:00,1,1,5,0,0,0,25.4,52.2,4.9,56.11
2024-05-14 02:00:00,2,1,5,0,0,0,24.8,58.8,11.2,58.04
2024-05-14 03:00:00,3,1,5,0,0,0,27.7,57.9,11.1,67.64
2024-05-14 04:00:00,4,1,5,0,0,0,25.1,60.0,4.9,47.97
2024-05-14 05:00:00,5,1,5,0,0,0,29.4,57.6,10.4,67.7
2024-05-14 06:00:00,6,1,5,0,0,0,31.9,57.6,7.6,80.55
2024-05-14 07:00:00,7,1,5,0,0,0,32.2,54.8,6.6,78.82
2024-05-14 08:00:00,8,1,5,0,1,0,33.2,52.8,67.2,144.74
2024-05-14 09:00:00,9,1,5,0,1,0,32.6,53.0,63.4,134.53
2024-05-14 10:00:00,10,1,5,0,1,1,34.4,51.0,91.7,200.15
2024-05-14 11:00:00,11,1,5,0,1,1,39.5,53.0,81.1,218.65
2024-05-14 12:00:00,12,1,5,0,1,1,39.7,47.1,84.8,218.9
2024-05-14 13:00:00,13,1,5,0,1,1,38.9,53.7,64.8,199.41
2024-05-14 14:00:00,14,1,5,0,1,1,38.4,50.7,80.6,208.75
2024-05-14 15:00:00,15,1,5,0,1,1,35.3,50.7,83.5,190.56
2024-05-14 16:00:00,16,1,5,0,1,1,36.4,54.5,79.8,189.71
2024-05-14 17:00:00,17,1,5,0,1,0,40.7,46.1,33.9,150.86
2024-05-14 18:00:00,18,1,5,0,1,0,33.6,56.5,32.4,106.61
2024-05-14 19:00:00,19,1,5,0,0,0,34.7,54.1,39.7,117.5
2024-05-14 20:00:00,20,1,5,0,0,0,34.5,51.0,8.8,82.94
2024-05-14 21:00:00,21,1,5,0,0,0,28.7,59.5,9.2,64.89
2024-05-14 22:00:00,22,1,5,0,0,0,29.7,58.9,5.7,65.85
2024-05-14 23:00:00,23,1,5,0,0,0,29.7,61.3,6.6,70.91
2024-05-15 00:00:00,0,2,5,0,0,0,27.3,62.3,4.2,58.06
2024-05-15 01:00:00,1,2,5,0,0,0,31.7,57.3,4.9,64.41
2024-05-15 02:00:00,2,2,5,0,0,0,23.4,56.6,6.1,48.46
2024-05-15 03:00:00,3,2,5,0,0,0,28.5,67.3,4.5,70.14
2024-05-15 04:00:00,4,2,5,0,0,0,26.9,53.1,8.8,60.94
2024-05-15 05:00:00,5,2,5,0,0,0,29.7,60.5,12.0,74.65
2024-05-15 06:00:00,6,2,5,0,0,0,30.4,57.9,4.8,66.18
2024-05-15 07:00:00,7,2,5,0,0,0,29.9,51.9,10.6,67.76
2024-05-15 08:00:00,8,2,5,0,1,0,33.3,53.7,48.6,121.89
2024-05-15 09:00:00,9,2,5,0,1,0,31.2,55.3,65.1,128.85
2024-05-15 10:00:00,10,2,5,0,1,1,37.2,56.7,89.6,216.18
2024-05-15 11:00:00,11,2,5,0,1,1,38.0,48.0,93.5,235.68
2024-05-15 12:00:00,12,2,5,0,1,1,39.6,48.7,81.7,217.4
2024-05-15 13:00:00,13,2,5,0,1,1,41.0,39.5,64.7,206.62
2024-05-15 14:00:00,14,2,5,0,1,1,40.0,56.4,76.5,217.73
2024-05-15 15:00:00,15,2,5,0,1,1,39.4,45.6,81.9,220.55
2024-05-15 16:00:00,16,2,5,0,1,1,36.9,53.0,90.5,206.51
2024-05-15 17:00:00,17,2,5,0,1,0,36.2,51.8,40.6,128.13
2024-05-15 18:00:00,18,2,5,0,1,0,38.2,50.4,39.5,133.57
2024-05-15 19:00:00,19,2,5,0,0,0,37.1,54.8,35.7,132.72
2024-05-15 20:00:00,20,2,5,0,0,0,32.4,61.5,11.1,82.79
2024-05-15 21:00:00,21,2,5,0,0,0,31.3,56.6,7.6,71.31
2024-05-15 22:00:00,22,2,5,0,0,0,28.0,60.5,5.2,60.72
2024-05-15 23:00:00,23,2,5,0,0,0,30.4,57.5,10.7,71.99
2024-05-16 00:00:00,0,3,5,0,0,0,28.6,61.6,6.2,68.28
2024-05-16 01:00:00,1,3,5,0,0,0,30.3,54.4,4.4,63.17
2024-05-16 02:00:00,2,3,5,0,0,0,25.0,64.3,5.0,51.16
2024-05-16 03:00:00,3,3,5,0,0,0,26.1,63.7,8.9,56.24
2024-05-16 04:00:00,4,3,5,0,0,0,27.9,62.3,8.9,64.35
2024-05-16 05:00:00,5,3,5,0,0,0,29.6,54.1,6.1,66.11
2024-05-16 06:00:00,6,3,5,0,0,0,29.4,56.2,9.8,69.29
2024-05-16 07:00:00,7,3,5,0,0,0,29.8,57.6,10.2,67.47
2024-05-16 08:00:00,8,3,5,0,1,0,34.7,47.7,72.6,163.24
2024-05-16 09:00:00,9,3,5,0,1,0,36.0,58.7,62.5,153.86
2024-05-16 10:00:00,10,3,5,0,1,1,34.7,53.2,91.7,195.28
2024-05-16 11:00:00,11,3,5,0,1,1,40.1,50.6,91.3,249.29
2024-05-16 12:00:00,12,3,5,0,1,1,40.8,46.6,83.9,228.98
2024-05-16 13:00:00,13,3,5,0,1,1,39.6,44.5,64.7,202.31
2024-05-16 14:00:00,14,3,5,0,1,1,39.7,47.3,83.1,230.15
2024-05-16 15:00:00,15,3,5,0,1,1,40.3,50.2,75.3,228.93
2024-05-16 16:00:00,16,3,5,0,1,1,37.1,54.2,80.1,194.21
2024-05-16 17:00:00,17,3,5,0,1,0,37.7,51.8,34.5,131.23
2024-05-16 18:00:00,18,3,5,0,1,0,32.4,56.2,27.2,97.3
2024-05-16 19:00:00,19,3,5,0,0,0,36.3,50.7,27.5,114.33
2024-05-16 20:00:00,20,3,5,0,0,0,30.3,58.3,7.7,71.99
2024-05-16 21:00:00,21,3,5,0,0,0,34.1,59.6,9.8,85.09
2024-05-16 22:00:00,22,3,5,0,0,0,29.2,59.9,10.7,70.37
2024-05-16 23:00:00,23,3,5,0,0,0,28.1,61.1,8.4,64.19
2024-05-17 00:00:00,0,4,5,0,0,0,26.5,60.1,7.8,56.74
2024-05-17 01:00:00,1,4,5,0,0,0,26.5,52.9,7.1,57.26
2024-05-17 02:00:00,2,4,5,0,0,0,29.3,52.8,5.5,66.27
2024-05-17 03:00:00,3,4,5,0,0,0,22.5,63.6,5.2,53.51
2024-05-17 04:00:00,4,4,5,0,0,0,29.9,56.5,10.3,74.69
2024-05-17 05:00:00,5,4,5,0,0,0,29.3,58.7,7.7,72.41
2024-05-17 06:00:00,6,4,5,0,0,0,27.9,64.7,10.3,62.86
2024-05-17 07:00:00,7,4,5,0,0,0,29.7,59.6,9.6,69.85
2024-05-17 08:00:00,8,4,5,0,1,0,36.3,57.1,50.8,142.4
2024-05-17 09:00:00,9,4,5,0,1,0,33.3,54.6,60.3,132.41
2024-05-17 10:00:00,10,4,5,0,1,1,34.5,50.1,86.7,189.89
2024-05-17 11:00:00,11,4,5,0,1,1,39.9,49.3,86.4,231.54
2024-05-17 12:00:00,12,4,5,0,1,1,39.5,46.6,88.1,227.49
2024-05-17 13:00:00,13,4,5,0,1,1,37.9,57.2,74.7,197.2
2024-05-17 14:00:00,14,4,5,0,1,1,40.2,52.5,88.8,232.68
2024-05-17 15:00:00,15,4,5,0,1,1,37.7,53.2,90.4,218.54
2024-05-17 16:00:00,16,4,5,0,1,1,40.9,53.8,75.5,221.17
2024-05-17 17:00:00,17,4,5,0,1,0,39.8,41.6,27.8,128.63
2024-05-17 18:00:00,18,4,5,0,1,0,37.5,53.6,26.7,119.92
2024-05-17 19:00:00,19,4,5,0,0,0,35.6,47.3,30.3,115.52
2024-05-17 20:00:00,20,4,5,0,0,0,36.4,52.0,7.5,91.93
2024-05-17 21:00:00,21,4,5,0,0,0,31.6,54.1,9.1,76.62
2024-05-17 22:00:00,22,4,5,0,0,0,27.9,60.6,8.0,67.5
2024-05-17 23:00:00,23,4,5,0,0,0,29.5,57.8,11.2,67.64
2024-05-18 00:00:00,0,5,5,1,0,0,31.6,60.8,7.7,71.39
2024-05-18 01:00:00,1,5,5,1,0,0,25.4,57.3,3.8,55.15
2024-05-18 02:00:00,2,5,5,1,0,0,26.3,61.9,7.3,57.36
2024-05-18 03:00:00,3,5,5,1,0,0,28.0,58.5,5.4,64.29
2024-05-18 04:00:00,4,5,5,1,0,0,27.8,51.5,5.3,61.86
2024-05-18 05:00:00,5,5,5,1,0,0,27.1,54.9,6.9,65.64
2024-05-18 06:00:00,6,5,5,1,0,0,32.3,54.3,3.5,71.58
2024-05-18 07:00:00,7,5,5,1,0,0,36.0,56.7,7.4,84.32
2024-05-18 08:00:00,8,5,5,1,0,0,33.8,55.7,6.4,81.06
2024-05-18 09:00:00,9,5,5,1,0,0,33.5,49.4,7.4,79.78
2024-05-18 10:00:00,10,5,5,1,0,0,33.9,53.2,21.9,99.07
2024-05-18 11:00:00,11,5,5,1,0,0,38.5,58.6,16.2,112.43
2024-05-18 12:00:00,12,5,5,1,0,0,41.1,49.2,11.1,112.69
2024-05-18 13:00:00,13,5,5,1,0,0,40.6,47.8,12.0,110.35
2024-05-18 14:00:00,14,5,5,1,0,0,40.0,51.5,13.9,113.23
2024-05-18 15:00:00,15,5,5,1,0,0,38.7,53.5,11.2,96.86
2024-05-18 16:00:00,16,5,5,1,0,0,37.1,49.7,19.8,109.06
2024-05-18 17:00:00,17,5,5,1,0,0,39.6,51.8,13.6,110.24
2024-05-18 18:00:00,18,5,5,1,0,0,38.4,49.3,21.7,119.92
2024-05-18 19:00:00,19,5,5,1,0,0,32.4,57.7,6.5,68.93
2024-05-18 20:00:00,20,5,5,1,0,0,36.3,52.8,3.9,85.94
2024-05-18 21:00:00,21,5,5,1,0,0,32.8,56.5,5.4,80.53
2024-05-18 22:00:00,22,5,5,1,0,0,32.8,51.5,5.3,77.54
2024-05-18 23:00:00,23,5,5,1,0,0,26.5,55.7,5.5,60.0
2024-05-19 00:00:00,0,6,5,1,0,0,25.6,63.4,5.7,56.0
2024-05-19 01:00:00,1,6,5,1,0,0,27.1,58.2,3.2,51.19
2024-05-19 02:00:00,2,6,5,1,0,0,28.1,59.0,6.4,62.35
2024-05-19 03:00:00,3,6,5,1,0,0,30.6,54.9,5.4,69.66
2024-05-19 04:00:00,4,6,5,1,0,0,29.3,60.6,7.0,62.39
2024-05-19 05:00:00,5,6,5,1,0,0,28.7,55.0,7.1,63.73
2024-05-19 06:00:00,6,6,5,1,0,0,28.6,56.9,4.2,52.05
2024-05-19 07:00:00,7,6,5,1,0,0,34.2,56.7,3.2,76.74
2024-05-19 08:00:00,8,6,5,1,0,0,31.9,59.9,6.5,72.22
2024-05-19 09:00:00,9,6,5,1,0,0,38.3,48.6,7.9,102.96
2024-05-19 10:00:00,10,6,5,1,0,0,36.4,59.9,15.4,98.41
2024-05-19 11:00:00,11,6,5,1,0,0,41.1,50.0,13.1,116.49
2024-05-19 12:00:00,12,6,5,1,0,0,40.5,45.0,11.9,112.75
2024-05-19 13:00:00,13,6,5,1,0,0,39.7,51.2,13.4,109.81
2024-05-19 14:00:00,14,6,5,1,0,0,39.2,48.5,13.9,112.54
2024-05-19 15:00:00,15,6,5,1,0,0,39.3,51.7,15.1,105.94
2024-05-19 16:00:00,16,6,5,1,0,0,40.1,49.3,17.9,123.43
2024-05-19 17:00:00,17,6,5,1,0,0,38.4,50.9,13.3,105.99
2024-05-19 18:00:00,18,6,5,1,0,0,35.9,48.7,10.6,96.68
2024-05-19 19:00:00,19,6,5,1,0,0,35.1,56.9,4.9,74.06
2024-05-19 20:00:00,20,6,5,1,0,0,33.8,49.2,7.3,73.16
2024-05-19 21:00:00,21,6,5,1,0,0,28.2,53.3,5.5,60.4
2024-05-19 22:00:00,22,6,5,1,0,0,31.3,57.1,7.8,74.54
2024-05-19 23:00:00,23,6,5,1,0,0,27.3,64.8,5.5,57.12
2024-05-20 00:00:00,0,0,5,0,0,0,26.2,57.7,6.2,58.55
2024-05-20 01:00:00,1,0,5,0,0,0,24.6,63.1,5.5,55.92
2024-05-20 02:00:00,2,0,5,0,0,0,24.2,64.9,9.6,57.26
2024-05-20 03:00:00,3,0,5,0,0,0,25.2,63.1,8.3,56.34
2024-05-20 04:00:00,4,0,5,0,0,0,27.0,57.4,8.8,61.08
2024-05-20 05:00:00,5,0,5,0,0,0,32.8,50.2,10.0,78.33
2024-05-20 06:00:00,6,0,5,0,0,0,29.7,47.9,9.8,69.43
2024-05-20 07:00:00,7,0,5,0,0,0,32.5,53.7,4.3,70.07
2024-05-20 08:00:00,8,0,5,0,1,0,34.6,58.0,69.1,151.33
2024-05-20 09:00:00,9,0,5,0,1,0,35.8,47.9,61.0,153.88
2024-05-20 10:00:00,10,0,5,0,1,1,37.0,54.4,85.9,201.58
2024-05-20 11:00:00,11,0,5,0,1,1,36.3,48.3,88.1,201.86
2024-05-20 12:00:00,12,0,5,0,1,1,42.1,48.5,89.2,254.26
2024-05-20 13:00:00,13,0,5,0,1,1,43.4,50.0,62.2,223.05
2024-05-20 14:00:00,14,0,5,0,1,1,37.4,48.7,82.1,200.07
2024-05-20 15:00:00,15,0,5,0,1,1,38.3,51.4,80.7,205.42
2024-05-20 16:00:00,16,0,5,0,1,1,39.0,48.5,81.0,223.38
2024-05-20 17:00:00,17,0,5,0,1,0,36.7,54.6,26.8,118.8
2024-05-20 18:00:00,18,0,5,0,1,0,38.0,51.8,28.2,124.44
2024-05-20 19:00:00,19,0,5,0,0,0,34.3,53.7,28.2,102.3
2024-05-20 20:00:00,20,0,5,0,0,0,37.8,57.3,7.0,94.65
2024-05-20 21:00:00,21,0,5,0,0,0,34.3,56.1,11.2,85.8
2024-05-20 22:00:00,22,0,5,0,0,0,31.0,53.0,5.6,66.44
2024-05-20 23:00:00,23,0,5,0,0,0,31.1,55.4,7.3,73.37
2024-05-21 00:00:00,0,1,5,0,0,0,30.4,55.9,6.5,70.61
2024-05-21 01:00:00,1,1,5,0,0,0,26.8,59.1,10.3,63.76
2024-05-21 02:00:00,2,1,5,0,0,0,26.1,69.3,4.4,51.88
2024-05-21 03:00:00,3,1,5,0,0,0,27.9,59.5,5.6,61.09
2024-05-21 04:00:00,4,1,5,0,0,0,30.0,48.4,5.7,66.76
2024-05-21 05:00:00,5,1,5,0,0,0,29.7,54.5,11.9,72.5
2024-05-21 06:00:00,6,1,5,0,0,0,28.0,50.2,8.6,63.8
2024-05-21 07:00:00,7,1,5,0,0,0,31.0,54.5,5.1,69.28
2024-05-21 08:00:00,8,1,5,0,1,0,33.9,45.8,53.2,131.35
2024-05-21 09:00:00,9,1,5,0,1,0,35.6,49.1,50.0,141.49
2024-05-21 10:00:00,10,1,5,0,1,1,40.9,42.8,81.9,232.44
2024-05-21 11:00:00,11,1,5,0,1,1,36.2,53.7,92.0,206.47
2024-05-21 12:00:00,12,1,5,0,1,1,40.6,49.1,87.4,246.07
2024-05-21 13:00:00,13,1,5,0,1,1,43.0,48.6,69.5,233.64
2024-05-21 14:00:00,14,1,5,0,1,1,44.7,45.8,80.6,260.88
2024-05-21 15:00:00,15,1,5,0,1,1,39.6,44.2,84.4,227.76
2024-05-21 16:00:00,16,1,5,0,1,1,40.6,51.1,79.4,226.44
2024-05-21 17:00:00,17,1,5,0,1,0,39.7,57.4,31.2,138.64
2024-05-21 18:00:00,18,1,5,0,1,0,37.7,52.7,38.0,133.38
2024-05-21 19:00:00,19,1,5,0,0,0,35.6,50.9,28.0,113.25
2024-05-21 20:00:00,20,1,5,0,0,0,34.9,47.4,8.9,82.83
2024-05-21 21:00:00,21,1,5,0,0,0,27.8,54.4,10.8,68.45
2024-05-21 22:00:00,22,1,5,0,0,0,32.1,56.8,5.0,68.86
2024-05-21 23:00:00,23,1,5,0,0,0,29.7,61.0,11.2,73.2
2024-05-22 00:00:00,0,2,5,0,0,0,28.2,58.8,4.6,56.81
2024-05-22 01:00:00,1,2,5,0,0,0,31.7,58.5,6.8,79.04
2024-05-22 02:00:00,2,2,5,0,0,0,26.6,61.7,8.9,59.57
2024-05-22 03:00:00,3,2,5,0,0,0,27.3,60.4,8.5,67.58
2024-05-22 04:00:00,4,2,5,0,0,0,32.2,52.3,4.8,70.26
2024-05-22 05:00:00,5,2,5,0,0,0,28.2,58.5,10.4,64.08
2024-05-22 06:00:00,6,2,5,0,0,0,30.0,53.1,11.8,76.29
2024-05-22 07:00:00,7,2,5,0,0,0,32.3,55.0,5.4,69.25
2024-05-22 08:00:00,8,2,5,0,1,0,35.8,53.8,71.9,162.99
2024-05-22 09:00:00,9,2,5,0,1,0,36.3,58.8,61.7,157.88
2024-05-22 10:00:00,10,2,5,0,1,1,35.2,47.6,94.0,194.73
2024-05-22 11:00:00,11,2,5,0,1,1,37.9,52.9,82.6,213.07
2024-05-22 12:00:00,12,2,5,0,1,1,38.8,56.3,91.9,228.22
2024-05-22 13:00:00,13,2,5,0,1,1,40.4,52.3,60.9,197.59
2024-05-22 14:00:00,14,2,5,0,1,1,41.5,51.8,90.0,254.1
2024-05-22 15:00:00,15,2,5,0,1,1,41.3,50.9,86.5,237.63
2024-05-22 16:00:00,16,2,5,0,1,1,36.7,57.0,81.3,207.44
2024-05-22 17:00:00,17,2,5,0,1,0,40.8,44.6,28.8,139.28
2024-05-22 18:00:00,18,2,5,0,1,0,38.0,45.4,41.3,139.43
2024-05-22 19:00:00,19,2,5,0,0,0,38.5,50.5,37.1,134.59
2024-05-22 20:00:00,20,2,5,0,0,0,35.1,44.3,6.9,86.22
2024-05-22 21:00:00,21,2,5,0,0,0,34.6,58.2,7.6,81.36
2024-05-22 22:00:00,22,2,5,0,0,0,31.9,60.1,10.6,81.6
2024-05-22 23:00:00,23,2,5,0,0,0,32.1,53.3,6.7,78.46
2024-05-23 00:00:00,0,3,5,0,0,0,29.8,55.2,4.7,70.51
2024-05-23 01:00:00,1,3,5,0,0,0,28.0,57.6,11.3,66.56
2024-05-23 02:00:00,2,3,5,0,0,0,32.1,55.2,7.1,73.59
2024-05-23 03:00:00,3,3,5,0,0,0,29.8,57.1,6.8,66.23
2024-05-23 04:00:00,4,3,5,0,0,0,29.9,58.8,5.6,65.2
2024-05-23 05:00:00,5,3,5,0,0,0,27.6,57.5,11.2,65.2
2024-05-23 06:00:00,6,3,5,0,0,0,28.9,61.0,5.7,64.9
2024-05-23 07:00:00,7,3,5,0,0,0,33.3,56.0,9.1,85.07
2024-05-23 08:00:00,8,3,5,0,1,0,34.7,50.8,71.4,157.19
2024-05-23 09:00:00,9,3,5,0,1,0,35.0,58.3,46.0,125.38
2024-05-23 10:00:00,10,3,5,0,1,1,38.0,45.5,92.4,225.23
2024-05-23 11:00:00,11,3,5,0,1,1,41.9,47.8,86.2,254.37
2024-05-23 12:00:00,12,3,5,0,1,1,41.4,52.4,89.9,247.12
2024-05-23 13:00:00,13,3,5,0,1,1,38.7,47.5,65.6,198.69
2024-05-23 14:00:00,14,3,5,0,1,1,40.8,50.2,86.8,237.7
2024-05-23 15:00:00,15,3,5,0,1,1,39.3,52.2,79.3,211.7
2024-05-23 16:00:00,16,3,5,0,1,1,39.4,46.5,75.4,210.56
2024-05-23 17:00:00,17,3,5,0,1,0,38.3,50.4,44.0,151.15
2024-05-23 18:00:00,18,3,5,0,1,0,36.9,51.0,25.3,115.87
2024-05-23 19:00:00,19,3,5,0,0,0,33.9,51.6,41.5,118.07
2024-05-23 20:00:00,20,3,5,0,0,0,34.2,62.8,5.4,76.12
2024-05-23 21:00:00,21,3,5,0,0,0,31.8,52.2,7.1,73.57
2024-05-23 22:00:00,22,3,5,0,0,0,25.9,63.4,10.6,55.09
2024-05-23 23:00:00,23,3,5,0,0,0,33.6,52.4,5.6,77.42
2024-05-24 00:00:00,0,4,5,0,0,0,31.0,51.5,10.9,74.72
2024-05-24 01:00:00,1,4,5,0,0,0,27.7,58.5,8.0,54.48
2024-05-24 02:00:00,2,4,5,0,0,0,28.2,60.4,6.9,66.96
2024-05-24 03:00:00,3,4,5,0,0,0,26.3,62.8,9.3,55.38
2024-05-24 04:00:00,4,4,5,0,0,0,32.1,61.3,6.7,73.88
2024-05-24 05:00:00,5,4,5,0,0,0,33.5,65.8,6.8,81.07
2024-05-24 06:00:00,6,4,5,0,0,0,31.7,56.3,9.9,80.53
2024-05-24 07:00:00,7,4,5,0,0,0,34.8,50.5,6.5,81.09
2024-05-24 08:00:00,8,4,5,0,1,0,35.0,54.8,51.0,127.61
2024-05-24 09:00:00,9,4,5,0,1,0,33.9,52.7,69.2,152.81
2024-05-24 10:00:00,10,4,5,0,1,1,37.2,55.2,92.1,207.98
2024-05-24 11:00:00,11,4,5,0,1,1,39.5,44.7,87.5,225.97
2024-05-24 12:00:00,12,4,5,0,1,1,39.5,59.3,87.9,229.71
2024-05-24 13:00:00,13,4,5,0,1,1,40.5,52.6,70.4,200.02
2024-05-24 14:00:00,14,4,5,0,1,1,41.0,42.1,83.7,227.59
2024-05-24 15:00:00,15,4,5,0,1,1,40.8,46.1,82.1,227.32
2024-05-24 16:00:00,16,4,5,0,1,1,40.4,52.5,91.9,230.5
2024-05-24 17:00:00,17,4,5,0,1,0,37.3,56.1,28.0,115.81
2024-05-24 18:00:00,18,4,5,0,1,0,36.6,46.8,36.9,128.07
2024-05-24 19:00:00,19,4,5,0,0,0,34.0,56.6,42.7,120.47
2024-05-24 20:00:00,20,4,5,0,0,0,36.4,44.2,9.5,94.09
2024-05-24 21:00:00,21,4,5,0,0,0,29.2,56.7,11.0,70.53
2024-05-24 22:00:00,22,4,5,0,0,0,33.5,58.5,6.7,73.87
2024-05-24 23:00:00,23,4,5,0,0,0,32.6,52.5,6.2,71.53
2024-05-25 00:00:00,0,5,5,1,0,0,28.7,51.4,7.3,66.75
2024-05-25 01:00:00,1,5,5,1,0,0,23.9,61.4,5.0,56.48
2024-05-25 02:00:00,2,5,5,1,0,0,27.7,55.7,6.5,57.69
2024-05-25 03:00:00,3,5,5,1,0,0,28.5,60.1,3.7,61.45
2024-05-25 04:00:00,4,5,5,1,0,0,27.4,54.8,6.8,62.81
2024-05-25 05:00:00,5,5,5,1,0,0,29.3,53.9,5.7,65.43
2024-05-25 06:00:00,6,5,5,1,0,0,34.4,45.3,4.3,78.93
2024-05-25 07:00:00,7,5,5,1,0,0,34.4,54.1,5.5,79.02
2024-05-25 08:00:00,8,5,5,1,0,0,33.2,53.6,6.5,84.36
2024-05-25 09:00:00,9,5,5,1,0,0,33.7,49.2,3.1,76.34
2024-05-25 10:00:00,10,5,5,1,0,0,37.5,52.0,17.6,109.02
2024-05-25 11:00:00,11,5,5,1,0,0,39.1,54.2,16.5,114.39
2024-05-25 12:00:00,12,5,5,1,0,0,41.4,47.7,12.6,115.32
2024-05-25 13:00:00,13,5,5,1,0,0,40.2,50.4,19.0,121.98
2024-05-25 14:00:00,14,5,5,1,0,0,42.3,49.0,13.6,122.38
2024-05-25 15:00:00,15,5,5,1,0,0,44.6,41.5,13.3,132.29
2024-05-25 16:00:00,16,5,5,1,0,0,41.9,56.4,15.7,125.82
2024-05-25 17:00:00,17,5,5,1,0,0,39.4,48.0,18.1,113.96
2024-05-25 18:00:00,18,5,5,1,0,0,37.8,53.7,21.1,109.76
2024-05-25 19:00:00,19,5,5,1,0,0,35.9,55.4,3.7,85.87
2024-05-25 20:00:00,20,5,5,1,0,0,37.0,51.0,5.0,88.11
2024-05-25 21:00:00,21,5,5,1,0,0,32.0,57.5,3.3,69.61
2024-05-25 22:00:00,22,5,5,1,0,0,31.7,56.3,6.8,67.08
2024-05-25 23:00:00,23,5,5,1,0,0,30.3,50.6,5.2,70.32
2024-05-26 00:00:00,0,6,5,1,0,0,28.5,56.2,6.5,64.72
2024-05-26 01:00:00,1,6,5,1,0,0,26.3,56.6,4.6,57.94
2024-05-26 02:00:00,2,6,5,1,0,0,29.1,55.3,7.2,66.65
2024-05-26 03:00:00,3,6,5,1,0,0,28.6,52.3,5.7,57.78
2024-05-26 04:00:00,4,6,5,1,0,0,30.3,60.8,7.7,70.31
2024-05-26 05:00:00,5,6,5,1,0,0,29.5,63.3,3.4,61.25
2024-05-26 06:00:00,6,6,5,1,0,0,34.0,57.6,5.6,76.71
2024-05-26 07:00:00,7,6,5,1,0,0,31.8,60.3,6.8,75.18
2024-05-26 08:00:00,8,6,5,1,0,0,38.1,49.5,6.0,100.51
2024-05-26 09:00:00,9,6,5,1,0,0,33.6,51.4,3.1,80.48
2024-05-26 10:00:00,10,6,5,1,0,0,39.1,47.0,21.7,122.43
2024-05-26 11:00:00,11,6,5,1,0,0,40.5,51.7,13.6,115.35
2024-05-26 12:00:00,12,6,5,1,0,0,39.2,51.0,13.0,108.32
2024-05-26 13:00:00,13,6,5,1,0,0,42.1,47.7,15.8,122.98
2024-05-26 14:00:00,14,6,5,1,0,0,43.8,52.0,16.5,134.05
2024-05-26 15:00:00,15,6,5,1,0,0,37.3,53.0,19.2,111.84
2024-05-26 16:00:00,16,6,5,1,0,0,41.6,45.0,14.7,127.77
2024-05-26 17:00:00,17,6,5,1,0,0,35.1,50.2,15.3,92.27
2024-05-26 18:00:00,18,6,5,1,0,0,36.5,54.7,16.4,95.6
2024-05-26 19:00:00,19,6,5,1,0,0,39.6,53.9,5.0,97.89
2024-05-26 20:00:00,20,6,5,1,0,0,34.0,55.9,7.6,84.89
2024-05-26 21:00:00,21,6,5,1,0,0,31.2,63.2,7.3,78.73
2024-05-26 22:00:00,22,6,5,1,0,0,31.4,62.1,5.3,74.98
2024-05-26 23:00:00,23,6,5,1,0,0,34.2,55.3,3.0,81.7
2024-05-27 00:00:00,0,0,5,0,0,0,26.3,55.7,11.2,58.11
2024-05-27 01:00:00,1,0,5,0,0,0,27.0,53.4,5.0,55.08
2024-05-27 02:00:00,2,0,5,0,0,0,31.4,54.0,6.0,67.24
2024-05-27 03:00:00,3,0,5,0,0,0,32.3,57.9,5.2,71.48
2024-05-27 04:00:00,4,0,5,0,0,0,29.4,64.2,5.4,67.63
2024-05-27 05:00:00,5,0,5,0,0,0,28.4,59.3,10.4,71.29
2024-05-27 06:00:00,6,0,5,0,0,0,35.7,57.2,8.6,90.48
2024-05-27 07:00:00,7,0,5,0,0,0,36.4,51.0,11.6,94.87
2024-05-27 08:00:00,8,0,5,0,1,0,36.4,54.5,51.9,141.55
2024-05-27 09:00:00,9,0,5,0,1,0,35.4,56.0,59.6,147.68
2024-05-27 10:00:00,10,0,5,0,1,1,38.4,42.7,94.7,227.83
2024-05-27 11:00:00,11,0,5,0,1,1,39.5,48.2,92.4,235.61
2024-05-27 12:00:00,12,0,5,0,1,1,41.4,52.3,90.9,257.04
2024-05-27 13:00:00,13,0,5,0,1,1,44.1,47.7,62.8,227.83
2024-05-27 14:00:00,14,0,5,0,1,1,43.3,42.4,88.1,267.18
2024-05-27 15:00:00,15,0,5,0,1,1,39.6,40.1,80.9,215.52
2024-05-27 16:00:00,16,0,5,0,1,1,43.3,45.7,84.0,255.49
2024-05-27 17:00:00,17,0,5,0,1,0,40.4,48.9,37.2,146.58
2024-05-27 18:00:00,18,0,5,0,1,0,39.7,46.2,37.2,143.8
2024-05-27 19:00:00,19,0,5,0,0,0,39.5,50.4,39.5,149.02
2024-05-27 20:00:00,20,0,5,0,0,0,33.2,56.3,9.3,80.57
2024-05-27 21:00:00,21,0,5,0,0,0,33.5,56.7,4.5,73.34
2024-05-27 22:00:00,22,0,5,0,0,0,31.0,46.4,7.7,72.19
2024-05-27 23:00:00,23,0,5,0,0,0,27.8,52.8,9.3,64.64
2024-05-28 00:00:00,0,1,5,0,0,0,30.4,55.0,6.4,73.07
2024-05-28 01:00:00,1,1,5,0,0,0,33.6,56.3,6.5,83.07
2024-05-28 02:00:00,2,1,5,0,0,0,25.6,61.5,5.0,54.18
2024-05-28 03:00:00,3,1,5,0,0,0,29.1,59.0,7.3,63.75
2024-05-28 04:00:00,4,1,5,0,0,0,30.9,54.3,11.9,74.82
2024-05-28 05:00:00,5,1,5,0,0,0,31.0,54.5,6.3,68.81
2024-05-28 06:00:00,6,1,5,0,0,0,31.9,52.3,8.3,77.04
2024-05-28 07:00:00,7,1,5,0,0,0,31.4,58.6,9.9,78.65
2024-05-28 08:00:00,8,1,5,0,1,0,35.8,48.8,45.4,137.6
2024-05-28 09:00:00,9,1,5,0,1,0,35.7,55.9,72.0,163.33
2024-05-28 10:00:00,10,1,5,0,1,1,34.7,54.0,85.8,182.06
2024-05-28 11:00:00,11,1,5,0,1,1,42.1,47.8,93.0,253.37
2024-05-28 12:00:00,12,1,5,0,1,1,42.8,44.9,80.6,240.43
2024-05-28 13:00:00,13,1,5,0,1,1,41.8,42.8,62.2,202.51
2024-05-28 14:00:00,14,1,5,0,1,1,42.3,45.3,80.5,245.51
2024-05-28 15:00:00,15,1,5,0,1,1,43.6,45.7,80.9,252.21
2024-05-28 16:00:00,16,1,5,0,1,1,41.4,39.0,89.4,244.91
2024-05-28 17:00:00,17,1,5,0,1,0,41.6,47.6,25.2,135.18
2024-05-28 18:00:00,18,1,5,0,1,0,38.1,54.5,37.8,135.3
2024-05-28 19:00:00,19,1,5,0,0,0,39.4,52.2,27.6,129.13
2024-05-28 20:00:00,20,1,5,0,0,0,36.0,50.3,10.6,91.69
2024-05-28 21:00:00,21,1,5,0,0,0,34.1,53.8,10.2,87.44
2024-05-28 22:00:00,22,1,5,0,0,0,29.9,54.3,8.0,64.4
2024-05-28 23:00:00,23,1,5,0,0,0,31.3,56.2,5.7,67.18
2024-05-29 00:00:00,0,2,5,0,0,0,28.4,63.8,9.1,64.03
2024-05-29 01:00:00,1,2,5,0,0,0,28.1,61.7,5.3,56.52
2024-05-29 02:00:00,2,2,5,0,0,0,27.6,60.3,5.5,53.61
2024-05-29 03:00:00,3,2,5,0,0,0,27.4,56.3,9.0,57.25
2024-05-29 04:00:00,4,2,5,0,0,0,33.8,56.8,11.9,85.22
2024-05-29 05:00:00,5,2,5,0,0,0,33.4,47.4,11.1,85.66
2024-05-29 06:00:00,6,2,5,0,0,0,35.8,51.4,8.7,91.95
2024-05-29 07:00:00,7,2,5,0,0,0,31.7,57.6,8.3,79.83
2024-05-29 08:00:00,8,2,5,0,1,0,35.7,55.5,75.0,168.54
2024-05-29 09:00:00,9,2,5,0,1,0,34.9,55.7,61.4,147.75
2024-05-29 10:00:00,10,2,5,0,1,1,37.6,52.4,86.3,206.37
2024-05-29 11:00:00,11,2,5,0,1,1,38.5,49.8,93.6,230.86
2024-05-29 12:00:00,12,2,5,0,1,1,43.4,49.3,83.5,260.31
2024-05-29 13:00:00,13,2,5,0,1,1,41.1,44.9,61.5,200.28
2024-05-29 14:00:00,14,2,5,0,1,1,44.0,43.3,85.8,266.05
2024-05-29 15:00:00,15,2,5,0,1,1,42.9,47.7,76.6,233.33
2024-05-29 16:00:00,16,2,5,0,1,1,45.4,46.4,81.3,273.8
2024-05-29 17:00:00,17,2,5,0,1,0,37.5,43.9,33.5,130.21
2024-05-29 18:00:00,18,2,5,0,1,0,41.1,50.6,36.0,154.59
2024-05-29 19:00:00,19,2,5,0,0,0,39.3,53.1,44.8,155.13
2024-05-29 20:00:00,20,2,5,0,0,0,33.8,53.5,5.8,78.91
2024-05-29 21:00:00,21,2,5,0,0,0,35.7,62.0,7.0,86.93
2024-05-29 22:00:00,22,2,5,0,0,0,32.9,51.7,5.1,75.27
2024-05-29 23:00:00,23,2,5,0,0,0,30.6,54.6,8.9,72.02
2024-05-30 00:00:00,0,3,5,0,0,0,28.6,55.9,9.8,70.24
2024-05-30 01:00:00,1,3,5,0,0,0,28.2,57.5,7.9,66.8
2024-05-30 02:00:00,2,3,5,0,0,0,32.9,53.2,6.0,78.86
2024-05-30 03:00:00,3,3,5,0,0,0,29.5,51.2,9.0,74.74
2024-05-30 04:00:00,4,3,5,0,0,0,31.5,53.3,8.3,65.57
2024-05-30 05:00:00,5,3,5,0,0,0,29.7,56.3,5.4,64.13
2024-05-30 06:00:00,6,3,5,0,0,0,31.1,60.6,7.2,71.64
2024-05-30 07:00:00,7,3,5,0,0,0,36.0,61.1,7.5,87.03
2024-05-30 08:00:00,8,3,5,0,1,0,33.3,59.5,74.5,148.19
2024-05-30 09:00:00,9,3,5,0,1,0,36.7,48.7,70.5,164.3
2024-05-30 10:00:00,10,3,5,0,1,1,39.1,47.3,91.0,232.32
2024-05-30 11:00:00,11,3,5,0,1,1,40.5,48.5,93.3,243.99
2024-05-30 12:00:00,12,3,5,0,1,1,41.1,55.9,91.0,253.93
2024-05-30 13:00:00,13,3,5,0,1,1,42.7,46.9,73.6,229.07
2024-05-30 14:00:00,14,3,5,0,1,1,43.5,41.7,75.9,245.58
2024-05-30 15:00:00,15,3,5,0,1,1,43.4,45.1,82.8,264.69
2024-05-30 16:00:00,16,3,5,0,1,1,39.6,52.8,87.7,226.51
2024-05-30 17:00:00,17,3,5,0,1,0,39.8,52.4,36.7,144.25
2024-05-30 18:00:00,18,3,5,0,1,0,41.1,47.9,28.5,140.92
2024-05-30 19:00:00,19,3,5,0,0,0,39.0,52.9,31.8,133.71
2024-05-30 20:00:00,20,3,5,0,0,0,33.3,45.1,6.5,81.07
2024-05-30 21:00:00,21,3,5,0,0,0,34.7,53.6,6.1,78.02
2024-05-30 22:00:00,22,3,5,0,0,0,28.9,60.7,6.7,61.16
2024-05-30 23:00:00,23,3,5,0,0,0,31.2,52.3,8.1,75.06
2024-05-31 00:00:00,0,4,5,0,0,0,33.7,50.6,10.8,78.97
2024-05-31 01:00:00,1,4,5,0,0,0,27.9,50.5,9.9,66.79
2024-05-31 02:00:00,2,4,5,0,0,0,27.9,64.3,10.7,66.3
2024-05-31 03:00:00,3,4,5,0,0,0,31.0,52.9,11.1,77.49
2024-05-31 04:00:00,4,4,5,0,0,0,27.5,59.2,7.3,59.4
2024-05-31 05:00:00,5,4,5,0,0,0,30.2,58.8,6.8,70.05
2024-05-31 06:00:00,6,4,5,0,0,0,33.7,60.0,4.5,73.8
2024-05-31 07:00:00,7,4,5,0,0,0,33.1,53.7,11.4,81.53
2024-05-31 08:00:00,8,4,5,0,1,0,35.5,50.5,47.0,133.95
2024-05-31 09:00:00,9,4,5,0,1,0,38.9,51.0,67.2,178.15
2024-05-31 10:00:00,10,4,5,0,1,1,39.9,54.7,85.7,225.71
2024-05-31 11:00:00,11,4,5,0,1,1,41.0,48.1,94.2,251.48
2024-05-31 12:00:00,12,4,5,0,1,1,40.9,45.1,86.3,240.36
2024-05-31 13:00:00,13,4,5,0,1,1,42.9,41.3,72.2,241.65
2024-05-31 14:00:00,14,4,5,0,1,1,42.2,43.1,79.8,239.63
2024-05-31 15:00:00,15,4,5,0,1,1,43.0,50.9,80.1,251.84
2024-05-31 16:00:00,16,4,5,0,1,1,40.7,47.7,85.1,229.47
2024-05-31 17:00:00,17,4,5,0,1,0,40.2,46.9,45.0,156.13
2024-05-31 18:00:00,18,4,5,0,1,0,37.4,48.5,35.4,132.26
2024-05-31 19:00:00,19,4,5,0,0,0,37.5,51.6,43.7,139.78
2024-05-31 20:00:00,20,4,5,0,0,0,34.5,52.4,10.3,89.21
2024-05-31 21:00:00,21,4,5,0,0,0,32.2,53.9,10.4,79.73
2024-05-31 22:00:00,22,4,5,0,0,0,33.1,59.7,7.5,78.51
2024-05-31 23:00:00,23,4,5,0,0,0,31.7,61.5,7.1,70.26
2024-06-01 00:00:00,0,5,6,1,0,0,31.9,48.7,4.0,73.29
2024-06-01 01:00:00,1,5,6,1,0,0,29.0,58.5,7.8,66.62
2024-06-01 02:00:00,2,5,6,1,0,0,30.3,53.2,7.8,64.78
2024-06-01 03:00:00,3,5,6,1,0,0,30.8,54.9,6.7,67.14
2024-06-01 04:00:00,4,5,6,1,0,0,31.3,56.8,4.5,60.82
2024-06-01 05:00:00,5,5,6,1,0,0,30.0,55.6,4.2,61.03
2024-06-01 06:00:00,6,5,6,1,0,0,33.1,55.3,7.9,78.14
2024-06-01 07:00:00,7,5,6,1,0,0,35.1,55.6,3.3,77.62
2024-06-01 08:00:00,8,5,6,1,0,0,36.1,53.4,7.2,86.53
2024-06-01 09:00:00,9,5,6,1,0,0,34.0,51.1,4.8,83.36
2024-06-01 10:00:00,10,5,6,1,0,0,39.6,47.3,15.0,116.78
2024-06-01 11:00:00,11,5,6,1,0,0,44.7,40.5,20.0,142.83
2024-06-01 12:00:00,12,5,6,1,0,0,41.1,45.3,11.1,116.94
2024-06-01 13:00:00,13,5,6,1,0,0,41.1,56.6,14.3,123.0
2024-06-01 14:00:00,14,5,6,1,0,0,43.3,44.0,21.4,142.34
2024-06-01 15:00:00,15,5,6,1,0,0,42.9,42.7,18.4,134.61
2024-06-01 16:00:00,16,5,6,1,0,0,43.9,48.0,19.1,143.13
2024-06-01 17:00:00,17,5,6,1,0,0,38.4,50.2,19.1,116.18
2024-06-01 18:00:00,18,5,6,1,0,0,40.7,48.2,10.7,108.24
2024-06-01 19:00:00,19,5,6,1,0,0,38.8,56.0,4.0,94.58
2024-06-01 20:00:00,20,5,6,1,0,0,35.8,54.6,5.5,84.28
2024-06-01 21:00:00,21,5,6,1,0,0,35.0,50.9,4.8,86.07
2024-06-01 22:00:00,22,5,6,1,0,0,34.7,51.5,5.1,79.81
2024-06-01 23:00:00,23,5,6,1,0,0,33.1,52.3,6.9,75.68
2024-06-02 00:00:00,0,6,6,1,0,0,28.6,61.0,3.1,63.67
2024-06-02 01:00:00,1,6,6,1,0,0,31.5,54.2,6.3,72.93
2024-06-02 02:00:00,2,6,6,1,0,0,29.6,49.6,3.0,69.88
2024-06-02 03:00:00,3,6,6,1,0,0,30.1,56.2,3.3,62.1
2024-06-02 04:00:00,4,6,6,1,0,0,30.8,49.8,5.0,66.94
2024-06-02 05:00:00,5,6,6,1,0,0,31.4,64.3,7.2,76.25
2024-06-02 06:00:00,6,6,6,1,0,0,35.1,49.1,3.7,77.37
2024-06-02 07:00:00,7,6,6,1,0,0,34.4,52.8,5.8,85.63
2024-06-02 08:00:00,8,6,6,1,0,0,34.2,54.6,6.4,77.51
2024-06-02 09:00:00,9,6,6,1,0,0,37.2,50.3,4.1,91.36
2024-06-02 10:00:00,10,6,6,1,0,0,39.8,48.5,16.1,110.01
2024-06-02 11:00:00,11,6,6,1,0,0,43.1,49.0,20.9,138.72
2024-06-02 12:00:00,12,6,6,1,0,0,43.0,53.5,16.1,126.13
2024-06-02 13:00:00,13,6,6,1,0,0,41.0,51.9,11.9,121.31
2024-06-02 14:00:00,14,6,6,1,0,0,47.2,50.4,17.5,149.74
2024-06-02 15:00:00,15,6,6,1,0,0,43.0,43.2,17.1,129.43
2024-06-02 16:00:00,16,6,6,1,0,0,44.2,47.8,10.3,128.32
2024-06-02 17:00:00,17,6,6,1,0,0,40.6,49.7,11.1,110.35
2024-06-02 18:00:00,18,6,6,1,0,0,40.5,50.6,11.9,115.24
2024-06-02 19:00:00,19,6,6,1,0,0,39.4,55.4,3.7,94.76
2024-06-02 20:00:00,20,6,6,1,0,0,38.4,49.7,4.3,91.57
2024-06-02 21:00:00,21,6,6,1,0,0,36.5,50.3,5.3,88.26
2024-06-02 22:00:00,22,6,6,1,0,0,34.6,55.4,4.9,77.2
2024-06-02 23:00:00,23,6,6,1,0,0,31.1,48.6,7.5,73.24
2024-06-03 00:00:00,0,0,6,0,0,0,29.8,55.7,8.9,71.91
2024-06-03 01:00:00,1,0,6,0,0,0,30.7,55.5,11.0,75.77
2024-06-03 02:00:00,2,0,6,0,0,0,31.6,51.7,8.2,76.37
2024-06-03 03:00:00,3,0,6,0,0,0,29.7,60.9,4.7,58.8
2024-06-03 04:00:00,4,0,6,0,0,0,32.7,50.4,7.7,76.07
2024-06-03 05:00:00,5,0,6,0,0,0,34.4,52.9,10.6,86.08
2024-06-03 06:00:00,6,0,6,0,0,0,31.5,56.6,5.6,76.06
2024-06-03 07:00:00,7,0,6,0,0,0,33.2,59.7,4.7,74.22
2024-06-03 08:00:00,8,0,6,0,1,0,36.2,52.1,54.9,140.03
2024-06-03 09:00:00,9,0,6,0,1,0,38.7,54.2,56.7,162.31
2024-06-03 10:00:00,10,0,6,0,1,1,38.7,53.2,84.6,212.61
2024-06-03 11:00:00,11,0,6,0,1,1,43.4,47.6,82.0,252.82
2024-06-03 12:00:00,12,0,6,0,1,1,42.8,43.2,83.8,259.47
2024-06-03 13:00:00,13,0,6,0,1,1,42.8,41.8,70.2,226.87
2024-06-03 14:00:00,14,0,6,0,1,1,40.3,49.7,81.6,233.77
2024-06-03 15:00:00,15,0,6,0,1,1,40.3,47.1,85.8,235.37
2024-06-03 16:00:00,16,0,6,0,1,1,42.6,51.4,84.1,257.28
2024-06-03 17:00:00,17,0,6,0,1,0,37.2,54.4,36.0,128.83
2024-06-03 18:00:00,18,0,6,0,1,0,41.5,47.7,30.0,142.8
2024-06-03 19:00:00,19,0,6,0,0,0,37.8,46.4,35.4,133.82
2024-06-03 20:00:00,20,0,6,0,0,0,42.3,49.9,4.2,105.74
2024-06-03 21:00:00,21,0,6,0,0,0,38.9,46.2,7.5,102.14
2024-06-03 22:00:00,22,0,6,0,0,0,32.8,51.5,8.6,77.29
2024-06-03 23:00:00,23,0,6,0,0,0,31.6,51.5,5.5,69.73
2024-06-04 00:00:00,0,1,6,0,0,0,32.7,54.1,6.1,75.6
2024-06-04 01:00:00,1,1,6,0,0,0,33.4,58.8,5.8,74.45
2024-06-04 02:00:00,2,1,6,0,0,0,27.1,58.5,4.6,57.03
2024-06-04 03:00:00,3,1,6,0,0,0,27.1,56.8,6.8,60.51
2024-06-04 04:00:00,4,1,6,0,0,0,29.8,50.5,11.8,64.36
2024-06-04 05:00:00,5,1,6,0,0,0,33.0,56.6,6.8,81.13
2024-06-04 06:00:00,6,1,6,0,0,0,34.2,50.4,7.7,85.44
2024-06-04 07:00:00,7,1,6,0,0,0,36.8,52.2,9.2,88.36
2024-06-04 08:00:00,8,1,6,0,1,0,34.4,52.0,64.5,140.92
2024-06-04 09:00:00,9,1,6,0,1,0,34.1,57.0,73.5,158.13
2024-06-04 10:00:00,10,1,6,0,1,1,41.4,47.9,92.9,252.88
2024-06-04 11:00:00,11,1,6,0,1,1,39.7,49.5,91.9,242.2
2024-06-04 12:00:00,12,1,6,0,1,1,38.6,52.4,94.3,222.98
2024-06-04 13:00:00,13,1,6,0,1,1,43.1,55.8,63.5,228.38
2024-06-04 14:00:00,14,1,6,0,1,1,44.5,49.9,85.5,265.72
2024-06-04 15:00:00,15,1,6,0,1,1,42.6,47.3,90.1,261.11
2024-06-04 16:00:00,16,1,6,0,1,1,41.4,48.5,85.6,238.95
2024-06-04 17:00:00,17,1,6,0,1,0,40.9,46.8,44.5,167.42
2024-06-04 18:00:00,18,1,6,0,1,0,39.2,46.3,27.0,128.56
2024-06-04 19:00:00,19,1,6,0,0,0,35.8,50.2,33.8,121.13
2024-06-04 20:00:00,20,1,6,0,0,0,35.3,49.7,11.8,91.36
2024-06-04 21:00:00,21,1,6,0,0,0,35.8,55.1,7.0,84.01
2024-06-04 22:00:00,22,1,6,0,0,0,33.9,49.5,9.9,76.75
2024-06-04 23:00:00,23,1,6,0,0,0,32.3,60.2,4.2,72.69
2024-06-05 00:00:00,0,2,6,0,0,0,29.3,60.0,9.6,63.64
2024-06-05 01:00:00,1,2,6,0,0,0,30.1,56.5,11.5,73.59
2024-06-05 02:00:00,2,2,6,0,0,0,26.3,59.1,7.1,58.1
2024-06-05 03:00:00,3,2,6,0,0,0,30.8,53.7,4.2,68.23
2024-06-05 04:00:00,4,2,6,0,0,0,33.7,55.0,4.2,73.86
2024-06-05 05:00:00,5,2,6,0,0,0,29.5,61.2,11.1,73.46
2024-06-05 06:00:00,6,2,6,0,0,0,32.4,52.0,9.8,80.2
2024-06-05 07:00:00,7,2,6,0,0,0,35.6,46.4,4.9,80.84
2024-06-05 08:00:00,8,2,6,0,1,0,39.0,53.0,46.6,160.39
2024-06-05 09:00:00,9,2,6,0,1,0,37.6,52.5,69.1,173.67
2024-06-05 10:00:00,10,2,6,0,1,1,38.7,45.9,92.1,229.4
2024-06-05 11:00:00,11,2,6,0,1,1,37.8,48.1,81.8,210.26
2024-06-05 12:00:00,12,2,6,0,1,1,42.5,44.3,84.5,249.64
2024-06-05 13:00:00,13,2,6,0,1,1,46.7,41.9,71.7,266.75
2024-06-05 14:00:00,14,2,6,0,1,1,43.7,45.6,83.9,257.53
2024-06-05 15:00:00,15,2,6,0,1,1,43.0,46.3,91.3,262.73
2024-06-05 16:00:00,16,2,6,0,1,1,42.9,44.9,83.2,250.55
2024-06-05 17:00:00,17,2,6,0,1,0,41.3,45.6,38.5,159.86
2024-06-05 18:00:00,18,2,6,0,1,0,38.5,49.6,35.2,134.83
2024-06-05 19:00:00,19,2,6,0,0,0,39.9,50.2,43.9,156.79
2024-06-05 20:00:00,20,2,6,0,0,0,37.1,50.3,7.2,90.35
2024-06-05 21:00:00,21,2,6,0,0,0,35.1,57.6,5.8,83.4
2024-06-05 22:00:00,22,2,6,0,0,0,31.7,57.3,6.6,74.49
2024-06-05 23:00:00,23,2,6,0,0,0,34.5,47.0,10.8,77.54
2024-06-06 00:00:00,0,3,6,0,0,0,32.5,56.8,8.0,75.18
2024-06-06 01:00:00,1,3,6,0,0,0,29.6,59.2,6.8,67.09
2024-06-06 02:00:00,2,3,6,0,0,0,32.2,53.2,8.4,76.3
2024-06-06 03:00:00,3,3,6,0,0,0,29.7,50.7,5.1,63.88
2024-06-06 04:00:00,4,3,6,0,0,0,29.8,56.7,4.0,66.5
2024-06-06 05:00:00,5,3,6,0,0,0,30.9,55.8,6.2,67.8
2024-06-06 06:00:00,6,3,6,0,0,0,30.4,51.7,8.8,67.02
2024-06-06 07:00:00,7,3,6,0,0,0,36.1,46.4,9.7,96.0
2024-06-06 08:00:00,8,3,6,0,1,0,33.6,53.6,69.8,151.4
2024-06-06 09:00:00,9,3,6,0,1,0,36.4,51.1,72.8,168.6
2024-06-06 10:00:00,10,3,6,0,1,1,36.4,50.4,86.2,202.66
2024-06-06 11:00:00,11,3,6,0,1,1,41.3,48.3,91.1,251.71
2024-06-06 12:00:00,12,3,6,0,1,1,42.2,43.5,81.1,244.99
2024-06-06 13:00:00,13,3,6,0,1,1,42.6,45.9,60.9,214.57
2024-06-06 14:00:00,14,3,6,0,1,1,41.5,50.6,77.1,237.9
2024-06-06 15:00:00,15,3,6,0,1,1,41.1,47.3,82.6,236.61
2024-06-06 16:00:00,16,3,6,0,1,1,43.4,40.4,78.6,251.92
2024-06-06 17:00:00,17,3,6,0,1,0,40.5,47.3,30.7,136.96
2024-06-06 18:00:00,18,3,6,0,1,0,40.7,44.7,38.0,152.95
2024-06-06 19:00:00,19,3,6,0,0,0,37.0,52.7,32.2,123.66
2024-06-06 20:00:00,20,3,6,0,0,0,37.2,52.7,8.5,93.82
2024-06-06 21:00:00,21,3,6,0,0,0,37.5,44.6,7.3,90.61
2024-06-06 22:00:00,22,3,6,0,0,0,34.7,56.2,5.4,82.43
2024-06-06 23:00:00,23,3,6,0,0,0,31.5,51.0,4.6,70.54
2024-06-07 00:00:00,0,4,6,0,0,0,31.9,61.4,5.9,70.32
2024-06-07 01:00:00,1,4,6,0,0,0,30.3,56.1,4.5,61.47
2024-06-07 02:00:00,2,4,6,0,0,0,30.6,51.1,8.9,66.41
2024-06-07 03:00:00,3,4,6,0,0,0,30.2,51.8,10.4,70.96
2024-06-07 04:00:00,4,4,6,0,0,0,31.1,57.1,6.7,72.17
2024-06-07 05:00:00,5,4,6,0,0,0,32.8,53.0,7.1,83.18
2024-06-07 06:00:00,6,4,6,0,0,0,32.0,54.7,10.5,77.84
2024-06-07 07:00:00,7,4,6,0,0,0,33.5,60.5,5.8,73.08
2024-06-07 08:00:00,8,4,6,0,1,0,34.5,50.6,48.6,129.39
2024-06-07 09:00:00,9,4,6,0,1,0,35.8,52.7,60.0,155.04
2024-06-07 10:00:00,10,4,6,0,1,1,38.1,56.5,89.7,216.08
2024-06-07 11:00:00,11,4,6,0,1,1,41.9,49.3,89.0,255.79
2024-06-07 12:00:00,12,4,6,0,1,1,41.1,42.3,90.7,250.25
2024-06-07 13:00:00,13,4,6,0,1,1,44.2,48.6,60.9,223.42
2024-06-07 14:00:00,14,4,6,0,1,1,43.6,42.3,82.3,260.15
2024-06-07 15:00:00,15,4,6,0,1,1,39.8,55.3,79.1,217.88
2024-06-07 16:00:00,16,4,6,0,1,1,43.8,43.5,87.9,266.44
2024-06-07 17:00:00,17,4,6,0,1,0,43.1,59.2,42.5,172.45
2024-06-07 18:00:00,18,4,6,0,1,0,38.5,56.4,30.6,126.44
2024-06-07 19:00:00,19,4,6,0,0,0,39.5,46.7,26.9,129.2
2024-06-07 20:00:00,20,4,6,0,0,0,35.5,52.7,6.0,90.97
2024-06-07 21:00:00,21,4,6,0,0,0,35.5,55.7,4.8,88.42
2024-06-07 22:00:00,22,4,6,0,0,0,31.5,58.6,6.6,65.99
2024-06-07 23:00:00,23,4,6,0,0,0,29.2,58.8,8.3,64.23
2024-06-08 00:00:00,0,5,6,1,0,0,30.9,60.9,7.9,74.72
2024-06-08 01:00:00,1,5,6,1,0,0,30.7,55.5,5.0,68.22
2024-06-08 02:00:00,2,5,6,1,0,0,30.0,55.0,4.1,65.25
2024-06-08 03:00:00,3,5,6,1,0,0,28.8,56.0,3.8,56.53
2024-06-08 04:00:00,4,5,6,1,0,0,30.8,59.4,3.9,65.16
2024-06-08 05:00:00,5,5,6,1,0,0,33.1,55.8,4.0,70.66
2024-06-08 06:00:00,6,5,6,1,0,0,33.9,54.9,6.8,75.47
2024-06-08 07:00:00,7,5,6,1,0,0,35.8,55.6,3.3,79.4
2024-06-08 08:00:00,8,5,6,1,0,0,36.0,44.1,8.0,86.81
2024-06-08 09:00:00,9,5,6,1,0,0,41.0,50.0,5.6,103.48
2024-06-08 10:00:00,10,5,6,1,0,0,38.3,51.6,16.5,107.14
2024-06-08 11:00:00,11,5,6,1,0,0,42.7,54.3,14.3,129.57
2024-06-08 12:00:00,12,5,6,1,0,0,44.9,40.0,18.3,140.29
2024-06-08 13:00:00,13,5,6,1,0,0,44.3,52.7,15.7,140.53
2024-06-08 14:00:00,14,5,6,1,0,0,43.3,47.5,13.9,126.86
2024-06-08 15:00:00,15,5,6,1,0,0,42.5,49.7,13.2,125.1
2024-06-08 16:00:00,16,5,6,1,0,0,44.7,52.9,21.1,148.4
2024-06-08 17:00:00,17,5,6,1,0,0,39.2,52.3,13.5,106.82
2024-06-08 18:00:00,18,5,6,1,0,0,38.7,52.0,15.2,108.79
2024-06-08 19:00:00,19,5,6,1,0,0,38.1,51.8,4.8,92.02
2024-06-08 20:00:00,20,5,6,1,0,0,39.4,48.0,3.4,97.81
2024-06-08 21:00:00,21,5,6,1,0,0,36.2,52.0,3.9,85.15
2024-06-08 22:00:00,22,5,6,1,0,0,32.2,52.1,3.9,69.56
2024-06-08 23:00:00,23,5,6,1,0,0,32.0,54.9,6.5,74.32
2024-06-09 00:00:00,0,6,6,1,0,0,30.6,46.7,5.0,69.06
2024-06-09 01:00:00,1,6,6,1,0,0,29.8,58.4,6.9,73.19
2024-06-09 02:00:00,2,6,6,1,0,0,32.6,54.2,6.5,76.17
2024-06-09 03:00:00,3,6,6,1,0,0,28.6,56.1,4.0,61.19
2024-06-09 04:00:00,4,6,6,1,0,0,34.6,54.2,5.8,83.48
2024-06-09 05:00:00,5,6,6,1,0,0,34.2,47.8,6.7,78.67
2024-06-09 06:00:00,6,6,6,1,0,0,36.0,60.0,6.2,82.1
2024-06-09 07:00:00,7,6,6,1,0,0,34.8,52.7,6.0,82.05
2024-06-09 08:00:00,8,6,6,1,0,0,37.1,50.9,6.7,95.75
2024-06-09 09:00:00,9,6,6,1,0,0,36.4,48.2,3.3,89.49
2024-06-09 10:00:00,10,6,6,1,0,0,39.6,49.9,18.8,112.76
2024-06-09 11:00:00,11,6,6,1,0,0,42.8,53.1,13.3,127.33
2024-06-09 12:00:00,12,6,6,1,0,0,45.3,49.9,16.9,135.77
2024-06-09 13:00:00,13,6,6,1,0,0,41.6,51.8,12.9,120.71
2024-06-09 14:00:00,14,6,6,1,0,0,43.2,49.4,20.1,139.07
2024-06-09 15:00:00,15,6,6,1,0,0,43.3,45.8,15.8,125.92
2024-06-09 16:00:00,16,6,6,1,0,0,40.4,43.4,17.7,124.09
2024-06-09 17:00:00,17,6,6,1,0,0,43.0,46.6,19.5,141.45
2024-06-09 18:00:00,18,6,6,1,0,0,39.3,49.0,20.7,119.81
2024-06-09 19:00:00,19,6,6,1,0,0,38.7,54.6,6.7,98.89
2024-06-09 20:00:00,20,6,6,1,0,0,36.5,53.2,3.7,91.12
2024-06-09 21:00:00,21,6,6,1,0,0,34.2,60.0,7.3,78.77
2024-06-09 22:00:00,22,6,6,1,0,0,34.1,58.4,6.1,77.17
2024-06-09 23:00:00,23,6,6,1,0,0,32.3,53.1,6.0,71.75
2024-06-10 00:00:00,0,0,6,0,0,0,31.2,48.5,11.4,76.21
2024-06-10 01:00:00,1,0,6,0,0,0,29.9,62.1,6.0,66.86
2024-06-10 02:00:00,2,0,6,0,0,0,31.5,60.9,5.9,69.93
2024-06-10 03:00:00,3,0,6,0,0,0,34.2,48.1,8.1,82.31
2024-06-10 04:00:00,4,0,6,0,0,0,32.1,61.1,10.0,76.1
2024-06-10 05:00:00,5,0,6,0,0,0,34.7,54.7,7.6,82.94
2024-06-10 06:00:00,6,0,6,0,0,0,31.7,56.0,9.1,73.08
2024-06-10 07:00:00,7,0,6,0,0,0,36.1,58.7,7.6,87.24
2024-06-10 08:00:00,8,0,6,0,1,0,35.5,58.0,63.3,146.62
2024-06-10 09:00:00,9,0,6,0,1,0,36.5,54.6,69.7,166.7
2024-06-10 10:00:00,10,0,6,0,1,1,39.4,51.8,82.7,213.49
2024-06-10 11:00:00,11,0,6,0,1,1,44.2,49.0,90.4,274.89
2024-06-10 12:00:00,12,0,6,0,1,1,44.8,44.5,91.8,277.37
2024-06-10 13:00:00,13,0,6,0,1,1,44.2,46.3,66.7,234.22
2024-06-10 14:00:00,14,0,6,0,1,1,41.2,45.1,80.5,231.67
2024-06-10 15:00:00,15,0,6,0,1,1,43.4,45.8,75.2,242.48
2024-06-10 16:00:00,16,0,6,0,1,1,43.6,45.5,88.6,275.76
2024-06-10 17:00:00,17,0,6,0,1,0,42.4,45.3,31.6,147.31
2024-06-10 18:00:00,18,0,6,0,1,0,37.4,51.9,32.1,120.61
2024-06-10 19:00:00,19,0,6,0,0,0,37.5,50.0,31.7,126.19
2024-06-10 20:00:00,20,0,6,0,0,0,37.4,53.3,8.0,93.52
2024-06-10 21:00:00,21,0,6,0,0,0,36.7,45.3,9.6,95.56
2024-06-10 22:00:00,22,0,6,0,0,0,30.3,55.8,10.2,74.21
2024-06-10 23:00:00,23,0,6,0,0,0,32.6,55.2,7.1,73.04
2024-06-11 00:00:00,0,1,6,0,0,0,32.2,53.7,9.3,79.4
2024-06-11 01:00:00,1,1,6,0,0,0,32.9,53.8,9.8,77.18
2024-06-11 02:00:00,2,1,6,0,0,0,32.3,48.5,6.4,75.08
2024-06-11 03:00:00,3,1,6,0,0,0,32.4,56.2,4.8,69.57
2024-06-11 04:00:00,4,1,6,0,0,0,30.5,58.7,11.2,73.94
2024-06-11 05:00:00,5,1,6,0,0,0,29.6,58.8,9.4,68.86
2024-06-11 06:00:00,6,1,6,0,0,0,33.6,58.1,9.2,78.79
2024-06-11 07:00:00,7,1,6,0,0,0,37.7,51.9,4.5,87.41
2024-06-11 08:00:00,8,1,6,0,1,0,40.1,51.3,69.5,195.3
2024-06-11 09:00:00,9,1,6,0,1,0,40.6,49.7,62.0,184.31
2024-06-11 10:00:00,10,1,6,0,1,1,41.6,51.1,92.7,254.7
2024-06-11 11:00:00,11,1,6,0,1,1,42.9,41.2,94.6,263.37
2024-06-11 12:00:00,12,1,6,0,1,1,42.2,44.4,94.4,267.67
2024-06-11 13:00:00,13,1,6,0,1,1,43.6,53.3,72.8,239.67
2024-06-11 14:00:00,14,1,6,0,1,1,47.1,34.7,75.2,278.88
2024-06-11 15:00:00,15,1,6,0,1,1,42.2,47.4,90.1,258.6
2024-06-11 16:00:00,16,1,6,0,1,1,46.1,49.9,76.3,263.57
2024-06-11 17:00:00,17,1,6,0,1,0,41.6,48.0,42.0,159.64
2024-06-11 18:00:00,18,1,6,0,1,0,43.2,45.6,30.6,156.8
2024-06-11 19:00:00,19,1,6,0,0,0,36.8,52.3,37.2,131.55
2024-06-11 20:00:00,20,1,6,0,0,0,38.7,49.0,4.3,94.18
2024-06-11 21:00:00,21,1,6,0,0,0,34.6,53.4,10.2,80.27
2024-06-11 22:00:00,22,1,6,0,0,0,31.8,52.5,4.9,68.12
2024-06-11 23:00:00,23,1,6,0,0,0,33.4,58.6,7.3,75.99
2024-06-12 00:00:00,0,2,6,0,0,0,33.9,59.5,10.5,86.27
2024-06-12 01:00:00,1,2,6,0,0,0,29.9,56.0,9.6,68.57
2024-06-12 02:00:00,2,2,6,0,0,0,28.5,52.0,4.0,59.46
2024-06-12 03:00:00,3,2,6,0,0,0,31.3,53.5,7.2,70.52
2024-06-12 04:00:00,4,2,6,0,0,0,31.9,54.4,4.3,76.1
2024-06-12 05:00:00,5,2,6,0,0,0,34.1,55.7,9.4,84.5
2024-06-12 06:00:00,6,2,6,0,0,0,36.2,48.1,11.8,95.77
2024-06-12 07:00:00,7,2,6,0,0,0,35.9,49.3,9.2,88.86
2024-06-12 08:00:00,8,2,6,0,1,0,41.1,50.8,51.7,174.03
2024-06-12 09:00:00,9,2,6,0,1,0,39.8,53.4,55.7,168.24
2024-06-12 10:00:00,10,2,6,0,1,1,40.4,46.7,94.6,252.02
2024-06-12 11:00:00,11,2,6,0,1,1,39.4,44.6,83.4,221.72
2024-06-12 12:00:00,12,2,6,0,1,1,42.9,60.6,88.4,261.31
2024-06-12 13:00:00,13,2,6,0,1,1,43.4,50.3,66.0,230.38
2024-06-12 14:00:00,14,2,6,0,1,1,46.0,44.2,88.1,285.4
2024-06-12 15:00:00,15,2,6,0,1,1,44.8,49.6,89.7,281.84
2024-06-12 16:00:00,16,2,6,0,1,1,41.2,48.2,80.8,233.63
2024-06-12 17:00:00,17,2,6,0,1,0,42.6,51.1,38.2,167.2
2024-06-12 18:00:00,18,2,6,0,1,0,42.2,48.6,36.0,159.69
2024-06-12 19:00:00,19,2,6,0,0,0,42.2,48.3,30.6,144.43
2024-06-12 20:00:00,20,2,6,0,0,0,39.3,49.5,6.2,100.45
2024-06-12 21:00:00,21,2,6,0,0,0,37.4,45.5,8.3,97.09
2024-06-12 22:00:00,22,2,6,0,0,0,34.6,61.0,5.2,83.35
2024-06-12 23:00:00,23,2,6,0,0,0,33.8,50.1,10.5,85.03
2024-06-13 00:00:00,0,3,6,0,0,0,34.5,47.9,4.6,80.94
2024-06-13 01:00:00,1,3,6,0,0,0,29.2,56.2,4.8,63.59
2024-06-13 02:00:00,2,3,6,0,0,0,30.7,52.2,6.7,70.33
2024-06-13 03:00:00,3,3,6,0,0,0,30.2,56.2,4.9,62.74
2024-06-13 04:00:00,4,3,6,0,0,0,32.9,57.2,7.8,77.59
2024-06-13 05:00:00,5,3,6,0,0,0,35.5,56.6,7.2,82.32
2024-06-13 06:00:00,6,3,6,0,0,0,33.5,57.3,9.8,81.01
2024-06-13 07:00:00,7,3,6,0,0,0,31.9,53.9,11.6,76.85
2024-06-13 08:00:00,8,3,6,0,1,0,37.1,51.7,67.6,166.86
2024-06-13 09:00:00,9,3,6,0,1,0,41.2,50.3,50.4,169.49
2024-06-13 10:00:00,10,3,6,0,1,1,42.1,41.0,94.0,257.26
2024-06-13 11:00:00,11,3,6,0,1,1,43.2,49.5,85.9,262.3
2024-06-13 12:00:00,12,3,6,0,1,1,43.0,41.6,87.1,259.14
2024-06-13 13:00:00,13,3,6,0,1,1,41.8,56.4,66.3,209.2
2024-06-13 14:00:00,14,3,6,0,1,1,45.3,44.2,79.8,266.59
2024-06-13 15:00:00,15,3,6,0,1,1,42.6,46.9,90.2,262.35
2024-06-13 16:00:00,16,3,6,0,1,1,47.4,41.2,80.6,291.08
2024-06-13 17:00:00,17,3,6,0,1,0,43.5,44.5,36.6,166.95
2024-06-13 18:00:00,18,3,6,0,1,0,40.1,58.5,29.8,135.71
2024-06-13 19:00:00,19,3,6,0,0,0,38.4,54.4,40.9,144.41
2024-06-13 20:00:00,20,3,6,0,0,0,37.7,44.9,10.2,96.97
2024-06-13 21:00:00,21,3,6,0,0,0,35.8,58.5,6.4,86.17
2024-06-13 22:00:00,22,3,6,0,0,0,36.6,56.7,9.5,91.52
2024-06-13 23:00:00,23,3,6,0,0,0,33.6,52.9,9.6,85.66
2024-06-14 00:00:00,0,4,6,0,0,0,31.0,57.0,8.5,75.1
2024-06-14 01:00:00,1,4,6,0,0,0,35.1,52.9,8.8,87.25
2024-06-14 02:00:00,2,4,6,0,0,0,31.6,63.3,8.6,80.25
2024-06-14 03:00:00,3,4,6,0,0,0,33.1,51.1,4.7,77.07
2024-06-14 04:00:00,4,4,6,0,0,0,31.3,56.2,9.4,75.62
2024-06-14 05:00:00,5,4,6,0,0,0,34.0,52.0,7.8,83.02
2024-06-14 06:00:00,6,4,6,0,0,0,35.3,47.1,7.5,82.55
2024-06-14 07:00:00,7,4,6,0,0,0,32.9,63.2,10.9,78.74
2024-06-14 08:00:00,8,4,6,0,1,0,41.6,43.7,45.7,168.22
2024-06-14 09:00:00,9,4,6,0,1,0,42.0,49.0,52.5,181.08
2024-06-14 10:00:00,10,4,6,0,1,1,40.5,42.2,81.8,236.34
2024-06-14 11:00:00,11,4,6,0,1,1,40.6,47.5,80.5,227.61
2024-06-14 12:00:00,12,4,6,0,1,1,44.2,48.2,84.1,265.33
2024-06-14 13:00:00,13,4,6,0,1,1,44.4,43.1,74.8,245.24
2024-06-14 14:00:00,14,4,6,0,1,1,45.1,48.3,79.6,267.58
2024-06-14 15:00:00,15,4,6,0,1,1,44.6,45.2,86.3,270.93
2024-06-14 16:00:00,16,4,6,0,1,1,44.5,51.0,77.0,252.97
2024-06-14 17:00:00,17,4,6,0,1,0,45.2,51.3,37.0,169.27
2024-06-14 18:00:00,18,4,6,0,1,0,42.3,45.5,44.7,168.22
2024-06-14 19:00:00,19,4,6,0,0,0,37.8,51.3,30.8,124.47
2024-06-14 20:00:00,20,4,6,0,0,0,40.4,50.0,10.8,107.23
2024-06-14 21:00:00,21,4,6,0,0,0,39.3,52.5,12.0,107.88
2024-06-14 22:00:00,22,4,6,0,0,0,40.4,49.3,8.7,111.48
2024-06-14 23:00:00,23,4,6,0,0,0,31.4,56.3,6.5,74.29
2024-06-15 00:00:00,0,5,6,1,0,0,32.9,53.5,6.4,78.36
2024-06-15 01:00:00,1,5,6,1,0,0,28.1,58.3,7.2,65.65
2024-06-15 02:00:00,2,5,6,1,0,0,32.6,59.9,3.9,70.3
2024-06-15 03:00:00,3,5,6,1,0,0,30.8,58.5,5.3,67.42
2024-06-15 04:00:00,4,5,6,1,0,0,35.9,55.2,4.6,87.3
2024-06-15 05:00:00,5,5,6,1,0,0,32.1,57.9,4.4,70.63
2024-06-15 06:00:00,6,5,6,1,0,0,31.8,54.6,7.3,72.74
2024-06-15 07:00:00,7,5,6,1,0,0,35.6,53.9,5.1,90.82
2024-06-15 08:00:00,8,5,6,1,0,0,34.6,48.9,4.7,81.17
2024-06-15 09:00:00,9,5,6,1,0,0,41.1,53.8,6.0,112.54
2024-06-15 10:00:00,10,5,6,1,0,0,37.6,40.0,12.6,95.95
2024-06-15 11:00:00,11,5,6,1,0,0,42.8,47.2,12.8,122.39
2024-06-15 12:00:00,12,5,6,1,0,0,40.0,54.1,16.2,118.25
2024-06-15 13:00:00,13,5,6,1,0,0,43.8,41.4,14.9,132.61
2024-06-15 14:00:00,14,5,6,1,0,0,47.6,45.8,13.5,141.21
2024-06-15 15:00:00,15,5,6,1,0,0,45.0,43.3,10.6,129.92
2024-06-15 16:00:00,16,5,6,1,0,0,42.2,46.5,16.2,134.86
2024-06-15 17:00:00,17,5,6,1,0,0,42.7,51.4,19.8,135.67
2024-06-15 18:00:00,18,5,6,1,0,0,41.4,49.3,20.2,131.16
2024-06-15 19:00:00,19,5,6,1,0,0,40.6,40.9,4.2,100.25
2024-06-15 20:00:00,20,5,6,1,0,0,35.7,48.6,6.0,87.06
2024-06-15 21:00:00,21,5,6,1,0,0,37.5,55.2,7.3,94.56
2024-06-15 22:00:00,22,5,6,1,0,0,30.0,58.3,5.0,69.72
2024-06-15 23:00:00,23,5,6,1,0,0,32.4,61.8,7.7,79.99
2024-06-16 00:00:00,0,6,6,1,0,0,31.7,62.0,7.5,75.25
2024-06-16 01:00:00,1,6,6,1,0,0,33.1,53.0,4.0,75.23
2024-06-16 02:00:00,2,6,6,1,0,0,31.8,65.3,4.3,65.7
2024-06-16 03:00:00,3,6,6,1,0,0,29.4,57.0,3.9,57.87
2024-06-16 04:00:00,4,6,6,1,0,0,30.8,52.1,4.0,67.9
2024-06-16 05:00:00,5,6,6,1,0,0,34.0,51.2,7.5,84.69
2024-06-16 06:00:00,6,6,6,1,0,0,34.8,44.1,7.7,89.25
2024-06-16 07:00:00,7,6,6,1,0,0,35.5,59.1,3.3,79.53
2024-06-16 08:00:00,8,6,6,1,0,0,37.4,57.7,6.0,87.73
2024-06-16 09:00:00,9,6,6,1,0,0,41.2,44.6,5.8,109.99
2024-06-16 10:00:00,10,6,6,1,0,0,40.6,48.2,14.7,114.87
2024-06-16 11:00:00,11,6,6,1,0,0,42.7,48.0,17.6,126.41
2024-06-16 12:00:00,12,6,6,1,0,0,47.8,40.2,21.4,161.83
2024-06-16 13:00:00,13,6,6,1,0,0,41.9,41.1,12.0,117.57
2024-06-16 14:00:00,14,6,6,1,0,0,41.4,47.7,11.4,120.36
2024-06-16 15:00:00,15,6,6,1,0,0,45.9,44.1,10.4,137.12
2024-06-16 16:00:00,16,6,6,1,0,0,42.6,46.1,14.4,123.65
2024-06-16 17:00:00,17,6,6,1,0,0,42.3,48.8,14.1,128.66
2024-06-16 18:00:00,18,6,6,1,0,0,40.1,55.1,15.2,116.37
2024-06-16 19:00:00,19,6,6,1,0,0,39.4,48.7,5.5,102.91
2024-06-16 20:00:00,20,6,6,1,0,0,41.1,49.4,6.8,112.32
2024-06-16 21:00:00,21,6,6,1,0,0,38.0,53.8,5.0,92.68
2024-06-16 22:00:00,22,6,6,1,0,0,36.5,54.2,4.7,89.44
2024-06-16 23:00:00,23,6,6,1,0,0,31.1,53.3,7.1,70.28
2024-06-17 00:00:00,0,0,6,0,0,0,30.6,56.5,10.8,76.45
2024-06-17 01:00:00,1,0,6,0,0,0,27.0,60.8,5.9,58.73
2024-06-17 02:00:00,2,0,6,0,0,0,30.4,51.7,6.5,71.84
2024-06-17 03:00:00,3,0,6,0,0,0,33.8,58.9,10.6,89.45
2024-06-17 04:00:00,4,0,6,0,0,0,33.7,59.6,4.6,79.41
2024-06-17 05:00:00,5,0,6,0,0,0,33.4,51.2,6.6,78.5
2024-06-17 06:00:00,6,0,6,0,0,0,35.1,53.7,7.6,85.73
2024-06-17 07:00:00,7,0,6,0,0,0,35.4,55.3,5.5,75.15
2024-06-17 08:00:00,8,0,6,0,1,0,38.7,48.2,50.4,154.79
2024-06-17 09:00:00,9,0,6,0,1,0,41.4,50.4,57.7,187.99
2024-06-17 10:00:00,10,0,6,0,1,1,38.7,51.1,91.3,234.99
2024-06-17 11:00:00,11,0,6,0,1,1,43.5,41.2,92.6,272.2
2024-06-17 12:00:00,12,0,6,0,1,1,45.7,47.3,94.7,300.23
2024-06-17 13:00:00,13,0,6,0,1,1,43.9,42.4,61.1,223.47
2024-06-17 14:00:00,14,0,6,0,1,1,46.1,49.0,78.7,274.82
2024-06-17 15:00:00,15,0,6,0,1,1,49.7,40.0,87.9,331.8
2024-06-17 16:00:00,16,0,6,0,1,1,43.8,46.2,84.2,259.79
2024-06-17 17:00:00,17,0,6,0,1,0,43.7,52.4,31.6,156.7
2024-06-17 18:00:00,18,0,6,0,1,0,40.3,51.3,29.1,136.45
2024-06-17 19:00:00,19,0,6,0,0,0,40.4,44.9,30.6,143.86
2024-06-17 20:00:00,20,0,6,0,0,0,39.2,46.0,7.4,96.84
2024-06-17 21:00:00,21,0,6,0,0,0,37.0,49.2,5.4,88.35
2024-06-17 22:00:00,22,0,6,0,0,0,33.3,55.8,11.7,86.19
2024-06-17 23:00:00,23,0,6,0,0,0,34.1,55.1,4.9,83.5
2024-06-18 00:00:00,0,1,6,0,0,0,35.5,49.3,11.9,94.46
2024-06-18 01:00:00,1,1,6,0,0,0,33.0,49.7,10.7,79.81
2024-06-18 02:00:00,2,1,6,0,0,0,33.7,55.0,7.4,82.43
2024-06-18 03:00:00,3,1,6,0,0,0,31.8,54.5,9.9,78.01
2024-06-18 04:00:00,4,1,6,0,0,0,34.2,62.2,9.4,85.84
2024-06-18 05:00:00,5,1,6,0,0,0,34.4,53.6,5.7,80.99
2024-06-18 06:00:00,6,1,6,0,0,0,33.5,61.3,6.7,79.42
2024-06-18 07:00:00,7,1,6,0,0,0,37.4,46.6,8.1,92.33
2024-06-18 08:00:00,8,1,6,0,1,0,36.7,45.5,64.1,169.81
2024-06-18 09:00:00,9,1,6,0,1,0,39.0,45.7,61.3,174.23
2024-06-18 10:00:00,10,1,6,0,1,1,42.1,52.8,87.1,255.33
2024-06-18 11:00:00,11,1,6,0,1,1,43.6,54.0,86.6,263.1
2024-06-18 12:00:00,12,1,6,0,1,1,41.9,45.0,87.5,248.05
2024-06-18 13:00:00,13,1,6,0,1,1,46.6,43.0,66.5,253.1
2024-06-18 14:00:00,14,1,6,0,1,1,46.0,40.6,84.2,271.99
2024-06-18 15:00:00,15,1,6,0,1,1,43.5,39.8,90.1,270.79
2024-06-18 16:00:00,16,1,6,0,1,1,41.3,51.5,85.8,250.31
2024-06-18 17:00:00,17,1,6,0,1,0,42.8,48.4,39.5,170.08
2024-06-18 18:00:00,18,1,6,0,1,0,40.9,48.9,36.9,148.63
2024-06-18 19:00:00,19,1,6,0,0,0,40.3,43.7,37.9,150.91
2024-06-18 20:00:00,20,1,6,0,0,0,37.8,57.6,8.6,95.4
2024-06-18 21:00:00,21,1,6,0,0,0,33.2,52.2,4.2,76.91
2024-06-18 22:00:00,22,1,6,0,0,0,34.5,55.5,12.0,90.37
2024-06-18 23:00:00,23,1,6,0,0,0,33.3,48.4,4.3,78.96
2024-06-19 00:00:00,0,2,6,0,0,0,34.1,52.9,7.2,76.9
2024-06-19 01:00:00,1,2,6,0,0,0,31.0,57.0,4.8,64.98
2024-06-19 02:00:00,2,2,6,0,0,0,35.1,54.2,4.8,82.49
2024-06-19 03:00:00,3,2,6,0,0,0,28.8,58.0,10.3,63.92
2024-06-19 04:00:00,4,2,6,0,0,0,35.3,54.8,7.4,82.92
2024-06-19 05:00:00,5,2,6,0,0,0,33.6,49.5,10.4,84.49
2024-06-19 06:00:00,6,2,6,0,0,0,36.9,52.5,6.2,88.01
2024-06-19 07:00:00,7,2,6,0,0,0,37.0,52.1,6.1,98.42
2024-06-19 08:00:00,8,2,6,0,1,0,40.6,50.0,52.5,170.34
2024-06-19 09:00:00,9,2,6,0,1,0,39.6,50.1,63.5,180.02
2024-06-19 10:00:00,10,2,6,0,1,1,39.8,44.5,92.2,242.53
2024-06-19 11:00:00,11,2,6,0,1,1,45.7,40.2,86.8,276.03
2024-06-19 12:00:00,12,2,6,0,1,1,44.0,37.8,85.7,262.06
2024-06-19 13:00:00,13,2,6,0,1,1,45.2,49.1,74.6,262.08
2024-06-19 14:00:00,14,2,6,0,1,1,47.3,47.7,77.0,272.17
2024-06-19 15:00:00,15,2,6,0,1,1,43.0,50.8,83.3,249.62
2024-06-19 16:00:00,16,2,6,0,1,1,45.3,47.0,81.9,268.5
2024-06-19 17:00:00,17,2,6,0,1,0,42.1,39.5,27.0,147.57
2024-06-19 18:00:00,18,2,6,0,1,0,41.6,44.3,30.4,153.47
2024-06-19 19:00:00,19,2,6,0,0,0,40.4,49.9,25.6,128.81
2024-06-19 20:00:00,20,2,6,0,0,0,35.9,52.9,11.0,88.85
2024-06-19 21:00:00,21,2,6,0,0,0,35.5,51.8,8.9,89.3
2024-06-19 22:00:00,22,2,6,0,0,0,37.8,52.5,10.5,93.24
2024-06-19 23:00:00,23,2,6,0,0,0,35.6,52.6,8.2,90.6
2024-06-20 00:00:00,0,3,6,0,0,0,32.9,55.0,8.8,79.76
2024-06-20 01:00:00,1,3,6,0,0,0,32.8,52.0,9.6,81.06
2024-06-20 02:00:00,2,3,6,0,0,0,31.6,59.3,11.3,76.42
2024-06-20 03:00:00,3,3,6,0,0,0,34.8,51.4,4.7,82.38
2024-06-20 04:00:00,4,3,6,0,0,0,32.7,49.3,6.6,77.91
2024-06-20 05:00:00,5,3,6,0,0,0,34.5,50.3,9.7,86.8
2024-06-20 06:00:00,6,3,6,0,0,0,37.5,49.9,11.7,95.92
2024-06-20 07:00:00,7,3,6,0,0,0,35.6,56.6,11.8,93.33
2024-06-20 08:00:00,8,3,6,0,1,0,41.5,48.3,64.1,201.18
2024-06-20 09:00:00,9,3,6,0,1,0,37.6,50.4,50.8,151.61
2024-06-20 10:00:00,10,3,6,0,1,1,44.9,41.1,81.8,264.47
2024-06-20 11:00:00,11,3,6,0,1,1,42.6,50.8,94.2,271.73
2024-06-20 12:00:00,12,3,6,0,1,1,43.9,44.2,86.5,257.17
2024-06-20 13:00:00,13,3,6,0,1,1,41.5,48.0,62.9,211.55
2024-06-20 14:00:00,14,3,6,0,1,1,44.4,52.3,90.9,278.38
2024-06-20 15:00:00,15,3,6,0,1,1,43.1,49.4,76.8,242.48
2024-06-20 16:00:00,16,3,6,0,1,1,43.2,40.7,87.4,258.0
2024-06-20 17:00:00,17,3,6,0,1,0,43.0,40.3,37.5,162.93
2024-06-20 18:00:00,18,3,6,0,1,0,43.6,46.7,26.8,149.7
2024-06-20 19:00:00,19,3,6,0,0,0,40.7,44.2,31.8,145.83
2024-06-20 20:00:00,20,3,6,0,0,0,39.2,52.7,5.2,92.4
2024-06-20 21:00:00,21,3,6,0,0,0,35.0,53.2,8.8,85.58
2024-06-20 22:00:00,22,3,6,0,0,0,33.8,54.5,7.8,83.49
2024-06-20 23:00:00,23,3,6,0,0,0,37.3,48.6,4.0,88.66
2024-06-21 00:00:00,0,4,6,0,0,0,31.8,62.2,11.8,79.02
2024-06-21 01:00:00,1,4,6,0,0,0,35.5,64.0,6.8,79.97
2024-06-21 02:00:00,2,4,6,0,0,0,31.8,54.1,6.1,70.15
2024-06-21 03:00:00,3,4,6,0,0,0,32.5,56.2,5.8,77.07
2024-06-21 04:00:00,4,4,6,0,0,0,35.1,53.3,5.3,80.91
2024-06-21 05:00:00,5,4,6,0,0,0,36.5,50.9,12.0,92.41
2024-06-21 06:00:00,6,4,6,0,0,0,35.3,49.5,6.4,88.7
2024-06-21 07:00:00,7,4,6,0,0,0,36.4,47.7,7.2,91.96
2024-06-21 08:00:00,8,4,6,0,1,0,38.7,45.9,71.1,181.36
2024-06-21 09:00:00,9,4,6,0,1,0,41.1,50.4,64.3,193.11
2024-06-21 10:00:00,10,4,6,0,1,1,43.6,44.9,85.5,259.34
2024-06-21 11:00:00,11,4,6,0,1,1,43.4,36.8,93.5,268.22
2024-06-21 12:00:00,12,4,6,0,1,1,45.5,47.4,91.2,283.89
2024-06-21 13:00:00,13,4,6,0,1,1,48.0,43.7,63.4,252.05
2024-06-21 14:00:00,14,4,6,0,1,1,46.0,50.7,85.9,290.68
2024-06-21 15:00:00,15,4,6,0,1,1,45.6,47.1,90.7,292.78
2024-06-21 16:00:00,16,4,6,0,1,1,41.7,42.4,83.4,243.6
2024-06-21 17:00:00,17,4,6,0,1,0,38.6,41.6,39.7,143.48
2024-06-21 18:00:00,18,4,6,0,1,0,42.7,44.7,44.4,168.61
2024-06-21 19:00:00,19,4,6,0,0,0,40.3,46.8,38.8,154.91
2024-06-21 20:00:00,20,4,6,0,0,0,37.8,54.8,4.8,92.22
2024-06-21 21:00:00,21,4,6,0,0,0,37.5,51.2,6.0,89.94
2024-06-21 22:00:00,22,4,6,0,0,0,35.4,57.3,8.8,88.95
2024-06-21 23:00:00,23,4,6,0,0,0,36.2,46.9,6.2,90.74
2024-06-22 00:00:00,0,5,6,1,0,0,33.4,58.0,7.8,81.73
2024-06-22 01:00:00,1,5,6,1,0,0,31.2,58.5,5.0,66.39
2024-06-22 02:00:00,2,5,6,1,0,0,34.2,45.5,5.3,82.58
2024-06-22 03:00:00,3,5,6,1,0,0,32.2,60.3,6.5,74.42
2024-06-22 04:00:00,4,5,6,1,0,0,34.2,53.9,5.6,82.09
2024-06-22 05:00:00,5,5,6,1,0,0,33.4,55.7,4.9,74.41
2024-06-22 06:00:00,6,5,6,1,0,0,34.5,49.9,3.4,82.4
2024-06-22 07:00:00,7,5,6,1,0,0,37.3,56.5,6.0,92.77
2024-06-22 08:00:00,8,5,6,1,0,0,38.9,45.5,7.3,103.83
2024-06-22 09:00:00,9,5,6,1,0,0,41.4,51.8,6.4,103.78
2024-06-22 10:00:00,10,5,6,1,0,0,41.6,51.7,14.6,117.31
2024-06-22 11:00:00,11,5,6,1,0,0,40.2,45.5,11.5,110.39
2024-06-22 12:00:00,12,5,6,1,0,0,43.7,54.8,19.8,144.47
2024-06-22 13:00:00,13,5,6,1,0,0,46.6,45.8,21.3,163.25
2024-06-22 14:00:00,14,5,6,1,0,0,44.8,48.8,14.7,133.81
2024-06-22 15:00:00,15,5,6,1,0,0,44.7,40.1,18.7,143.05
2024-06-22 16:00:00,16,5,6,1,0,0,46.3,53.6,14.9,144.6
2024-06-22 17:00:00,17,5,6,1,0,0,42.2,43.1,16.0,128.94
2024-06-22 18:00:00,18,5,6,1,0,0,39.3,54.1,20.0,121.88
2024-06-22 19:00:00,19,5,6,1,0,0,40.3,45.3,3.4,96.45
2024-06-22 20:00:00,20,5,6,1,0,0,38.0,48.4,5.7,94.64
2024-06-22 21:00:00,21,5,6,1,0,0,35.4,55.9,4.1,76.54
2024-06-22 22:00:00,22,5,6,1,0,0,35.3,56.9,4.7,85.92
2024-06-22 23:00:00,23,5,6,1,0,0,35.2,47.8,6.2,83.63
2024-06-23 00:00:00,0,6,6,1,0,0,33.3,58.6,3.1,70.85
2024-06-23 01:00:00,1,6,6,1,0,0,33.2,58.4,6.0,78.53
2024-06-23 02:00:00,2,6,6,1,0,0,35.7,48.8,4.4,83.2
2024-06-23 03:00:00,3,6,6,1,0,0,32.1,61.4,6.3,78.11
2024-06-23 04:00:00,4,6,6,1,0,0,33.8,48.0,3.7,74.16
2024-06-23 05:00:00,5,6,6,1,0,0,33.5,51.6,6.7,86.37
2024-06-23 06:00:00,6,6,6,1,0,0,34.2,55.5,6.2,83.89
2024-06-23 07:00:00,7,6,6,1,0,0,36.2,48.7,7.9,94.53
2024-06-23 08:00:00,8,6,6,1,0,0,38.1,51.9,7.6,94.01
2024-06-23 09:00:00,9,6,6,1,0,0,41.3,49.6,4.4,111.05
2024-06-23 10:00:00,10,6,6,1,0,0,46.4,44.3,10.3,132.55
2024-06-23 11:00:00,11,6,6,1,0,0,42.3,51.2,17.9,129.35
2024-06-23 12:00:00,12,6,6,1,0,0,43.8,45.9,17.2,140.22
2024-06-23 13:00:00,13,6,6,1,0,0,45.1,46.9,10.3,132.22
2024-06-23 14:00:00,14,6,6,1,0,0,46.2,49.7,11.5,133.68
2024-06-23 15:00:00,15,6,6,1,0,0,45.7,48.7,17.0,148.51
2024-06-23 16:00:00,16,6,6,1,0,0,46.9,47.8,20.9,158.89
2024-06-23 17:00:00,17,6,6,1,0,0,39.2,45.5,20.9,118.48
2024-06-23 18:00:00,18,6,6,1,0,0,37.9,53.1,11.8,97.05
2024-06-23 19:00:00,19,6,6,1,0,0,39.8,46.1,4.9,101.61
2024-06-23 20:00:00,20,6,6,1,0,0,40.9,43.7,3.2,101.49
2024-06-23 21:00:00,21,6,6,1,0,0,34.5,53.1,5.3,81.7
2024-06-23 22:00:00,22,6,6,1,0,0,30.3,52.7,6.8,63.66
2024-06-23 23:00:00,23,6,6,1,0,0,35.4,55.9,6.9,84.91
2024-06-24 00:00:00,0,0,6,0,0,0,33.9,57.0,8.0,83.62
2024-06-24 01:00:00,1,0,6,0,0,0,30.8,48.3,4.8,74.41
2024-06-24 02:00:00,2,0,6,0,0,0,30.8,52.6,7.1,69.95
2024-06-24 03:00:00,3,0,6,0,0,0,31.0,50.0,11.5,80.12
2024-06-24 04:00:00,4,0,6,0,0,0,33.6,52.1,5.8,81.15
2024-06-24 05:00:00,5,0,6,0,0,0,33.3,56.0,6.6,79.2
2024-06-24 06:00:00,6,0,6,0,0,0,36.7,50.8,10.0,91.66
2024-06-24 07:00:00,7,0,6,0,0,0,32.2,52.6,9.9,74.97
2024-06-24 08:00:00,8,0,6,0,1,0,37.5,56.5,72.4,179.84
2024-06-24 09:00:00,9,0,6,0,1,0,38.7,41.2,56.6,163.71
2024-06-24 10:00:00,10,0,6,0,1,1,41.8,53.2,87.7,249.48
2024-06-24 11:00:00,11,0,6,0,1,1,42.7,45.4,87.0,258.62
2024-06-24 12:00:00,12,0,6,0,1,1,46.1,44.9,93.9,292.76
2024-06-24 13:00:00,13,0,6,0,1,1,42.0,46.0,71.5,224.63
2024-06-24 14:00:00,14,0,6,0,1,1,45.6,51.8,89.1,278.55
2024-06-24 15:00:00,15,0,6,0,1,1,46.3,40.2,77.3,277.2
2024-06-24 16:00:00,16,0,6,0,1,1,48.0,43.9,88.5,303.69
2024-06-24 17:00:00,17,0,6,0,1,0,42.8,49.6,33.7,151.77
2024-06-24 18:00:00,18,0,6,0,1,0,42.9,41.0,25.5,145.75
2024-06-24 19:00:00,19,0,6,0,0,0,37.5,47.6,26.2,110.23
2024-06-24 20:00:00,20,0,6,0,0,0,34.7,52.6,9.4,83.7
2024-06-24 21:00:00,21,0,6,0,0,0,38.9,46.7,7.0,101.1
2024-06-24 22:00:00,22,0,6,0,0,0,35.8,49.2,10.9,92.46
2024-06-24 23:00:00,23,0,6,0,0,0,36.6,50.5,9.9,88.73
2024-06-25 00:00:00,0,1,6,0,0,0,31.0,58.4,4.2,64.87
2024-06-25 01:00:00,1,1,6,0,0,0,33.8,52.5,9.5,75.02
2024-06-25 02:00:00,2,1,6,0,0,0,36.0,56.6,5.5,82.48
2024-06-25 03:00:00,3,1,6,0,0,0,33.6,50.0,7.4,82.22
2024-06-25 04:00:00,4,1,6,0,0,0,34.0,48.7,9.0,81.76
2024-06-25 05:00:00,5,1,6,0,0,0,34.6,61.0,11.0,88.55
2024-06-25 06:00:00,6,1,6,0,0,0,33.1,51.7,7.6,78.87
2024-06-25 07:00:00,7,1,6,0,0,0,39.9,44.3,10.5,108.59
2024-06-25 08:00:00,8,1,6,0,1,0,38.0,43.9,68.5,179.66
2024-06-25 09:00:00,9,1,6,0,1,0,41.7,52.6,57.4,185.97
2024-06-25 10:00:00,10,1,6,0,1,1,39.6,48.4,87.5,235.49
2024-06-25 11:00:00,11,1,6,0,1,1,41.6,47.4,90.5,247.04
2024-06-25 12:00:00,12,1,6,0,1,1,47.3,43.8,80.5,292.45
2024-06-25 13:00:00,13,1,6,0,1,1,44.8,50.2,73.4,242.72
2024-06-25 14:00:00,14,1,6,0,1,1,48.3,43.0,88.1,303.82
2024-06-25 15:00:00,15,1,6,0,1,1,45.3,55.2,79.2,268.31
2024-06-25 16:00:00,16,1,6,0,1,1,41.5,49.0,91.7,259.2
2024-06-25 17:00:00,17,1,6,0,1,0,45.3,50.0,28.6,159.91
2024-06-25 18:00:00,18,1,6,0,1,0,41.3,51.8,43.3,160.88
2024-06-25 19:00:00,19,1,6,0,0,0,42.1,47.9,31.5,146.76
2024-06-25 20:00:00,20,1,6,0,0,0,39.2,47.7,10.1,105.86
2024-06-25 21:00:00,21,1,6,0,0,0,34.7,54.5,7.7,87.01
2024-06-25 22:00:00,22,1,6,0,0,0,36.2,54.2,9.9,98.29
2024-06-25 23:00:00,23,1,6,0,0,0,38.5,48.3,5.2,103.35
2024-06-26 00:00:00,0,2,6,0,0,0,34.5,54.0,6.2,84.29
2024-06-26 01:00:00,1,2,6,0,0,0,32.8,59.5,4.8,76.02
2024-06-26 02:00:00,2,2,6,0,0,0,34.7,61.5,10.9,84.38
2024-06-26 03:00:00,3,2,6,0,0,0,33.3,57.6,6.4,84.35
2024-06-26 04:00:00,4,2,6,0,0,0,34.0,61.2,9.6,84.9
2024-06-26 05:00:00,5,2,6,0,0,0,32.7,52.1,10.6,79.64
2024-06-26 06:00:00,6,2,6,0,0,0,36.4,54.8,11.2,96.44
2024-06-26 07:00:00,7,2,6,0,0,0,39.4,55.3,4.9,96.65
2024-06-26 08:00:00,8,2,6,0,1,0,37.7,47.5,71.8,171.05
2024-06-26 09:00:00,9,2,6,0,1,0,43.5,45.1,50.9,190.54
2024-06-26 10:00:00,10,2,6,0,1,1,42.3,54.8,91.1,263.05
2024-06-26 11:00:00,11,2,6,0,1,1,42.2,44.1,90.9,258.94
2024-06-26 12:00:00,12,2,6,0,1,1,46.6,39.5,80.1,283.82
2024-06-26 13:00:00,13,2,6,0,1,1,45.0,52.1,63.3,234.43
2024-06-26 14:00:00,14,2,6,0,1,1,47.1,49.3,83.4,293.0
2024-06-26 15:00:00,15,2,6,0,1,1,45.0,47.7,82.1,272.37
2024-06-26 16:00:00,16,2,6,0,1,1,44.7,46.0,90.6,275.82
2024-06-26 17:00:00,17,2,6,0,1,0,44.7,44.5,32.2,165.56
2024-06-26 18:00:00,18,2,6,0,1,0,43.0,48.5,43.7,179.01
2024-06-26 19:00:00,19,2,6,0,0,0,37.3,57.7,34.2,129.47
2024-06-26 20:00:00,20,2,6,0,0,0,37.2,52.4,11.7,99.35
2024-06-26 21:00:00,21,2,6,0,0,0,39.2,58.7,9.9,106.87
2024-06-26 22:00:00,22,2,6,0,0,0,35.7,48.9,10.6,93.86
2024-06-26 23:00:00,23,2,6,0,0,0,33.7,53.8,4.8,80.91
2024-06-27 00:00:00,0,3,6,0,0,0,31.2,54.2,8.7,71.04
2024-06-27 01:00:00,1,3,6,0,0,0,31.1,51.4,5.1,68.1
2024-06-27 02:00:00,2,3,6,0,0,0,29.2,56.4,6.4,62.4
2024-06-27 03:00:00,3,3,6,0,0,0,32.8,56.2,9.0,81.71
2024-06-27 04:00:00,4,3,6,0,0,0,32.6,56.8,9.8,81.68
2024-06-27 05:00:00,5,3,6,0,0,0,33.0,63.1,4.3,70.92
2024-06-27 06:00:00,6,3,6,0,0,0,35.9,54.2,8.2,90.9
2024-06-27 07:00:00,7,3,6,0,0,0,38.3,55.3,8.5,103.66
2024-06-27 08:00:00,8,3,6,0,1,0,43.1,47.6,47.4,179.75
2024-06-27 09:00:00,9,3,6,0,1,0,38.3,57.4,60.0,168.29
2024-06-27 10:00:00,10,3,6,0,1,1,44.6,55.9,90.7,275.33
2024-06-27 11:00:00,11,3,6,0,1,1,45.6,47.7,80.8,269.9
2024-06-27 12:00:00,12,3,6,0,1,1,43.5,43.1,91.4,265.84
2024-06-27 13:00:00,13,3,6,0,1,1,45.9,43.2,68.6,252.0
2024-06-27 14:00:00,14,3,6,0,1,1,45.0,47.1,89.2,277.4
2024-06-27 15:00:00,15,3,6,0,1,1,45.9,47.2,78.7,270.83
2024-06-27 16:00:00,16,3,6,0,1,1,47.6,47.0,89.2,303.27
2024-06-27 17:00:00,17,3,6,0,1,0,45.0,47.8,26.9,156.06
2024-06-27 18:00:00,18,3,6,0,1,0,43.5,47.1,33.1,159.83
2024-06-27 19:00:00,19,3,6,0,0,0,40.2,46.8,29.0,134.36
2024-06-27 20:00:00,20,3,6,0,0,0,36.6,53.5,11.0,92.9
2024-06-27 21:00:00,21,3,6,0,0,0,37.2,58.9,9.6,95.55
2024-06-27 22:00:00,22,3,6,0,0,0,38.2,54.8,4.2,93.44
2024-06-27 23:00:00,23,3,6,0,0,0,32.0,57.2,4.1,70.99
2024-06-28 00:00:00,0,4,6,0,0,0,31.8,59.4,6.3,72.23
2024-06-28 01:00:00,1,4,6,0,0,0,33.3,52.7,5.1,77.57
2024-06-28 02:00:00,2,4,6,0,0,0,31.1,53.7,9.0,75.12
2024-06-28 03:00:00,3,4,6,0,0,0,31.7,52.3,9.3,72.08
2024-06-28 04:00:00,4,4,6,0,0,0,33.0,53.9,11.5,81.79
2024-06-28 05:00:00,5,4,6,0,0,0,32.3,53.2,11.6,73.85
2024-06-28 06:00:00,6,4,6,0,0,0,34.4,58.3,9.3,84.82
2024-06-28 07:00:00,7,4,6,0,0,0,39.0,48.3,4.0,96.42
2024-06-28 08:00:00,8,4,6,0,1,0,37.0,48.4,55.8,155.3
2024-06-28 09:00:00,9,4,6,0,1,0,38.2,58.5,60.4,167.64
2024-06-28 10:00:00,10,4,6,0,1,1,41.5,46.6,87.5,252.86
2024-06-28 11:00:00,11,4,6,0,1,1,45.3,46.4,89.1,284.65
2024-06-28 12:00:00,12,4,6,0,1,1,44.6,48.1,94.4,281.07
2024-06-28 13:00:00,13,4,6,0,1,1,44.8,41.6,73.3,244.36
2024-06-28 14:00:00,14,4,6,0,1,1,45.9,50.3,76.9,260.29
2024-06-28 15:00:00,15,4,6,0,1,1,42.5,50.3,79.5,235.91
2024-06-28 16:00:00,16,4,6,0,1,1,45.9,51.6,89.2,293.25
2024-06-28 17:00:00,17,4,6,0,1,0,44.7,43.5,41.5,179.47
2024-06-28 18:00:00,18,4,6,0,1,0,41.9,48.6,30.5,148.58
2024-06-28 19:00:00,19,4,6,0,0,0,42.9,47.6,39.6,167.12
2024-06-28 20:00:00,20,4,6,0,0,0,37.3,52.4,9.4,97.93
2024-06-28 21:00:00,21,4,6,0,0,0,39.7,43.9,7.8,105.3
2024-06-28 22:00:00,22,4,6,0,0,0,36.4,52.5,5.6,87.78
2024-06-28 23:00:00,23,4,6,0,0,0,34.2,47.9,11.1,86.23
2024-06-29 00:00:00,0,5,6,1,0,0,33.8,55.3,6.4,81.58
2024-06-29 01:00:00,1,5,6,1,0,0,33.0,45.9,3.8,82.29
2024-06-29 02:00:00,2,5,6,1,0,0,35.1,45.5,6.5,81.53
2024-06-29 03:00:00,3,5,6,1,0,0,31.2,58.9,6.7,71.65
2024-06-29 04:00:00,4,5,6,1,0,0,32.4,52.6,7.4,72.38
2024-06-29 05:00:00,5,5,6,1,0,0,36.7,47.9,4.1,87.53
2024-06-29 06:00:00,6,5,6,1,0,0,35.1,58.0,7.9,84.16
2024-06-29 07:00:00,7,5,6,1,0,0,39.4,51.2,3.8,96.79
2024-06-29 08:00:00,8,5,6,1,0,0,42.5,51.2,6.0,113.04
2024-06-29 09:00:00,9,5,6,1,0,0,40.4,48.6,6.3,102.99
2024-06-29 10:00:00,10,5,6,1,0,0,43.9,57.5,15.0,127.23
2024-06-29 11:00:00,11,5,6,1,0,0,42.0,45.7,15.7,129.83
2024-06-29 12:00:00,12,5,6,1,0,0,46.4,52.0,20.7,157.55
2024-06-29 13:00:00,13,5,6,1,0,0,46.1,45.0,17.7,147.65
2024-06-29 14:00:00,14,5,6,1,0,0,46.8,38.1,16.0,145.62
2024-06-29 15:00:00,15,5,6,1,0,0,44.6,48.2,11.5,130.65
2024-06-29 16:00:00,16,5,6,1,0,0,42.1,49.3,10.1,118.33
2024-06-29 17:00:00,17,5,6,1,0,0,44.9,41.9,11.5,134.19
2024-06-29 18:00:00,18,5,6,1,0,0,39.0,46.5,21.5,122.46
2024-06-29 19:00:00,19,5,6,1,0,0,40.6,49.0,6.8,109.43
2024-06-29 20:00:00,20,5,6,1,0,0,41.1,50.1,7.8,103.98
2024-06-29 21:00:00,21,5,6,1,0,0,38.1,40.9,3.2,90.56
2024-06-29 22:00:00,22,5,6,1,0,0,39.7,53.9,6.4,105.11
2024-06-29 23:00:00,23,5,6,1,0,0,36.7,49.8,3.2,83.53
2024-06-30 00:00:00,0,6,6,1,0,0,32.7,49.3,6.9,80.61
2024-06-30 01:00:00,1,6,6,1,0,0,33.3,58.0,4.9,82.43
2024-06-30 02:00:00,2,6,6,1,0,0,32.9,54.4,3.5,77.63
2024-06-30 03:00:00,3,6,6,1,0,0,30.4,61.1,5.8,70.23
2024-06-30 04:00:00,4,6,6,1,0,0,32.2,56.7,4.4,71.04
2024-06-30 05:00:00,5,6,6,1,0,0,33.9,53.8,6.3,81.11
2024-06-30 06:00:00,6,6,6,1,0,0,32.6,54.1,6.3,71.44
2024-06-30 07:00:00,7,6,6,1,0,0,37.9,52.9,6.5,92.6
2024-06-30 08:00:00,8,6,6,1,0,0,39.1,48.5,8.0,99.49
2024-06-30 09:00:00,9,6,6,1,0,0,38.2,47.3,4.9,94.34
2024-06-30 10:00:00,10,6,6,1,0,0,43.5,49.5,15.6,130.79
2024-06-30 11:00:00,11,6,6,1,0,0,45.4,45.1,19.7,148.89
2024-06-30 12:00:00,12,6,6,1,0,0,45.5,45.8,16.9,146.54
2024-06-30 13:00:00,13,6,6,1,0,0,45.2,50.2,10.4,128.94
2024-06-30 14:00:00,14,6,6,1,0,0,47.1,44.1,20.1,157.86
2024-06-30 15:00:00,15,6,6,1,0,0,47.0,44.7,10.6,138.36
2024-06-30 16:00:00,16,6,6,1,0,0,45.7,43.1,12.0,136.83
2024-06-30 17:00:00,17,6,6,1,0,0,42.6,49.4,11.2,123.23
2024-06-30 18:00:00,18,6,6,1,0,0,43.3,48.6,10.9,126.57
2024-06-30 19:00:00,19,6,6,1,0,0,43.3,50.8,3.1,113.34
2024-06-30 20:00:00,20,6,6,1,0,0,38.4,48.3,3.3,94.09
2024-06-30 21:00:00,21,6,6,1,0,0,41.6,46.5,5.2,103.16
2024-06-30 22:00:00,22,6,6,1,0,0,35.3,56.0,4.3,79.39
2024-06-30 23:00:00,23,6,6,1,0,0,35.0,54.0,3.6,78.36
2024-07-01 00:00:00,0,0,7,0,0,0,32.7,73.0,9.3,80.36
2024-07-01 01:00:00,1,0,7,0,0,0,33.7,81.1,5.8,74.84
2024-07-01 02:00:00,2,0,7,0,0,0,29.9,71.8,4.2,66.18
2024-07-01 03:00:00,3,0,7,0,0,0,32.3,80.0,7.3,76.61
2024-07-01 04:00:00,4,0,7,0,0,0,32.0,72.0,6.5,67.75
2024-07-01 05:00:00,5,0,7,0,0,0,35.2,82.4,6.5,81.58
2024-07-01 06:00:00,6,0,7,0,0,0,38.1,66.7,7.6,100.64
2024-07-01 07:00:00,7,0,7,0,0,0,39.0,76.8,9.4,105.5
2024-07-01 08:00:00,8,0,7,0,1,0,35.3,74.5,63.5,149.25
2024-07-01 09:00:00,9,0,7,0,1,0,44.9,66.6,73.1,232.23
2024-07-01 10:00:00,10,0,7,0,1,1,43.3,69.9,87.8,253.4
2024-07-01 11:00:00,11,0,7,0,1,1,42.8,72.1,87.1,260.8
2024-07-01 12:00:00,12,0,7,0,1,1,45.5,64.0,83.2,269.25
2024-07-01 13:00:00,13,0,7,0,1,1,46.2,63.9,71.3,266.64
2024-07-01 14:00:00,14,0,7,0,1,1,44.9,70.7,77.4,254.7
2024-07-01 15:00:00,15,0,7,0,1,1,46.2,60.3,83.3,275.91
2024-07-01 16:00:00,16,0,7,0,1,1,44.1,66.3,82.2,268.85
2024-07-01 17:00:00,17,0,7,0,1,0,43.4,81.3,38.2,172.97
2024-07-01 18:00:00,18,0,7,0,1,0,41.6,66.5,43.4,166.56
2024-07-01 19:00:00,19,0,7,0,0,0,38.7,77.0,43.9,148.36
2024-07-01 20:00:00,20,0,7,0,0,0,39.8,69.3,5.3,100.87
2024-07-01 21:00:00,21,0,7,0,0,0,38.9,74.3,6.1,95.06
2024-07-01 22:00:00,22,0,7,0,0,0,37.2,76.1,10.5,96.28
2024-07-01 23:00:00,23,0,7,0,0,0,36.4,78.5,8.1,91.57
2024-07-02 00:00:00,0,1,7,0,0,0,34.6,74.5,7.6,88.58
2024-07-02 01:00:00,1,1,7,0,0,0,32.4,84.8,9.7,77.2
2024-07-02 02:00:00,2,1,7,0,0,0,34.6,72.9,8.8,88.91
2024-07-02 03:00:00,3,1,7,0,0,0,30.9,78.8,11.8,75.19
2024-07-02 04:00:00,4,1,7,0,0,0,32.4,77.8,8.7,81.52
2024-07-02 05:00:00,5,1,7,0,0,0,33.3,71.7,7.7,81.8
2024-07-02 06:00:00,6,1,7,0,0,0,38.3,71.5,8.3,100.95
2024-07-02 07:00:00,7,1,7,0,0,0,39.6,72.4,10.5,110.37
2024-07-02 08:00:00,8,1,7,0,1,0,40.5,69.4,63.4,189.74
2024-07-02 09:00:00,9,1,7,0,1,0,43.2,79.0,64.4,211.55
2024-07-02 10:00:00,10,1,7,0,1,1,41.3,67.2,94.6,260.72
2024-07-02 11:00:00,11,1,7,0,1,1,44.8,72.9,89.3,282.34
2024-07-02 12:00:00,12,1,7,0,1,1,45.0,71.4,85.7,279.34
2024-07-02 13:00:00,13,1,7,0,1,1,47.4,66.3,70.4,260.94
2024-07-02 14:00:00,14,1,7,0,1,1,45.9,63.9,86.2,284.45
2024-07-02 15:00:00,15,1,7,0,1,1,45.2,64.8,75.2,254.09
2024-07-02 16:00:00,16,1,7,0,1,1,46.2,65.1,82.9,285.02
2024-07-02 17:00:00,17,1,7,0,1,0,45.8,60.3,39.9,181.76
2024-07-02 18:00:00,18,1,7,0,1,0,41.7,66.3,35.0,156.52
2024-07-02 19:00:00,19,1,7,0,0,0,41.2,64.7,40.6,164.73
2024-07-02 20:00:00,20,1,7,0,0,0,37.7,78.5,7.6,91.11
2024-07-02 21:00:00,21,1,7,0,0,0,33.4,78.6,11.9,84.34
2024-07-02 22:00:00,22,1,7,0,0,0,36.7,77.0,6.3,86.92
2024-07-02 23:00:00,23,1,7,0,0,0,36.1,76.6,4.7,80.64
2024-07-03 00:00:00,0,2,7,0,0,0,34.5,76.0,7.4,83.23
2024-07-03 01:00:00,1,2,7,0,0,0,29.9,84.4,8.3,70.9
2024-07-03 02:00:00,2,2,7,0,0,0,32.5,74.3,6.8,78.34
2024-07-03 03:00:00,3,2,7,0,0,0,29.4,79.3,5.9,65.64
2024-07-03 04:00:00,4,2,7,0,0,0,36.5,76.9,9.4,88.06
2024-07-03 05:00:00,5,2,7,0,0,0,33.1,71.0,7.0,78.58
2024-07-03 06:00:00,6,2,7,0,0,0,38.7,84.8,9.1,96.88
2024-07-03 07:00:00,7,2,7,0,0,0,39.7,71.8,10.2,102.67
2024-07-03 08:00:00,8,2,7,0,1,0,38.1,73.4,67.8,172.98
2024-07-03 09:00:00,9,2,7,0,1,0,39.3,77.0,56.3,172.27
2024-07-03 10:00:00,10,2,7,0,1,1,43.6,72.6,88.5,266.63
2024-07-03 11:00:00,11,2,7,0,1,1,42.8,69.7,86.7,256.0
2024-07-03 12:00:00,12,2,7,0,1,1,45.5,68.2,93.1,293.64
2024-07-03 13:00:00,13,2,7,0,1,1,45.1,61.9,73.2,251.45
2024-07-03 14:00:00,14,2,7,0,1,1,43.0,67.2,80.8,249.28
2024-07-03 15:00:00,15,2,7,0,1,1,41.9,72.2,76.6,235.04
2024-07-03 16:00:00,16,2,7,0,1,1,45.7,69.3,77.8,272.0
2024-07-03 17:00:00,17,2,7,0,1,0,43.3,74.1,32.3,159.51
2024-07-03 18:00:00,18,2,7,0,1,0,41.9,69.7,36.3,158.36
2024-07-03 19:00:00,19,2,7,0,0,0,42.6,64.1,38.1,162.33
2024-07-03 20:00:00,20,2,7,0,0,0,41.8,74.5,6.7,105.58
2024-07-03 21:00:00,21,2,7,0,0,0,37.5,79.0,9.3,94.46
2024-07-03 22:00:00,22,2,7,0,0,0,35.8,78.0,11.5,91.72
2024-07-03 23:00:00,23,2,7,0,0,0,36.0,73.6,9.2,89.99
2024-07-04 00:00:00,0,3,7,0,0,0,31.7,81.5,5.3,69.79
2024-07-04 01:00:00,1,3,7,0,0,0,33.8,89.6,8.6,82.53
2024-07-04 02:00:00,2,3,7,0,0,0,34.2,76.0,8.3,80.77
2024-07-04 03:00:00,3,3,7,0,0,0,34.7,70.0,11.0,95.32
2024-07-04 04:00:00,4,3,7,0,0,0,30.6,75.7,6.8,65.31
2024-07-04 05:00:00,5,3,7,0,0,0,33.8,78.3,7.4,83.91
2024-07-04 06:00:00,6,3,7,0,0,0,34.9,68.7,8.8,85.78
2024-07-04 07:00:00,7,3,7,0,0,0,38.2,73.4,8.2,99.96
2024-07-04 08:00:00,8,3,7,0,1,0,40.6,72.6,66.6,194.03
2024-07-04 09:00:00,9,3,7,0,1,0,44.1,74.8,46.2,185.52
2024-07-04 10:00:00,10,3,7,0,1,1,42.1,75.3,88.5,251.01
2024-07-04 11:00:00,11,3,7,0,1,1,43.4,72.6,81.8,257.08
2024-07-04 12:00:00,12,3,7,0,1,1,47.4,57.7,84.7,297.22
2024-07-04 13:00:00,13,3,7,0,1,1,46.5,70.6,69.9,253.56
2024-07-04 14:00:00,14,3,7,0,1,1,48.5,68.4,77.7,281.43
2024-07-04 15:00:00,15,3,7,0,1,1,46.5,68.0,80.3,281.82
2024-07-04 16:00:00,16,3,7,0,1,1,43.3,62.3,87.0,248.49
2024-07-04 17:00:00,17,3,7,0,1,0,41.9,67.1,38.0,157.8
2024-07-04 18:00:00,18,3,7,0,1,0,40.2,66.7,26.8,129.96
2024-07-04 19:00:00,19,3,7,0,0,0,42.6,61.6,36.5,160.94
2024-07-04 20:00:00,20,3,7,0,0,0,41.9,70.2,5.2,112.15
2024-07-04 21:00:00,21,3,7,0,0,0,41.4,67.3,6.0,103.6
2024-07-04 22:00:00,22,3,7,0,0,0,38.0,83.4,7.7,104.58
2024-07-04 23:00:00,23,3,7,0,0,0,37.2,72.8,4.9,91.07
2024-07-05 00:00:00,0,4,7,0,0,0,33.1,81.5,11.9,84.61
2024-07-05 01:00:00,1,4,7,0,0,0,31.4,71.2,5.3,66.18
2024-07-05 02:00:00,2,4,7,0,0,0,34.8,73.0,10.3,87.82
2024-07-05 03:00:00,3,4,7,0,0,0,34.2,75.9,10.6,89.16
2024-07-05 04:00:00,4,4,7,0,0,0,34.3,71.9,12.0,88.67
2024-07-05 05:00:00,5,4,7,0,0,0,35.9,72.7,7.4,89.14
2024-07-05 06:00:00,6,4,7,0,0,0,37.1,72.7,11.0,97.56
2024-07-05 07:00:00,7,4,7,0,0,0,40.4,70.3,11.7,107.88
2024-07-05 08:00:00,8,4,7,0,1,0,42.1,77.5,50.2,173.96
2024-07-05 09:00:00,9,4,7,0,1,0,42.4,71.3,59.4,198.28
2024-07-05 10:00:00,10,4,7,0,1,1,44.5,70.3,80.9,260.01
2024-07-05 11:00:00,11,4,7,0,1,1,45.3,69.9,89.3,284.44
2024-07-05 12:00:00,12,4,7,0,1,1,44.6,70.7,88.7,270.08
2024-07-05 13:00:00,13,4,7,0,1,1,47.4,66.0,63.1,254.37
2024-07-05 14:00:00,14,4,7,0,1,1,43.8,67.6,88.6,270.15
2024-07-05 15:00:00,15,4,7,0,1,1,47.9,66.6,75.6,279.36
2024-07-05 16:00:00,16,4,7,0,1,1,43.3,73.8,88.7,267.38
2024-07-05 17:00:00,17,4,7,0,1,0,44.9,72.6,25.5,153.45
2024-07-05 18:00:00,18,4,7,0,1,0,41.5,69.5,38.1,153.69
2024-07-05 19:00:00,19,4,7,0,0,0,42.5,72.8,26.6,144.34
2024-07-05 20:00:00,20,4,7,0,0,0,39.7,70.9,6.0,97.8
2024-07-05 21:00:00,21,4,7,0,0,0,35.2,75.0,9.8,82.83
2024-07-05 22:00:00,22,4,7,0,0,0,37.3,71.5,6.2,92.68
2024-07-05 23:00:00,23,4,7,0,0,0,34.1,74.9,8.1,84.62
2024-07-06 00:00:00,0,5,7,1,0,0,35.8,79.8,7.6,92.44
2024-07-06 01:00:00,1,5,7,1,0,0,33.5,76.4,3.2,77.42
2024-07-06 02:00:00,2,5,7,1,0,0,34.0,76.2,7.1,87.74
2024-07-06 03:00:00,3,5,7,1,0,0,31.8,71.5,3.3,74.43
2024-07-06 04:00:00,4,5,7,1,0,0,33.1,75.1,3.6,76.94
2024-07-06 05:00:00,5,5,7,1,0,0,34.4,74.5,3.6,80.44
2024-07-06 06:00:00,6,5,7,1,0,0,38.1,69.5,8.0,101.76
2024-07-06 07:00:00,7,5,7,1,0,0,41.2,70.7,3.9,97.12
2024-07-06 08:00:00,8,5,7,1,0,0,38.4,70.9,7.5,96.8
2024-07-06 09:00:00,9,5,7,1,0,0,43.4,69.4,8.0,113.48
2024-07-06 10:00:00,10,5,7,1,0,0,39.2,72.5,14.6,113.32
2024-07-06 11:00:00,11,5,7,1,0,0,42.3,66.1,17.6,127.19
2024-07-06 12:00:00,12,5,7,1,0,0,43.7,67.3,19.3,148.63
2024-07-06 13:00:00,13,5,7,1,0,0,43.7,69.2,14.7,129.87
2024-07-06 14:00:00,14,5,7,1,0,0,43.5,73.8,11.9,126.45
2024-07-06 15:00:00,15,5,7,1,0,0,46.8,67.8,15.2,145.76
2024-07-06 16:00:00,16,5,7,1,0,0,45.1,65.3,19.3,144.3
2024-07-06 17:00:00,17,5,7,1,0,0,45.1,69.5,19.4,142.05
2024-07-06 18:00:00,18,5,7,1,0,0,44.3,75.3,12.8,127.08
2024-07-06 19:00:00,19,5,7,1,0,0,42.0,73.8,3.9,100.35
2024-07-06 20:00:00,20,5,7,1,0,0,41.0,73.0,7.6,110.59
2024-07-06 21:00:00,21,5,7,1,0,0,38.0,75.8,3.2,89.81
2024-07-06 22:00:00,22,5,7,1,0,0,34.4,81.2,6.7,88.61
2024-07-06 23:00:00,23,5,7,1,0,0,37.1,77.8,3.2,83.93
2024-07-07 00:00:00,0,6,7,1,0,0,33.2,78.5,7.2,83.47
2024-07-07 01:00:00,1,6,7,1,0,0,31.9,81.4,7.5,79.65
2024-07-07 02:00:00,2,6,7,1,0,0,33.0,72.1,4.5,79.29
2024-07-07 03:00:00,3,6,7,1,0,0,31.9,71.2,3.4,71.24
2024-07-07 04:00:00,4,6,7,1,0,0,33.5,76.7,5.4,76.77
2024-07-07 05:00:00,5,6,7,1,0,0,35.9,74.6,4.5,89.3
2024-07-07 06:00:00,6,6,7,1,0,0,37.2,71.3,5.1,88.14
2024-07-07 07:00:00,7,6,7,1,0,0,36.6,77.2,6.3,90.82
2024-07-07 08:00:00,8,6,7,1,0,0,39.0,64.7,4.0,95.8
2024-07-07 09:00:00,9,6,7,1,0,0,43.5,66.9,4.8,111.86
2024-07-07 10:00:00,10,6,7,1,0,0,44.0,66.8,19.4,141.49
2024-07-07 11:00:00,11,6,7,1,0,0,48.2,59.2,17.7,160.93
2024-07-07 12:00:00,12,6,7,1,0,0,47.6,72.2,13.9,145.55
2024-07-07 13:00:00,13,6,7,1,0,0,48.2,60.3,18.0,160.59
2024-07-07 14:00:00,14,6,7,1,0,0,43.9,66.4,19.2,132.65
2024-07-07 15:00:00,15,6,7,1,0,0,47.5,69.9,17.1,150.57
2024-07-07 16:00:00,16,6,7,1,0,0,45.4,70.3,12.9,134.93
2024-07-07 17:00:00,17,6,7,1,0,0,43.5,64.6,10.0,124.2
2024-07-07 18:00:00,18,6,7,1,0,0,43.4,71.8,19.6,140.76
2024-07-07 19:00:00,19,6,7,1,0,0,43.2,70.4,7.1,117.42
2024-07-07 20:00:00,20,6,7,1,0,0,40.8,80.3,6.5,108.25
2024-07-07 21:00:00,21,6,7,1,0,0,36.6,75.5,3.4,85.86
2024-07-07 22:00:00,22,6,7,1,0,0,37.9,72.4,5.9,95.61
2024-07-07 23:00:00,23,6,7,1,0,0,34.1,72.2,7.1,82.93
2024-07-08 00:00:00,0,0,7,0,0,0,34.6,72.3,7.1,81.96
2024-07-08 01:00:00,1,0,7,0,0,0,33.1,73.0,5.6,75.57
2024-07-08 02:00:00,2,0,7,0,0,0,33.0,81.9,8.7,81.56
2024-07-08 03:00:00,3,0,7,0,0,0,35.0,75.1,10.6,94.86
2024-07-08 04:00:00,4,0,7,0,0,0,32.4,79.1,4.4,76.98
2024-07-08 05:00:00,5,0,7,0,0,0,38.8,78.4,8.8,98.04
2024-07-08 06:00:00,6,0,7,0,0,0,33.4,66.7,9.1,77.89
2024-07-08 07:00:00,7,0,7,0,0,0,37.1,78.6,8.8,93.25
2024-07-08 08:00:00,8,0,7,0,1,0,40.5,71.4,64.5,188.97
2024-07-08 09:00:00,9,0,7,0,1,0,42.6,71.4,63.9,203.1
2024-07-08 10:00:00,10,0,7,0,1,1,43.0,66.1,82.0,249.34
2024-07-08 11:00:00,11,0,7,0,1,1,44.4,65.4,83.5,269.27
2024-07-08 12:00:00,12,0,7,0,1,1,46.3,69.0,89.3,289.21
2024-07-08 13:00:00,13,0,7,0,1,1,45.7,77.0,60.3,233.73
2024-07-08 14:00:00,14,0,7,0,1,1,48.9,69.3,85.8,314.11
2024-07-08 15:00:00,15,0,7,0,1,1,47.7,71.2,86.3,304.26
2024-07-08 16:00:00,16,0,7,0,1,1,47.1,65.8,79.1,281.52
2024-07-08 17:00:00,17,0,7,0,1,0,42.7,67.2,37.0,160.33
2024-07-08 18:00:00,18,0,7,0,1,0,43.0,66.3,35.7,159.46
2024-07-08 19:00:00,19,0,7,0,0,0,41.0,68.8,30.2,138.42
2024-07-08 20:00:00,20,0,7,0,0,0,38.1,64.6,7.7,98.05
2024-07-08 21:00:00,21,0,7,0,0,0,38.8,69.4,11.3,107.02
2024-07-08 22:00:00,22,0,7,0,0,0,35.7,72.3,7.4,90.3
2024-07-08 23:00:00,23,0,7,0,0,0,36.5,73.2,9.0,96.58
2024-07-09 00:00:00,0,1,7,0,0,0,32.4,77.3,4.3,77.75
2024-07-09 01:00:00,1,1,7,0,0,0,36.7,75.3,4.6,83.82
2024-07-09 02:00:00,2,1,7,0,0,0,31.8,77.2,4.7,72.77
2024-07-09 03:00:00,3,1,7,0,0,0,34.0,73.4,10.2,86.27
2024-07-09 04:00:00,4,1,7,0,0,0,35.7,66.7,6.8,87.0
2024-07-09 05:00:00,5,1,7,0,0,0,34.3,73.2,5.8,78.41
2024-07-09 06:00:00,6,1,7,0,0,0,38.2,68.9,10.0,105.47
2024-07-09 07:00:00,7,1,7,0,0,0,36.0,76.2,5.4,84.77
2024-07-09 08:00:00,8,1,7,0,1,0,42.5,73.4,52.4,177.39
2024-07-09 09:00:00,9,1,7,0,1,0,41.6,74.1,57.9,186.75
2024-07-09 10:00:00,10,1,7,0,1,1,42.1,73.1,85.0,247.91
2024-07-09 11:00:00,11,1,7,0,1,1,44.0,68.2,88.8,274.19
2024-07-09 12:00:00,12,1,7,0,1,1,47.0,64.5,85.1,291.16
2024-07-09 13:00:00,13,1,7,0,1,1,45.1,64.9,65.9,239.03
2024-07-09 14:00:00,14,1,7,0,1,1,45.1,61.9,89.7,282.28
2024-07-09 15:00:00,15,1,7,0,1,1,45.8,71.4,90.0,288.41
2024-07-09 16:00:00,16,1,7,0,1,1,43.4,68.4,89.1,271.3
2024-07-09 17:00:00,17,1,7,0,1,0,47.8,61.1,42.3,204.35
2024-07-09 18:00:00,18,1,7,0,1,0,42.1,66.7,36.4,152.82
2024-07-09 19:00:00,19,1,7,0,0,0,43.1,65.9,37.9,164.69
2024-07-09 20:00:00,20,1,7,0,0,0,40.3,71.5,8.5,107.22
2024-07-09 21:00:00,21,1,7,0,0,0,36.5,78.2,10.3,90.95
2024-07-09 22:00:00,22,1,7,0,0,0,36.7,72.4,8.4,87.22
2024-07-09 23:00:00,23,1,7,0,0,0,36.7,64.8,4.9,90.49
2024-07-10 00:00:00,0,2,7,0,0,0,34.0,74.9,10.5,82.63
2024-07-10 01:00:00,1,2,7,0,0,0,35.8,73.8,10.1,95.53
2024-07-10 02:00:00,2,2,7,0,0,0,35.3,73.9,10.6,90.24
2024-07-10 03:00:00,3,2,7,0,0,0,35.3,72.3,5.5,82.74
2024-07-10 04:00:00,4,2,7,0,0,0,33.5,76.9,6.2,70.98
2024-07-10 05:00:00,5,2,7,0,0,0,33.4,76.4,6.4,82.5
2024-07-10 06:00:00,6,2,7,0,0,0,35.6,74.5,8.1,89.34
2024-07-10 07:00:00,7,2,7,0,0,0,38.6,74.1,5.1,94.48
2024-07-10 08:00:00,8,2,7,0,1,0,40.9,69.2,56.6,177.14
2024-07-10 09:00:00,9,2,7,0,1,0,37.7,71.2,50.5,156.18
2024-07-10 10:00:00,10,2,7,0,1,1,43.2,74.8,84.0,255.55
2024-07-10 11:00:00,11,2,7,0,1,1,44.8,70.4,90.6,281.52
2024-07-10 12:00:00,12,2,7,0,1,1,45.1,71.2,92.8,283.96
2024-07-10 13:00:00,13,2,7,0,1,1,48.5,70.5,60.3,258.18
2024-07-10 14:00:00,14,2,7,0,1,1,47.2,68.6,84.6,293.55
2024-07-10 15:00:00,15,2,7,0,1,1,48.6,69.2,75.6,281.73
2024-07-10 16:00:00,16,2,7,0,1,1,45.2,61.5,76.4,265.02
2024-07-10 17:00:00,17,2,7,0,1,0,46.2,68.0,39.1,189.14
2024-07-10 18:00:00,18,2,7,0,1,0,46.1,66.5,39.7,190.29
2024-07-10 19:00:00,19,2,7,0,0,0,44.0,75.4,41.3,171.97
2024-07-10 20:00:00,20,2,7,0,0,0,38.0,76.6,7.8,97.54
2024-07-10 21:00:00,21,2,7,0,0,0,37.8,70.5,10.9,95.82
2024-07-10 22:00:00,22,2,7,0,0,0,36.1,75.7,5.3,89.73
2024-07-10 23:00:00,23,2,7,0,0,0,36.2,74.8,6.0,89.46
2024-07-11 00:00:00,0,3,7,0,0,0,35.6,76.4,5.1,81.91
2024-07-11 01:00:00,1,3,7,0,0,0,32.2,72.9,10.4,83.5
2024-07-11 02:00:00,2,3,7,0,0,0,33.6,77.4,5.8,79.7
2024-07-11 03:00:00,3,3,7,0,0,0,30.0,77.6,5.2,67.04
2024-07-11 04:00:00,4,3,7,0,0,0,36.9,74.8,9.0,93.86
2024-07-11 05:00:00,5,3,7,0,0,0,34.4,72.5,4.6,80.04
2024-07-11 06:00:00,6,3,7,0,0,0,36.8,71.4,4.4,87.11
2024-07-11 07:00:00,7,3,7,0,0,0,37.7,77.8,4.9,89.9
2024-07-11 08:00:00,8,3,7,0,1,0,42.0,65.9,45.0,173.76
2024-07-11 09:00:00,9,3,7,0,1,0,36.5,70.0,65.9,161.17
2024-07-11 10:00:00,10,3,7,0,1,1,43.2,69.1,88.4,264.33
2024-07-11 11:00:00,11,3,7,0,1,1,44.4,65.3,83.1,263.25
2024-07-11 12:00:00,12,3,7,0,1,1,44.8,64.6,83.5,267.97
2024-07-11 13:00:00,13,3,7,0,1,1,49.3,65.4,72.2,293.96
2024-07-11 14:00:00,14,3,7,0,1,1,44.9,62.0,83.5,268.38
2024-07-11 15:00:00,15,3,7,0,1,1,47.6,62.1,86.9,304.26
2024-07-11 16:00:00,16,3,7,0,1,1,46.2,75.4,82.7,284.61
2024-07-11 17:00:00,17,3,7,0,1,0,46.8,68.6,29.8,170.57
2024-07-11 18:00:00,18,3,7,0,1,0,42.0,67.1,44.4,167.39
2024-07-11 19:00:00,19,3,7,0,0,0,40.3,73.0,36.3,151.37
2024-07-11 20:00:00,20,3,7,0,0,0,41.9,72.4,5.0,115.26
2024-07-11 21:00:00,21,3,7,0,0,0,39.0,76.2,7.2,101.31
2024-07-11 22:00:00,22,3,7,0,0,0,33.9,75.3,6.6,78.73
2024-07-11 23:00:00,23,3,7,0,0,0,34.4,79.3,5.7,80.9
2024-07-12 00:00:00,0,4,7,0,0,0,35.0,66.8,11.5,87.66
2024-07-12 01:00:00,1,4,7,0,0,0,35.2,70.6,11.0,88.32
2024-07-12 02:00:00,2,4,7,0,0,0,32.3,77.5,5.6,71.73
2024-07-12 03:00:00,3,4,7,0,0,0,28.5,80.9,6.8,63.04
2024-07-12 04:00:00,4,4,7,0,0,0,35.3,71.1,10.1,90.01
2024-07-12 05:00:00,5,4,7,0,0,0,33.2,77.3,5.7,76.68
2024-07-12 06:00:00,6,4,7,0,0,0,33.1,73.8,8.7,79.29
2024-07-12 07:00:00,7,4,7,0,0,0,33.2,75.2,9.6,83.74
2024-07-12 08:00:00,8,4,7,0,1,0,41.4,74.6,64.6,194.54
2024-07-12 09:00:00,9,4,7,0,1,0,41.9,73.8,66.2,200.8
2024-07-12 10:00:00,10,4,7,0,1,1,42.8,65.6,90.6,260.54
2024-07-12 11:00:00,11,4,7,0,1,1,47.1,62.3,94.5,312.47
2024-07-12 12:00:00,12,4,7,0,1,1,46.8,65.1,85.2,285.39
2024-07-12 13:00:00,13,4,7,0,1,1,49.2,65.0,73.2,291.58
2024-07-12 14:00:00,14,4,7,0,1,1,44.0,66.1,75.4,241.19
2024-07-12 15:00:00,15,4,7,0,1,1,46.2,71.3,79.9,280.81
2024-07-12 16:00:00,16,4,7,0,1,1,42.7,71.0,75.8,243.34
2024-07-12 17:00:00,17,4,7,0,1,0,44.2,70.2,38.0,175.65
2024-07-12 18:00:00,18,4,7,0,1,0,42.8,64.5,27.0,145.41
2024-07-12 19:00:00,19,4,7,0,0,0,42.8,74.2,41.9,166.4
2024-07-12 20:00:00,20,4,7,0,0,0,40.1,60.1,9.2,104.96
2024-07-12 21:00:00,21,4,7,0,0,0,39.4,75.3,4.2,100.81
2024-07-12 22:00:00,22,4,7,0,0,0,38.0,76.6,9.7,106.32
2024-07-12 23:00:00,23,4,7,0,0,0,39.3,70.3,10.9,109.22
2024-07-13 00:00:00,0,5,7,1,0,0,33.8,80.9,6.3,75.83
2024-07-13 01:00:00,1,5,7,1,0,0,32.0,76.8,3.2,73.17
2024-07-13 02:00:00,2,5,7,1,0,0,33.9,76.0,7.3,78.29
2024-07-13 03:00:00,3,5,7,1,0,0,32.3,78.2,6.7,74.03
2024-07-13 04:00:00,4,5,7,1,0,0,37.0,86.3,4.9,90.29
2024-07-13 05:00:00,5,5,7,1,0,0,34.9,80.4,4.6,82.94
2024-07-13 06:00:00,6,5,7,1,0,0,35.7,77.3,5.4,85.78
2024-07-13 07:00:00,7,5,7,1,0,0,37.5,69.6,7.3,92.68
2024-07-13 08:00:00,8,5,7,1,0,0,41.3,71.2,4.3,108.57
2024-07-13 09:00:00,9,5,7,1,0,0,41.4,67.3,3.5,102.69
2024-07-13 10:00:00,10,5,7,1,0,0,42.1,73.3,20.4,136.91
2024-07-13 11:00:00,11,5,7,1,0,0,47.6,66.7,10.3,137.54
2024-07-13 12:00:00,12,5,7,1,0,0,44.1,64.1,20.9,144.24
2024-07-13 13:00:00,13,5,7,1,0,0,46.3,67.4,13.7,138.06
2024-07-13 14:00:00,14,5,7,1,0,0,47.7,62.7,16.1,150.41
2024-07-13 15:00:00,15,5,7,1,0,0,43.3,69.8,11.6,123.1
2024-07-13 16:00:00,16,5,7,1,0,0,46.5,63.5,20.8,160.42
2024-07-13 17:00:00,17,5,7,1,0,0,42.7,69.7,19.0,137.82
2024-07-13 18:00:00,18,5,7,1,0,0,44.7,71.2,21.1,149.69
2024-07-13 19:00:00,19,5,7,1,0,0,39.9,71.4,6.4,102.82
2024-07-13 20:00:00,20,5,7,1,0,0,41.2,69.1,3.9,104.8
2024-07-13 21:00:00,21,5,7,1,0,0,40.3,72.1,4.5,105.64
2024-07-13 22:00:00,22,5,7,1,0,0,38.3,75.5,5.4,97.42
2024-07-13 23:00:00,23,5,7,1,0,0,35.8,70.0,6.0,86.71
2024-07-14 00:00:00,0,6,7,1,0,0,33.9,76.8,7.6,86.4
2024-07-14 01:00:00,1,6,7,1,0,0,32.7,81.9,4.9,77.23
2024-07-14 02:00:00,2,6,7,1,0,0,36.1,76.5,6.5,89.12
2024-07-14 03:00:00,3,6,7,1,0,0,32.5,77.0,7.8,75.49
2024-07-14 04:00:00,4,6,7,1,0,0,32.5,79.3,3.8,71.07
2024-07-14 05:00:00,5,6,7,1,0,0,36.6,75.7,7.3,90.11
2024-07-14 06:00:00,6,6,7,1,0,0,35.3,77.8,5.1,85.25
2024-07-14 07:00:00,7,6,7,1,0,0,36.6,65.8,6.7,93.12
2024-07-14 08:00:00,8,6,7,1,0,0,37.4,67.1,4.5,86.03
2024-07-14 09:00:00,9,6,7,1,0,0,40.8,75.0,4.7,97.59
2024-07-14 10:00:00,10,6,7,1,0,0,43.1,63.3,10.3,118.75
2024-07-14 11:00:00,11,6,7,1,0,0,45.0,69.6,21.7,148.13
2024-07-14 12:00:00,12,6,7,1,0,0,47.3,65.0,19.8,161.69
2024-07-14 13:00:00,13,6,7,1,0,0,47.2,62.5,11.1,140.62
2024-07-14 14:00:00,14,6,7,1,0,0,46.2,68.6,22.0,156.95
2024-07-14 15:00:00,15,6,7,1,0,0,45.9,68.2,17.3,147.72
2024-07-14 16:00:00,16,6,7,1,0,0,46.5,75.4,20.2,151.22
2024-07-14 17:00:00,17,6,7,1,0,0,46.9,64.2,10.8,144.27
2024-07-14 18:00:00,18,6,7,1,0,0,43.5,74.8,14.7,128.48
2024-07-14 19:00:00,19,6,7,1,0,0,40.8,72.3,6.3,111.13
2024-07-14 20:00:00,20,6,7,1,0,0,38.2,70.1,3.5,91.89
2024-07-14 21:00:00,21,6,7,1,0,0,35.7,77.7,5.4,84.49
2024-07-14 22:00:00,22,6,7,1,0,0,37.9,75.2,5.2,89.85
2024-07-14 23:00:00,23,6,7,1,0,0,36.4,74.2,4.1,87.15
2024-07-15 00:00:00,0,0,7,0,0,0,35.4,75.8,6.4,92.88
2024-07-15 01:00:00,1,0,7,0,0,0,33.5,73.7,11.7,85.98
2024-07-15 02:00:00,2,0,7,0,0,0,36.0,71.0,6.3,88.6
2024-07-15 03:00:00,3,0,7,0,0,0,32.8,79.6,5.7,73.66
2024-07-15 04:00:00,4,0,7,0,0,0,36.1,73.3,8.3,92.41
2024-07-15 05:00:00,5,0,7,0,0,0,35.3,74.5,9.4,89.31
2024-07-15 06:00:00,6,0,7,0,0,0,35.7,75.6,9.8,90.6
2024-07-15 07:00:00,7,0,7,0,0,0,39.4,73.0,10.0,107.3
2024-07-15 08:00:00,8,0,7,0,1,0,40.7,65.3,46.1,157.61
2024-07-15 09:00:00,9,0,7,0,1,0,42.3,75.0,56.8,189.52
2024-07-15 10:00:00,10,0,7,0,1,1,43.4,69.6,91.6,269.02
2024-07-15 11:00:00,11,0,7,0,1,1,44.5,67.5,93.6,276.98
2024-07-15 12:00:00,12,0,7,0,1,1,49.9,66.3,89.0,327.37
2024-07-15 13:00:00,13,0,7,0,1,1,48.4,66.6,60.8,252.96
2024-07-15 14:00:00,14,0,7,0,1,1,47.8,69.1,81.7,291.98
2024-07-15 15:00:00,15,0,7,0,1,1,46.5,69.1,76.3,269.12
2024-07-15 16:00:00,16,0,7,0,1,1,47.4,69.2,87.7,299.51
2024-07-15 17:00:00,17,0,7,0,1,0,45.5,73.1,26.3,157.91
2024-07-15 18:00:00,18,0,7,0,1,0,43.3,72.7,28.7,156.89
2024-07-15 19:00:00,19,0,7,0,0,0,41.1,70.1,33.3,148.88
2024-07-15 20:00:00,20,0,7,0,0,0,39.9,67.1,7.7,98.03
2024-07-15 21:00:00,21,0,7,0,0,0,32.6,83.4,7.3,81.22
2024-07-15 22:00:00,22,0,7,0,0,0,37.1,72.6,7.7,98.85
2024-07-15 23:00:00,23,0,7,0,0,0,34.5,73.5,9.7,91.14
2024-07-16 00:00:00,0,1,7,0,0,0,37.2,66.5,7.0,95.21
2024-07-16 01:00:00,1,1,7,0,0,0,33.8,77.2,8.4,78.64
2024-07-16 02:00:00,2,1,7,0,0,0,31.4,78.1,6.4,71.71
2024-07-16 03:00:00,3,1,7,0,0,0,33.6,69.9,6.8,75.08
2024-07-16 04:00:00,4,1,7,0,0,0,32.5,78.6,8.9,75.33
2024-07-16 05:00:00,5,1,7,0,0,0,36.3,72.1,7.9,87.23
2024-07-16 06:00:00,6,1,7,0,0,0,37.3,84.2,9.8,95.0
2024-07-16 07:00:00,7,1,7,0,0,0,40.0,69.2,8.5,106.6
2024-07-16 08:00:00,8,1,7,0,1,0,38.6,70.7,69.1,180.02
2024-07-16 09:00:00,9,1,7,0,1,0,41.7,66.8,58.3,186.41
2024-07-16 10:00:00,10,1,7,0,1,1,40.8,76.1,87.4,245.08
2024-07-16 11:00:00,11,1,7,0,1,1,45.9,65.9,90.0,292.43
2024-07-16 12:00:00,12,1,7,0,1,1,46.6,64.0,83.3,295.9
2024-07-16 13:00:00,13,1,7,0,1,1,47.2,69.3,65.8,258.75
2024-07-16 14:00:00,14,1,7,0,1,1,46.5,61.4,85.6,283.9
2024-07-16 15:00:00,15,1,7,0,1,1,47.0,69.1,75.5,264.89
2024-07-16 16:00:00,16,1,7,0,1,1,48.5,72.7,82.4,297.86
2024-07-16 17:00:00,17,1,7,0,1,0,44.1,70.9,37.0,168.41
2024-07-16 18:00:00,18,1,7,0,1,0,43.5,71.6,44.3,175.84
2024-07-16 19:00:00,19,1,7,0,0,0,39.7,75.2,42.5,158.7
2024-07-16 20:00:00,20,1,7,0,0,0,38.4,79.5,6.2,92.28
2024-07-16 21:00:00,21,1,7,0,0,0,38.5,77.4,8.1,91.68
2024-07-16 22:00:00,22,1,7,0,0,0,38.7,74.2,4.5,97.84
2024-07-16 23:00:00,23,1,7,0,0,0,34.9,78.7,5.9,82.12
2024-07-17 00:00:00,0,2,7,0,0,0,33.9,72.2,10.2,82.43
2024-07-17 01:00:00,1,2,7,0,0,0,33.0,79.5,5.0,84.47
2024-07-17 02:00:00,2,2,7,0,0,0,32.5,72.7,6.1,77.54
2024-07-17 03:00:00,3,2,7,0,0,0,34.2,74.1,11.6,86.98
2024-07-17 04:00:00,4,2,7,0,0,0,31.7,65.0,10.6,74.77
2024-07-17 05:00:00,5,2,7,0,0,0,37.7,74.7,10.3,100.66
2024-07-17 06:00:00,6,2,7,0,0,0,35.5,72.1,10.9,85.78
2024-07-17 07:00:00,7,2,7,0,0,0,39.6,76.2,10.0,104.89
2024-07-17 08:00:00,8,2,7,0,1,0,37.7,74.7,48.6,148.5
2024-07-17 09:00:00,9,2,7,0,1,0,42.9,74.0,60.5,200.49
2024-07-17 10:00:00,10,2,7,0,1,1,44.5,64.0,86.7,267.53
2024-07-17 11:00:00,11,2,7,0,1,1,45.3,71.9,84.7,271.16
2024-07-17 12:00:00,12,2,7,0,1,1,43.8,77.3,92.5,277.19
2024-07-17 13:00:00,13,2,7,0,1,1,46.7,69.9,67.0,247.89
2024-07-17 14:00:00,14,2,7,0,1,1,44.4,71.6,76.0,257.16
2024-07-17 15:00:00,15,2,7,0,1,1,45.8,68.1,79.7,271.36
2024-07-17 16:00:00,16,2,7,0,1,1,47.5,64.2,78.9,286.48
2024-07-17 17:00:00,17,2,7,0,1,0,46.0,70.3,42.7,189.83
2024-07-17 18:00:00,18,2,7,0,1,0,43.3,63.2,37.9,168.06
2024-07-17 19:00:00,19,2,7,0,0,0,39.9,69.9,36.2,145.68
2024-07-17 20:00:00,20,2,7,0,0,0,41.2,63.6,8.1,104.53
2024-07-17 21:00:00,21,2,7,0,0,0,38.3,69.9,9.2,99.98
2024-07-17 22:00:00,22,2,7,0,0,0,32.6,79.2,10.0,74.01
2024-07-17 23:00:00,23,2,7,0,0,0,36.8,75.8,8.4,94.43
2024-07-18 00:00:00,0,3,7,0,0,0,34.3,75.7,11.5,85.1
2024-07-18 01:00:00,1,3,7,0,0,0,35.9,75.1,11.8,97.75
2024-07-18 02:00:00,2,3,7,0,0,0,31.5,69.9,12.0,77.15
2024-07-18 03:00:00,3,3,7,0,0,0,28.0,78.4,9.4,61.6
2024-07-18 04:00:00,4,3,7,0,0,0,34.9,72.3,11.5,93.56
2024-07-18 05:00:00,5,3,7,0,0,0,35.9,71.7,7.2,85.66
2024-07-18 06:00:00,6,3,7,0,0,0,33.7,78.3,10.9,87.39
2024-07-18 07:00:00,7,3,7,0,0,0,36.5,70.5,11.3,97.21
2024-07-18 08:00:00,8,3,7,0,1,0,44.9,65.7,72.1,232.69
2024-07-18 09:00:00,9,3,7,0,1,0,41.1,62.4,69.9,196.63
2024-07-18 10:00:00,10,3,7,0,1,1,44.6,67.1,86.1,279.13
2024-07-18 11:00:00,11,3,7,0,1,1,43.4,64.8,82.4,250.18
2024-07-18 12:00:00,12,3,7,0,1,1,41.9,70.5,85.0,237.43
2024-07-18 13:00:00,13,3,7,0,1,1,46.0,63.5,71.5,259.8
2024-07-18 14:00:00,14,3,7,0,1,1,46.0,67.7,79.0,279.7
2024-07-18 15:00:00,15,3,7,0,1,1,45.5,67.1,83.1,278.23
2024-07-18 16:00:00,16,3,7,0,1,1,45.4,74.4,84.6,273.09
2024-07-18 17:00:00,17,3,7,0,1,0,45.1,69.9,37.1,179.37
2024-07-18 18:00:00,18,3,7,0,1,0,43.0,62.0,43.7,178.95
2024-07-18 19:00:00,19,3,7,0,0,0,39.4,66.9,38.2,144.22
2024-07-18 20:00:00,20,3,7,0,0,0,40.9,71.1,10.3,108.1
2024-07-18 21:00:00,21,3,7,0,0,0,34.8,71.4,8.7,81.97
2024-07-18 22:00:00,22,3,7,0,0,0,33.0,64.5,10.7,79.54
2024-07-18 23:00:00,23,3,7,0,0,0,36.7,79.2,6.1,87.08
2024-07-19 00:00:00,0,4,7,0,0,0,35.3,77.7,5.7,79.1
2024-07-19 01:00:00,1,4,7,0,0,0,33.6,78.1,11.4,90.62
2024-07-19 02:00:00,2,4,7,0,0,0,31.0,75.4,9.5,75.26
2024-07-19 03:00:00,3,4,7,0,0,0,32.4,78.5,9.4,76.59
2024-07-19 04:00:00,4,4,7,0,0,0,33.9,73.0,7.7,81.65
2024-07-19 05:00:00,5,4,7,0,0,0,32.5,77.6,7.0,70.42
2024-07-19 06:00:00,6,4,7,0,0,0,35.4,71.0,8.4,91.72
2024-07-19 07:00:00,7,4,7,0,0,0,39.5,77.9,5.0,92.97
2024-07-19 08:00:00,8,4,7,0,1,0,42.5,63.5,58.6,195.64
2024-07-19 09:00:00,9,4,7,0,1,0,40.9,75.8,58.7,177.17
2024-07-19 10:00:00,10,4,7,0,1,1,44.6,68.4,88.1,276.85
2024-07-19 11:00:00,11,4,7,0,1,1,41.1,68.8,89.5,247.46
2024-07-19 12:00:00,12,4,7,0,1,1,46.8,67.4,94.4,295.65
2024-07-19 13:00:00,13,4,7,0,1,1,44.8,71.1,69.8,239.24
2024-07-19 14:00:00,14,4,7,0,1,1,47.0,72.1,90.0,302.98
2024-07-19 15:00:00,15,4,7,0,1,1,45.8,68.7,84.5,280.76
2024-07-19 16:00:00,16,4,7,0,1,1,48.0,62.3,85.7,297.51
2024-07-19 17:00:00,17,4,7,0,1,0,43.0,69.6,26.4,148.34
2024-07-19 18:00:00,18,4,7,0,1,0,44.4,75.7,27.7,154.36
2024-07-19 19:00:00,19,4,7,0,0,0,41.2,76.1,36.6,158.67
2024-07-19 20:00:00,20,4,7,0,0,0,39.7,75.3,7.2,97.89
2024-07-19 21:00:00,21,4,7,0,0,0,38.0,76.1,10.4,104.29
2024-07-19 22:00:00,22,4,7,0,0,0,35.2,77.7,8.3,87.76
2024-07-19 23:00:00,23,4,7,0,0,0,35.4,79.4,11.1,93.15
2024-07-20 00:00:00,0,5,7,1,0,0,34.2,73.7,7.9,85.59
2024-07-20 01:00:00,1,5,7,1,0,0,34.1,70.2,3.7,79.81
2024-07-20 02:00:00,2,5,7,1,0,0,33.6,76.3,5.0,75.16
2024-07-20 03:00:00,3,5,7,1,0,0,35.1,71.7,6.3,83.55
2024-07-20 04:00:00,4,5,7,1,0,0,36.0,70.1,4.5,80.93
2024-07-20 05:00:00,5,5,7,1,0,0,33.5,73.2,4.3,75.71
2024-07-20 06:00:00,6,5,7,1,0,0,38.3,82.6,7.1,98.45
2024-07-20 07:00:00,7,5,7,1,0,0,36.1,74.8,7.9,91.98
2024-07-20 08:00:00,8,5,7,1,0,0,41.0,72.2,6.9,109.07
2024-07-20 09:00:00,9,5,7,1,0,0,42.8,64.7,5.6,107.52
2024-07-20 10:00:00,10,5,7,1,0,0,39.8,64.3,15.3,112.99
2024-07-20 11:00:00,11,5,7,1,0,0,44.7,64.9,16.5,137.08
2024-07-20 12:00:00,12,5,7,1,0,0,44.7,74.0,15.6,133.5
2024-07-20 13:00:00,13,5,7,1,0,0,44.9,69.4,16.0,136.64
2024-07-20 14:00:00,14,5,7,1,0,0,48.9,67.7,12.4,151.93
2024-07-20 15:00:00,15,5,7,1,0,0,45.1,70.9,20.8,152.94
2024-07-20 16:00:00,16,5,7,1,0,0,44.1,66.3,19.1,137.55
2024-07-20 17:00:00,17,5,7,1,0,0,44.7,73.8,18.2,138.43
2024-07-20 18:00:00,18,5,7,1,0,0,44.4,65.9,21.4,143.96
2024-07-20 19:00:00,19,5,7,1,0,0,41.4,76.1,4.4,106.8
2024-07-20 20:00:00,20,5,7,1,0,0,42.1,71.8,3.4,110.87
2024-07-20 21:00:00,21,5,7,1,0,0,39.2,64.9,7.1,100.66
2024-07-20 22:00:00,22,5,7,1,0,0,32.8,73.5,8.0,73.58
2024-07-20 23:00:00,23,5,7,1,0,0,34.4,68.3,5.9,77.58
2024-07-21 00:00:00,0,6,7,1,0,0,33.3,80.8,3.3,75.52
2024-07-21 01:00:00,1,6,7,1,0,0,34.5,75.3,6.9,86.19
2024-07-21 02:00:00,2,6,7,1,0,0,28.7,70.5,3.4,66.73
2024-07-21 03:00:00,3,6,7,1,0,0,38.2,74.3,5.7,91.41
2024-07-21 04:00:00,4,6,7,1,0,0,35.3,72.6,4.4,83.42
2024-07-21 05:00:00,5,6,7,1,0,0,35.6,68.6,7.6,84.52
2024-07-21 06:00:00,6,6,7,1,0,0,38.8,79.1,5.3,94.06
2024-07-21 07:00:00,7,6,7,1,0,0,42.5,70.2,7.5,111.72
2024-07-21 08:00:00,8,6,7,1,0,0,41.5,69.3,4.5,105.19
2024-07-21 09:00:00,9,6,7,1,0,0,43.3,67.6,4.9,111.24
2024-07-21 10:00:00,10,6,7,1,0,0,43.4,63.1,21.4,148.79
2024-07-21 11:00:00,11,6,7,1,0,0,44.3,63.3,12.4,129.05
2024-07-21 12:00:00,12,6,7,1,0,0,44.7,73.3,16.9,143.03
2024-07-21 13:00:00,13,6,7,1,0,0,44.7,66.3,14.7,134.07
2024-07-21 14:00:00,14,6,7,1,0,0,45.2,67.9,19.3,153.51
2024-07-21 15:00:00,15,6,7,1,0,0,43.8,60.7,11.6,128.05
2024-07-21 16:00:00,16,6,7,1,0,0,45.4,62.4,15.2,143.01
2024-07-21 17:00:00,17,6,7,1,0,0,41.5,72.9,18.4,125.12
2024-07-21 18:00:00,18,6,7,1,0,0,43.5,70.6,14.9,134.05
2024-07-21 19:00:00,19,6,7,1,0,0,41.6,77.4,3.3,105.93
2024-07-21 20:00:00,20,6,7,1,0,0,40.2,76.7,6.5,102.83
2024-07-21 21:00:00,21,6,7,1,0,0,37.3,72.5,5.5,88.1
2024-07-21 22:00:00,22,6,7,1,0,0,42.2,71.9,3.1,106.12
2024-07-21 23:00:00,23,6,7,1,0,0,37.8,71.8,6.1,93.16
2024-07-22 00:00:00,0,0,7,0,0,0,32.0,85.3,11.4,81.68
2024-07-22 01:00:00,1,0,7,0,0,0,34.1,80.2,4.9,78.62
2024-07-22 02:00:00,2,0,7,0,0,0,32.3,77.6,8.7,71.05
2024-07-22 03:00:00,3,0,7,0,0,0,31.8,78.0,9.8,78.65
2024-07-22 04:00:00,4,0,7,0,0,0,31.9,82.9,4.6,75.84
2024-07-22 05:00:00,5,0,7,0,0,0,36.1,76.5,4.2,80.24
2024-07-22 06:00:00,6,0,7,0,0,0,35.4,81.0,7.7,92.97
2024-07-22 07:00:00,7,0,7,0,0,0,40.0,62.7,10.3,113.08
2024-07-22 08:00:00,8,0,7,0,1,0,41.7,72.2,49.8,173.17
2024-07-22 09:00:00,9,0,7,0,1,0,44.1,66.6,70.1,220.62
2024-07-22 10:00:00,10,0,7,0,1,1,41.6,77.4,89.8,258.86
2024-07-22 11:00:00,11,0,7,0,1,1,45.4,73.9,85.0,277.01
2024-07-22 12:00:00,12,0,7,0,1,1,46.7,66.9,87.7,284.27
2024-07-22 13:00:00,13,0,7,0,1,1,45.3,73.9,74.5,250.76
2024-07-22 14:00:00,14,0,7,0,1,1,45.0,75.1,78.7,265.89
2024-07-22 15:00:00,15,0,7,0,1,1,49.1,65.4,83.5,311.48
2024-07-22 16:00:00,16,0,7,0,1,1,46.0,77.2,85.6,287.23
2024-07-22 17:00:00,17,0,7,0,1,0,45.7,67.4,27.8,166.84
2024-07-22 18:00:00,18,0,7,0,1,0,41.7,69.5,25.9,138.11
2024-07-22 19:00:00,19,0,7,0,0,0,39.4,75.4,25.3,127.13
2024-07-22 20:00:00,20,0,7,0,0,0,38.9,70.9,6.6,95.16
2024-07-22 21:00:00,21,0,7,0,0,0,38.0,73.2,4.6,92.69
2024-07-22 22:00:00,22,0,7,0,0,0,34.7,80.8,10.4,85.32
2024-07-22 23:00:00,23,0,7,0,0,0,35.3,74.9,12.0,91.33
2024-07-23 00:00:00,0,1,7,0,0,0,31.2,70.9,4.5,68.64
2024-07-23 01:00:00,1,1,7,0,0,0,31.6,78.8,7.5,72.61
2024-07-23 02:00:00,2,1,7,0,0,0,34.6,72.5,4.2,87.05
2024-07-23 03:00:00,3,1,7,0,0,0,34.7,78.7,5.1,87.33
2024-07-23 04:00:00,4,1,7,0,0,0,33.5,78.8,6.6,83.68
2024-07-23 05:00:00,5,1,7,0,0,0,33.5,81.9,7.1,85.43
2024-07-23 06:00:00,6,1,7,0,0,0,34.8,78.8,11.5,93.88
2024-07-23 07:00:00,7,1,7,0,0,0,37.5,77.6,7.2,94.4
2024-07-23 08:00:00,8,1,7,0,1,0,41.0,68.1,59.9,185.1
2024-07-23 09:00:00,9,1,7,0,1,0,43.2,72.5,52.4,189.85
2024-07-23 10:00:00,10,1,7,0,1,1,42.2,77.8,80.0,244.43
2024-07-23 11:00:00,11,1,7,0,1,1,42.4,67.1,93.5,258.86
2024-07-23 12:00:00,12,1,7,0,1,1,46.0,74.5,81.2,281.15
2024-07-23 13:00:00,13,1,7,0,1,1,44.7,66.0,74.5,248.26
2024-07-23 14:00:00,14,1,7,0,1,1,45.5,64.2,77.2,259.55
2024-07-23 15:00:00,15,1,7,0,1,1,48.5,66.7,85.3,301.7
2024-07-23 16:00:00,16,1,7,0,1,1,47.0,69.5,92.0,308.53
2024-07-23 17:00:00,17,1,7,0,1,0,44.8,71.8,27.8,159.27
2024-07-23 18:00:00,18,1,7,0,1,0,40.8,67.1,33.5,144.58
2024-07-23 19:00:00,19,1,7,0,0,0,41.9,71.9,40.6,157.29
2024-07-23 20:00:00,20,1,7,0,0,0,41.8,67.5,4.3,103.34
2024-07-23 21:00:00,21,1,7,0,0,0,37.5,67.3,9.5,98.88
2024-07-23 22:00:00,22,1,7,0,0,0,39.1,68.4,4.6,95.35
2024-07-23 23:00:00,23,1,7,0,0,0,37.6,70.2,5.9,94.98
2024-07-24 00:00:00,0,2,7,0,0,0,37.2,75.5,5.3,90.96
2024-07-24 01:00:00,1,2,7,0,0,0,34.1,80.2,11.3,85.83
2024-07-24 02:00:00,2,2,7,0,0,0,34.4,69.5,5.4,82.07
2024-07-24 03:00:00,3,2,7,0,0,0,36.1,75.6,4.3,83.53
2024-07-24 04:00:00,4,2,7,0,0,0,35.0,70.3,8.7,88.16
2024-07-24 05:00:00,5,2,7,0,0,0,34.4,77.9,6.8,81.19
2024-07-24 06:00:00,6,2,7,0,0,0,35.8,71.9,7.2,96.19
2024-07-24 07:00:00,7,2,7,0,0,0,38.6,68.3,5.0,92.15
2024-07-24 08:00:00,8,2,7,0,1,0,37.5,76.4,67.4,170.32
2024-07-24 09:00:00,9,2,7,0,1,0,41.3,68.2,63.0,191.16
2024-07-24 10:00:00,10,2,7,0,1,1,45.1,66.7,85.5,269.33
2024-07-24 11:00:00,11,2,7,0,1,1,40.5,62.3,82.6,235.97
2024-07-24 12:00:00,12,2,7,0,1,1,48.2,69.5,88.9,311.7
2024-07-24 13:00:00,13,2,7,0,1,1,48.1,69.1,71.7,268.62
2024-07-24 14:00:00,14,2,7,0,1,1,45.5,67.7,80.3,273.69
2024-07-24 15:00:00,15,2,7,0,1,1,47.1,60.4,75.4,270.02
2024-07-24 16:00:00,16,2,7,0,1,1,45.5,72.5,78.6,265.48
2024-07-24 17:00:00,17,2,7,0,1,0,46.7,64.1,38.6,190.62
2024-07-24 18:00:00,18,2,7,0,1,0,44.9,66.3,44.8,186.68
2024-07-24 19:00:00,19,2,7,0,0,0,39.0,81.4,25.3,123.66
2024-07-24 20:00:00,20,2,7,0,0,0,40.9,68.1,6.4,114.57
2024-07-24 21:00:00,21,2,7,0,0,0,37.8,76.0,4.5,85.23
2024-07-24 22:00:00,22,2,7,0,0,0,36.7,76.1,6.5,86.45
2024-07-24 23:00:00,23,2,7,0,0,0,33.9,77.3,7.2,77.71
2024-07-25 00:00:00,0,3,7,0,0,0,37.3,74.5,11.4,104.76
2024-07-25 01:00:00,1,3,7,0,0,0,35.4,76.2,4.6,81.49
2024-07-25 02:00:00,2,3,7,0,0,0,32.0,78.2,10.2,78.45
2024-07-25 03:00:00,3,3,7,0,0,0,31.1,77.5,7.2,70.16
2024-07-25 04:00:00,4,3,7,0,0,0,33.5,82.1,10.5,85.29
2024-07-25 05:00:00,5,3,7,0,0,0,36.0,69.0,8.1,89.86
2024-07-25 06:00:00,6,3,7,0,0,0,37.0,77.7,4.3,89.74
2024-07-25 07:00:00,7,3,7,0,0,0,40.4,74.5,11.6,116.26
2024-07-25 08:00:00,8,3,7,0,1,0,41.2,73.5,47.5,169.99
2024-07-25 09:00:00,9,3,7,0,1,0,43.2,73.7,62.9,203.42
2024-07-25 10:00:00,10,3,7,0,1,1,43.7,68.5,93.2,276.38
2024-07-25 11:00:00,11,3,7,0,1,1,41.9,62.7,81.2,249.03
2024-07-25 12:00:00,12,3,7,0,1,1,45.1,67.6,88.3,279.78
2024-07-25 13:00:00,13,3,7,0,1,1,48.0,61.9,72.4,274.77
2024-07-25 14:00:00,14,3,7,0,1,1,46.2,64.2,91.8,287.6
2024-07-25 15:00:00,15,3,7,0,1,1,47.0,61.6,87.3,294.66
2024-07-25 16:00:00,16,3,7,0,1,1,44.9,66.2,79.7,265.43
2024-07-25 17:00:00,17,3,7,0,1,0,42.6,67.3,39.0,165.24
2024-07-25 18:00:00,18,3,7,0,1,0,42.8,60.0,39.1,165.95
2024-07-25 19:00:00,19,3,7,0,0,0,42.1,72.8,39.0,170.35
2024-07-25 20:00:00,20,3,7,0,0,0,38.6,81.4,10.8,106.27
2024-07-25 21:00:00,21,3,7,0,0,0,37.7,75.5,4.7,95.98
2024-07-25 22:00:00,22,3,7,0,0,0,34.9,74.3,4.9,82.36
2024-07-25 23:00:00,23,3,7,0,0,0,37.2,73.2,9.1,95.31
2024-07-26 00:00:00,0,4,7,0,0,0,33.6,74.3,11.6,86.94
2024-07-26 01:00:00,1,4,7,0,0,0,36.1,74.6,7.7,89.37
2024-07-26 02:00:00,2,4,7,0,0,0,36.0,74.2,11.7,94.07
2024-07-26 03:00:00,3,4,7,0,0,0,33.3,72.8,11.5,85.18
2024-07-26 04:00:00,4,4,7,0,0,0,32.3,83.6,11.2,78.12
2024-07-26 05:00:00,5,4,7,0,0,0,31.4,71.6,11.3,77.4
2024-07-26 06:00:00,6,4,7,0,0,0,33.9,78.6,11.2,85.86
2024-07-26 07:00:00,7,4,7,0,0,0,35.6,74.2,10.6,94.46
2024-07-26 08:00:00,8,4,7,0,1,0,42.3,77.5,65.8,201.72
2024-07-26 09:00:00,9,4,7,0,1,0,41.7,71.7,45.7,162.62
2024-07-26 10:00:00,10,4,7,0,1,1,43.7,67.5,82.0,252.92
2024-07-26 11:00:00,11,4,7,0,1,1,40.4,70.2,82.0,229.8
2024-07-26 12:00:00,12,4,7,0,1,1,43.2,69.4,80.4,251.38
2024-07-26 13:00:00,13,4,7,0,1,1,47.6,61.6,61.8,253.38
2024-07-26 14:00:00,14,4,7,0,1,1,46.8,63.7,90.6,297.93
2024-07-26 15:00:00,15,4,7,0,1,1,45.8,60.3,86.3,285.83
2024-07-26 16:00:00,16,4,7,0,1,1,46.4,63.3,80.3,284.86
2024-07-26 17:00:00,17,4,7,0,1,0,47.3,66.8,40.9,193.86
2024-07-26 18:00:00,18,4,7,0,1,0,42.6,70.9,34.8,155.53
2024-07-26 19:00:00,19,4,7,0,0,0,41.6,62.5,27.8,142.96
2024-07-26 20:00:00,20,4,7,0,0,0,40.1,70.9,11.1,115.37
2024-07-26 21:00:00,21,4,7,0,0,0,42.4,72.1,6.7,113.26
2024-07-26 22:00:00,22,4,7,0,0,0,32.7,76.0,9.6,79.0
2024-07-26 23:00:00,23,4,7,0,0,0,36.4,71.5,6.3,84.83
2024-07-27 00:00:00,0,5,7,1,0,0,33.9,74.1,5.5,78.17
2024-07-27 01:00:00,1,5,7,1,0,0,34.5,73.2,7.1,80.94
2024-07-27 02:00:00,2,5,7,1,0,0,32.0,74.6,3.8,71.3
2024-07-27 03:00:00,3,5,7,1,0,0,33.4,76.8,7.9,75.36
2024-07-27 04:00:00,4,5,7,1,0,0,35.4,84.0,3.4,81.1
2024-07-27 05:00:00,5,5,7,1,0,0,40.7,68.0,5.7,101.65
2024-07-27 06:00:00,6,5,7,1,0,0,37.9,71.7,7.6,99.53
2024-07-27 07:00:00,7,5,7,1,0,0,36.5,73.7,7.7,88.55
2024-07-27 08:00:00,8,5,7,1,0,0,39.0,69.5,4.2,94.38
2024-07-27 09:00:00,9,5,7,1,0,0,40.6,75.5,3.7,102.49
2024-07-27 10:00:00,10,5,7,1,0,0,39.7,62.2,18.7,117.64
2024-07-27 11:00:00,11,5,7,1,0,0,43.7,66.8,10.5,132.29
2024-07-27 12:00:00,12,5,7,1,0,0,46.7,70.1,15.8,150.61
2024-07-27 13:00:00,13,5,7,1,0,0,43.7,67.7,19.6,139.5
2024-07-27 14:00:00,14,5,7,1,0,0,48.1,62.5,16.7,157.36
2024-07-27 15:00:00,15,5,7,1,0,0,46.9,68.4,12.3,134.76
2024-07-27 16:00:00,16,5,7,1,0,0,44.0,72.3,15.8,138.66
2024-07-27 17:00:00,17,5,7,1,0,0,44.1,69.5,21.1,145.51
2024-07-27 18:00:00,18,5,7,1,0,0,45.9,64.2,17.4,146.32
2024-07-27 19:00:00,19,5,7,1,0,0,42.7,71.4,6.6,116.1
2024-07-27 20:00:00,20,5,7,1,0,0,39.7,70.1,4.7,101.76
2024-07-27 21:00:00,21,5,7,1,0,0,37.6,76.2,3.9,89.28
2024-07-27 22:00:00,22,5,7,1,0,0,36.6,79.8,4.3,88.7
2024-07-27 23:00:00,23,5,7,1,0,0,34.2,65.1,5.7,83.95
2024-07-28 00:00:00,0,6,7,1,0,0,30.3,78.7,4.4,67.94
2024-07-28 01:00:00,1,6,7,1,0,0,37.1,66.6,5.7,90.25
2024-07-28 02:00:00,2,6,7,1,0,0,33.5,85.8,6.5,79.99
2024-07-28 03:00:00,3,6,7,1,0,0,34.1,73.8,6.7,85.78
2024-07-28 04:00:00,4,6,7,1,0,0,33.9,78.8,3.8,79.97
2024-07-28 05:00:00,5,6,7,1,0,0,33.8,75.7,6.8,76.69
2024-07-28 06:00:00,6,6,7,1,0,0,36.1,71.0,6.4,90.1
2024-07-28 07:00:00,7,6,7,1,0,0,35.1,71.2,3.1,82.22
2024-07-28 08:00:00,8,6,7,1,0,0,43.8,75.2,3.3,117.22
2024-07-28 09:00:00,9,6,7,1,0,0,39.1,76.0,6.2,99.42
2024-07-28 10:00:00,10,6,7,1,0,0,41.1,78.5,14.6,118.37
2024-07-28 11:00:00,11,6,7,1,0,0,43.5,69.3,11.8,121.57
2024-07-28 12:00:00,12,6,7,1,0,0,47.6,67.3,10.5,140.04
2024-07-28 13:00:00,13,6,7,1,0,0,46.0,66.2,11.9,141.29
2024-07-28 14:00:00,14,6,7,1,0,0,44.0,67.6,21.5,144.66
2024-07-28 15:00:00,15,6,7,1,0,0,48.2,61.6,18.7,160.12
2024-07-28 16:00:00,16,6,7,1,0,0,46.6,67.2,16.3,152.19
2024-07-28 17:00:00,17,6,7,1,0,0,45.2,64.7,21.3,153.26
2024-07-28 18:00:00,18,6,7,1,0,0,44.2,70.3,17.4,135.94
2024-07-28 19:00:00,19,6,7,1,0,0,45.7,68.2,6.6,130.72
2024-07-28 20:00:00,20,6,7,1,0,0,43.6,70.1,4.4,109.17
2024-07-28 21:00:00,21,6,7,1,0,0,36.8,80.4,5.9,91.67
2024-07-28 22:00:00,22,6,7,1,0,0,39.4,71.8,3.7,98.12
2024-07-28 23:00:00,23,6,7,1,0,0,35.8,77.5,5.0,89.13
2024-07-29 00:00:00,0,0,7,0,0,0,34.9,83.3,4.3,82.67
2024-07-29 01:00:00,1,0,7,0,0,0,30.3,83.5,5.7,66.92
2024-07-29 02:00:00,2,0,7,0,0,0,32.8,81.2,4.6,74.11
2024-07-29 03:00:00,3,0,7,0,0,0,31.9,75.9,7.1,82.83
2024-07-29 04:00:00,4,0,7,0,0,0,35.5,75.6,10.7,91.36
2024-07-29 05:00:00,5,0,7,0,0,0,37.0,68.3,7.0,94.23
2024-07-29 06:00:00,6,0,7,0,0,0,32.6,78.7,10.7,73.85
2024-07-29 07:00:00,7,0,7,0,0,0,37.9,74.1,9.3,96.09
2024-07-29 08:00:00,8,0,7,0,1,0,41.6,70.5,60.3,191.94
2024-07-29 09:00:00,9,0,7,0,1,0,41.0,74.9,52.1,168.9
2024-07-29 10:00:00,10,0,7,0,1,1,44.2,63.7,93.8,281.68
2024-07-29 11:00:00,11,0,7,0,1,1,44.9,74.6,80.8,260.95
2024-07-29 12:00:00,12,0,7,0,1,1,45.9,71.0,90.3,282.88
2024-07-29 13:00:00,13,0,7,0,1,1,45.4,67.4,69.3,245.28
2024-07-29 14:00:00,14,0,7,0,1,1,43.9,68.2,82.5,269.51
2024-07-29 15:00:00,15,0,7,0,1,1,43.9,70.7,79.1,257.03
2024-07-29 16:00:00,16,0,7,0,1,1,46.5,73.0,82.3,275.62
2024-07-29 17:00:00,17,0,7,0,1,0,44.3,68.9,42.5,182.69
2024-07-29 18:00:00,18,0,7,0,1,0,42.6,70.3,41.7,171.09
2024-07-29 19:00:00,19,0,7,0,0,0,40.5,71.2,43.8,157.66
2024-07-29 20:00:00,20,0,7,0,0,0,39.1,79.3,6.5,102.79
2024-07-29 21:00:00,21,0,7,0,0,0,39.8,70.2,7.1,106.53
2024-07-29 22:00:00,22,0,7,0,0,0,35.8,74.3,4.1,87.11
2024-07-29 23:00:00,23,0,7,0,0,0,32.6,82.5,11.5,78.99
2024-07-30 00:00:00,0,1,7,0,0,0,35.3,75.4,6.6,81.77
2024-07-30 01:00:00,1,1,7,0,0,0,32.9,81.0,7.2,72.29
2024-07-30 02:00:00,2,1,7,0,0,0,33.1,72.7,11.3,80.66
2024-07-30 03:00:00,3,1,7,0,0,0,36.2,73.3,8.2,89.6
2024-07-30 04:00:00,4,1,7,0,0,0,33.9,81.7,8.5,81.72
2024-07-30 05:00:00,5,1,7,0,0,0,35.5,71.9,5.4,84.7
2024-07-30 06:00:00,6,1,7,0,0,0,34.2,75.0,8.0,88.7
2024-07-30 07:00:00,7,1,7,0,0,0,37.5,74.3,11.3,98.63
2024-07-30 08:00:00,8,1,7,0,1,0,40.7,67.1,61.8,186.02
2024-07-30 09:00:00,9,1,7,0,1,0,38.4,71.0,52.7,152.45
2024-07-30 10:00:00,10,1,7,0,1,1,43.2,69.7,80.5,257.62
2024-07-30 11:00:00,11,1,7,0,1,1,44.3,68.7,85.0,261.7
2024-07-30 12:00:00,12,1,7,0,1,1,45.3,72.9,88.6,283.16
2024-07-30 13:00:00,13,1,7,0,1,1,47.7,72.3,60.6,247.93
2024-07-30 14:00:00,14,1,7,0,1,1,46.7,63.4,85.4,285.54
2024-07-30 15:00:00,15,1,7,0,1,1,48.5,66.0,83.9,311.52
2024-07-30 16:00:00,16,1,7,0,1,1,43.4,71.8,88.3,260.87
2024-07-30 17:00:00,17,1,7,0,1,0,44.4,74.5,25.6,152.58
2024-07-30 18:00:00,18,1,7,0,1,0,43.0,72.3,40.6,172.48
2024-07-30 19:00:00,19,1,7,0,0,0,39.3,73.2,35.4,143.92
2024-07-30 20:00:00,20,1,7,0,0,0,41.3,73.3,7.0,107.07
2024-07-30 21:00:00,21,1,7,0,0,0,42.1,72.7,11.7,122.7
2024-07-30 22:00:00,22,1,7,0,0,0,36.3,70.4,5.3,86.91
2024-07-30 23:00:00,23,1,7,0,0,0,35.9,75.1,8.3,89.43
2024-07-31 00:00:00,0,2,7,0,0,0,34.0,81.5,6.6,81.35
2024-07-31 01:00:00,1,2,7,0,0,0,31.9,76.3,8.2,74.1
2024-07-31 02:00:00,2,2,7,0,0,0,29.7,79.2,8.4,66.94
2024-07-31 03:00:00,3,2,7,0,0,0,32.0,76.1,4.7,75.28
2024-07-31 04:00:00,4,2,7,0,0,0,31.4,68.3,9.3,69.83
2024-07-31 05:00:00,5,2,7,0,0,0,38.0,73.0,9.1,95.47
2024-07-31 06:00:00,6,2,7,0,0,0,36.0,75.5,10.2,94.59
2024-07-31 07:00:00,7,2,7,0,0,0,37.2,71.4,4.7,89.94
2024-07-31 08:00:00,8,2,7,0,1,0,41.1,66.1,53.9,180.54
2024-07-31 09:00:00,9,2,7,0,1,0,39.2,68.5,64.5,180.62
2024-07-31 10:00:00,10,2,7,0,1,1,41.4,73.6,82.1,237.84
2024-07-31 11:00:00,11,2,7,0,1,1,44.2,76.5,90.2,270.58
2024-07-31 12:00:00,12,2,7,0,1,1,47.0,72.1,80.9,284.57
2024-07-31 13:00:00,13,2,7,0,1,1,46.7,61.4,65.0,253.69
2024-07-31 14:00:00,14,2,7,0,1,1,46.5,70.4,89.4,295.89
2024-07-31 15:00:00,15,2,7,0,1,1,45.9,64.7,88.2,289.73
2024-07-31 16:00:00,16,2,7,0,1,1,45.9,65.0,86.0,281.84
2024-07-31 17:00:00,17,2,7,0,1,0,44.5,66.5,42.4,177.05
2024-07-31 18:00:00,18,2,7,0,1,0,40.9,73.7,39.2,149.9
2024-07-31 19:00:00,19,2,7,0,0,0,41.3,74.4,35.4,152.52
2024-07-31 20:00:00,20,2,7,0,0,0,37.6,72.8,11.8,97.97
2024-07-31 21:00:00,21,2,7,0,0,0,38.0,72.6,9.6,101.37
2024-07-31 22:00:00,22,2,7,0,0,0,35.4,76.6,8.8,86.58
2024-07-31 23:00:00,23,2,7,0,0,0,39.5,74.1,7.3,98.19
2024-08-01 00:00:00,0,3,8,0,0,0,33.7,80.6,11.2,83.55
2024-08-01 01:00:00,1,3,8,0,0,0,30.6,72.9,6.4,76.01
2024-08-01 02:00:00,2,3,8,0,0,0,32.7,76.7,4.1,73.49
2024-08-01 03:00:00,3,3,8,0,0,0,34.1,71.4,5.6,82.2
2024-08-01 04:00:00,4,3,8,0,0,0,36.8,73.5,4.9,89.49
2024-08-01 05:00:00,5,3,8,0,0,0,33.8,74.9,6.6,75.7
2024-08-01 06:00:00,6,3,8,0,0,0,33.3,76.0,10.6,87.37
2024-08-01 07:00:00,7,3,8,0,0,0,39.2,68.9,9.2,103.01
2024-08-01 08:00:00,8,3,8,0,1,0,37.0,67.7,50.1,142.14
2024-08-01 09:00:00,9,3,8,0,1,0,40.3,62.9,68.7,191.59
2024-08-01 10:00:00,10,3,8,0,1,1,42.2,69.4,87.6,249.89
2024-08-01 11:00:00,11,3,8,0,1,1,43.9,67.0,87.7,271.43
2024-08-01 12:00:00,12,3,8,0,1,1,46.3,64.4,85.4,287.11
2024-08-01 13:00:00,13,3,8,0,1,1,44.5,73.6,73.0,257.24
2024-08-01 14:00:00,14,3,8,0,1,1,45.4,64.3,80.4,267.35
2024-08-01 15:00:00,15,3,8,0,1,1,45.7,73.2,76.6,267.96
2024-08-01 16:00:00,16,3,8,0,1,1,45.3,74.3,80.1,261.03
2024-08-01 17:00:00,17,3,8,0,1,0,44.2,60.8,39.3,173.92
2024-08-01 18:00:00,18,3,8,0,1,0,43.5,69.4,38.2,169.5
2024-08-01 19:00:00,19,3,8,0,0,0,42.6,68.1,28.8,144.81
2024-08-01 20:00:00,20,3,8,0,0,0,40.1,59.8,4.9,106.18
2024-08-01 21:00:00,21,3,8,0,0,0,38.6,66.7,9.3,102.92
2024-08-01 22:00:00,22,3,8,0,0,0,33.3,79.3,9.4,80.44
2024-08-01 23:00:00,23,3,8,0,0,0,34.9,83.1,6.9,85.8
2024-08-02 00:00:00,0,4,8,0,0,0,34.6,78.9,10.7,85.77
2024-08-02 01:00:00,1,4,8,0,0,0,34.4,76.7,11.8,92.15
2024-08-02 02:00:00,2,4,8,0,0,0,31.6,77.3,5.6,74.98
2024-08-02 03:00:00,3,4,8,0,0,0,31.9,83.9,8.6,76.92
2024-08-02 04:00:00,4,4,8,0,0,0,32.7,85.2,4.0,75.64
2024-08-02 05:00:00,5,4,8,0,0,0,35.7,72.2,9.7,85.95
2024-08-02 06:00:00,6,4,8,0,0,0,38.0,64.9,7.3,101.22
2024-08-02 07:00:00,7,4,8,0,0,0,37.0,65.2,5.5,90.12
2024-08-02 08:00:00,8,4,8,0,1,0,41.0,76.1,67.6,200.06
2024-08-02 09:00:00,9,4,8,0,1,0,41.3,70.4,69.3,203.92
2024-08-02 10:00:00,10,4,8,0,1,1,42.4,70.6,81.7,251.73
2024-08-02 11:00:00,11,4,8,0,1,1,43.6,61.8,80.6,246.4
2024-08-02 12:00:00,12,4,8,0,1,1,46.3,64.1,85.0,277.21
2024-08-02 13:00:00,13,4,8,0,1,1,46.2,66.0,69.4,265.4
2024-08-02 14:00:00,14,4,8,0,1,1,50.0,65.3,88.5,320.24
2024-08-02 15:00:00,15,4,8,0,1,1,44.1,67.0,84.3,260.65
2024-08-02 16:00:00,16,4,8,0,1,1,45.9,63.2,84.9,283.4
2024-08-02 17:00:00,17,4,8,0,1,0,43.0,66.3,41.0,169.92
2024-08-02 18:00:00,18,4,8,0,1,0,41.1,75.6,35.6,148.72
2024-08-02 19:00:00,19,4,8,0,0,0,41.0,71.8,37.2,154.2
2024-08-02 20:00:00,20,4,8,0,0,0,39.6,74.2,8.1,106.79
2024-08-02 21:00:00,21,4,8,0,0,0,42.9,65.9,11.0,121.97
2024-08-02 22:00:00,22,4,8,0,0,0,35.8,62.6,5.9,85.67
2024-08-02 23:00:00,23,4,8,0,0,0,32.7,74.5,6.1,75.81
2024-08-03 00:00:00,0,5,8,1,0,0,34.2,72.1,3.6,76.67
2024-08-03 01:00:00,1,5,8,1,0,0,29.3,80.4,7.1,60.49
2024-08-03 02:00:00,2,5,8,1,0,0,32.6,89.8,5.1,75.46
2024-08-03 03:00:00,3,5,8,1,0,0,33.0,79.2,4.7,77.86
2024-08-03 04:00:00,4,5,8,1,0,0,35.1,85.9,7.9,85.83
2024-08-03 05:00:00,5,5,8,1,0,0,36.5,76.2,7.6,83.93
2024-08-03 06:00:00,6,5,8,1,0,0,35.1,72.4,7.9,84.49
2024-08-03 07:00:00,7,5,8,1,0,0,37.3,74.8,3.7,92.17
2024-08-03 08:00:00,8,5,8,1,0,0,37.9,80.1,7.5,91.79
2024-08-03 09:00:00,9,5,8,1,0,0,38.9,79.6,4.6,98.6
2024-08-03 10:00:00,10,5,8,1,0,0,43.1,67.0,10.2,120.21
2024-08-03 11:00:00,11,5,8,1,0,0,41.6,71.4,14.7,121.88
2024-08-03 12:00:00,12,5,8,1,0,0,44.2,62.8,16.1,133.96
2024-08-03 13:00:00,13,5,8,1,0,0,43.8,72.1,11.3,122.84
2024-08-03 14:00:00,14,5,8,1,0,0,46.8,73.0,16.5,153.97
2024-08-03 15:00:00,15,5,8,1,0,0,48.8,65.5,19.8,168.23
2024-08-03 16:00:00,16,5,8,1,0,0,42.6,67.0,14.5,128.22
2024-08-03 17:00:00,17,5,8,1,0,0,40.6,72.5,14.2,119.66
2024-08-03 18:00:00,18,5,8,1,0,0,42.3,71.6,14.1,125.79
2024-08-03 19:00:00,19,5,8,1,0,0,41.0,71.1,7.6,111.87
2024-08-03 20:00:00,20,5,8,1,0,0,39.7,72.4,3.2,95.34
2024-08-03 21:00:00,21,5,8,1,0,0,36.8,73.0,5.2,93.74
2024-08-03 22:00:00,22,5,8,1,0,0,35.7,78.5,4.3,88.39
2024-08-03 23:00:00,23,5,8,1,0,0,35.4,77.7,7.5,88.18
2024-08-04 00:00:00,0,6,8,1,0,0,35.5,70.7,3.5,81.69
2024-08-04 01:00:00,1,6,8,1,0,0,29.4,74.9,5.1,60.52
2024-08-04 02:00:00,2,6,8,1,0,0,32.1,76.0,5.0,73.48
2024-08-04 03:00:00,3,6,8,1,0,0,33.3,79.1,7.4,84.7
2024-08-04 04:00:00,4,6,8,1,0,0,31.9,77.8,4.1,67.48
2024-08-04 05:00:00,5,6,8,1,0,0,37.7,70.5,6.2,97.21
2024-08-04 06:00:00,6,6,8,1,0,0,34.8,76.2,3.7,78.91
2024-08-04 07:00:00,7,6,8,1,0,0,37.5,71.9,7.8,94.0
2024-08-04 08:00:00,8,6,8,1,0,0,40.2,74.9,6.0,99.57
2024-08-04 09:00:00,9,6,8,1,0,0,39.8,73.0,6.1,99.5
2024-08-04 10:00:00,10,6,8,1,0,0,39.1,70.9,15.2,113.65
2024-08-04 11:00:00,11,6,8,1,0,0,43.0,70.3,14.1,129.82
2024-08-04 12:00:00,12,6,8,1,0,0,46.7,72.1,12.6,142.66
2024-08-04 13:00:00,13,6,8,1,0,0,44.9,65.8,17.2,139.73
2024-08-04 14:00:00,14,6,8,1,0,0,44.2,70.2,21.5,141.5
2024-08-04 15:00:00,15,6,8,1,0,0,47.2,66.2,14.3,147.54
2024-08-04 16:00:00,16,6,8,1,0,0,44.3,70.2,20.6,142.89
2024-08-04 17:00:00,17,6,8,1,0,0,42.9,66.9,11.8,123.96
2024-08-04 18:00:00,18,6,8,1,0,0,42.7,70.1,21.2,136.04
2024-08-04 19:00:00,19,6,8,1,0,0,42.3,74.3,4.8,108.94
2024-08-04 20:00:00,20,6,8,1,0,0,43.5,65.3,4.9,115.38
2024-08-04 21:00:00,21,6,8,1,0,0,39.0,66.9,5.3,98.83
2024-08-04 22:00:00,22,6,8,1,0,0,38.1,67.7,6.6,99.91
2024-08-04 23:00:00,23,6,8,1,0,0,33.7,71.2,6.6,78.76
2024-08-05 00:00:00,0,0,8,0,0,0,31.7,79.7,7.8,75.99
2024-08-05 01:00:00,1,0,8,0,0,0,33.0,70.8,8.2,84.88
2024-08-05 02:00:00,2,0,8,0,0,0,32.8,75.3,4.2,76.06
2024-08-05 03:00:00,3,0,8,0,0,0,30.9,80.3,6.4,73.98
2024-08-05 04:00:00,4,0,8,0,0,0,33.2,77.9,6.8,76.34
2024-08-05 05:00:00,5,0,8,0,0,0,35.3,73.2,8.5,85.45
2024-08-05 06:00:00,6,0,8,0,0,0,36.5,74.7,8.5,91.77
2024-08-05 07:00:00,7,0,8,0,0,0,38.4,73.0,9.7,101.09
2024-08-05 08:00:00,8,0,8,0,1,0,39.7,70.8,66.5,189.2
2024-08-05 09:00:00,9,0,8,0,1,0,39.9,70.7,52.1,164.63
2024-08-05 10:00:00,10,0,8,0,1,1,41.5,79.4,91.6,252.18
2024-08-05 11:00:00,11,0,8,0,1,1,41.6,73.6,80.3,238.22
2024-08-05 12:00:00,12,0,8,0,1,1,48.0,75.8,90.7,307.69
2024-08-05 13:00:00,13,0,8,0,1,1,45.4,65.7,61.5,237.28
2024-08-05 14:00:00,14,0,8,0,1,1,45.2,67.5,87.4,277.45
2024-08-05 15:00:00,15,0,8,0,1,1,43.7,63.6,84.0,254.77
2024-08-05 16:00:00,16,0,8,0,1,1,50.1,61.2,82.4,303.89
2024-08-05 17:00:00,17,0,8,0,1,0,41.8,77.8,38.8,154.14
2024-08-05 18:00:00,18,0,8,0,1,0,41.6,68.3,25.7,139.09
2024-08-05 19:00:00,19,0,8,0,0,0,41.6,78.1,29.5,147.06
2024-08-05 20:00:00,20,0,8,0,0,0,40.2,66.4,8.9,109.91
2024-08-05 21:00:00,21,0,8,0,0,0,39.2,67.8,10.8,109.66
2024-08-05 22:00:00,22,0,8,0,0,0,39.1,70.8,7.0,105.06
2024-08-05 23:00:00,23,0,8,0,0,0,35.5,74.4,6.1,86.14
2024-08-06 00:00:00,0,1,8,0,0,0,31.5,81.1,8.1,73.67
2024-08-06 01:00:00,1,1,8,0,0,0,32.3,78.7,9.0,82.23
2024-08-06 02:00:00,2,1,8,0,0,0,33.1,74.7,7.4,76.37
2024-08-06 03:00:00,3,1,8,0,0,0,36.5,73.4,11.0,91.58
2024-08-06 04:00:00,4,1,8,0,0,0,30.9,76.6,8.2,70.9
2024-08-06 05:00:00,5,1,8,0,0,0,36.6,70.2,4.3,86.03
2024-08-06 06:00:00,6,1,8,0,0,0,36.1,70.7,5.8,87.65
2024-08-06 07:00:00,7,1,8,0,0,0,38.9,76.4,7.6,97.71
2024-08-06 08:00:00,8,1,8,0,1,0,38.9,65.0,65.9,180.46
2024-08-06 09:00:00,9,1,8,0,1,0,39.2,78.5,51.6,160.0
2024-08-06 10:00:00,10,1,8,0,1,1,43.7,67.5,94.6,282.59
2024-08-06 11:00:00,11,1,8,0,1,1,44.8,65.0,84.8,265.48
2024-08-06 12:00:00,12,1,8,0,1,1,46.4,70.0,88.0,292.24
2024-08-06 13:00:00,13,1,8,0,1,1,45.3,73.7,60.3,228.92
2024-08-06 14:00:00,14,1,8,0,1,1,44.5,72.8,90.0,275.05
2024-08-06 15:00:00,15,1,8,0,1,1,42.5,71.8,88.4,263.88
2024-08-06 16:00:00,16,1,8,0,1,1,46.2,71.5,78.3,271.18
2024-08-06 17:00:00,17,1,8,0,1,0,44.4,61.6,43.7,182.41
2024-08-06 18:00:00,18,1,8,0,1,0,40.6,69.0,31.3,143.65
2024-08-06 19:00:00,19,1,8,0,0,0,39.8,68.0,38.8,150.39
2024-08-06 20:00:00,20,1,8,0,0,0,38.2,77.7,10.6,102.5
2024-08-06 21:00:00,21,1,8,0,0,0,34.7,73.7,9.9,88.37
2024-08-06 22:00:00,22,1,8,0,0,0,34.3,78.9,11.3,89.28
2024-08-06 23:00:00,23,1,8,0,0,0,32.4,79.0,10.9,74.55
2024-08-07 00:00:00,0,2,8,0,0,0,32.6,73.2,12.0,80.54
2024-08-07 01:00:00,1,2,8,0,0,0,31.4,75.2,5.5,72.19
2024-08-07 02:00:00,2,2,8,0,0,0,29.5,84.0,6.4,64.97
2024-08-07 03:00:00,3,2,8,0,0,0,36.3,71.0,9.1,91.33
2024-08-07 04:00:00,4,2,8,0,0,0,35.6,75.1,9.9,91.73
2024-08-07 05:00:00,5,2,8,0,0,0,33.0,73.3,8.3,80.49
2024-08-07 06:00:00,6,2,8,0,0,0,36.2,72.9,4.6,87.91
2024-08-07 07:00:00,7,2,8,0,0,0,38.0,72.7,10.7,98.42
2024-08-07 08:00:00,8,2,8,0,1,0,41.1,67.6,73.8,202.1
2024-08-07 09:00:00,9,2,8,0,1,0,39.2,68.2,57.2,172.06
2024-08-07 10:00:00,10,2,8,0,1,1,44.2,69.7,83.4,256.03
2024-08-07 11:00:00,11,2,8,0,1,1,42.6,66.3,80.3,238.53
2024-08-07 12:00:00,12,2,8,0,1,1,42.2,66.7,83.6,243.94
2024-08-07 13:00:00,13,2,8,0,1,1,46.5,63.2,70.5,260.65
2024-08-07 14:00:00,14,2,8,0,1,1,47.8,65.7,90.5,308.33
2024-08-07 15:00:00,15,2,8,0,1,1,49.9,68.3,76.6,298.68
2024-08-07 16:00:00,16,2,8,0,1,1,42.4,75.8,84.4,251.4
2024-08-07 17:00:00,17,2,8,0,1,0,44.8,65.2,38.9,177.16
2024-08-07 18:00:00,18,2,8,0,1,0,41.5,79.1,30.5,148.32
2024-08-07 19:00:00,19,2,8,0,0,0,42.1,66.0,36.4,153.49
2024-08-07 20:00:00,20,2,8,0,0,0,36.3,78.4,9.7,89.51
2024-08-07 21:00:00,21,2,8,0,0,0,35.0,72.1,10.7,85.53
2024-08-07 22:00:00,22,2,8,0,0,0,34.3,72.0,7.6,84.42
2024-08-07 23:00:00,23,2,8,0,0,0,34.5,72.4,10.0,88.12
2024-08-08 00:00:00,0,3,8,0,0,0,32.1,76.8,6.4,72.66
2024-08-08 01:00:00,1,3,8,0,0,0,33.8,78.2,5.7,78.46
2024-08-08 02:00:00,2,3,8,0,0,0,34.2,78.2,5.5,84.43
2024-08-08 03:00:00,3,3,8,0,0,0,33.7,72.1,6.9,77.95
2024-08-08 04:00:00,4,3,8,0,0,0,36.2,70.2,4.3,86.99
2024-08-08 05:00:00,5,3,8,0,0,0,35.0,71.3,6.3,81.91
2024-08-08 06:00:00,6,3,8,0,0,0,33.4,75.7,9.2,85.1
2024-08-08 07:00:00,7,3,8,0,0,0,39.6,70.9,9.2,107.44
2024-08-08 08:00:00,8,3,8,0,1,0,37.8,69.2,47.2,142.93
2024-08-08 09:00:00,9,3,8,0,1,0,42.2,71.0,53.6,183.41
2024-08-08 10:00:00,10,3,8,0,1,1,45.0,77.1,88.5,274.28
2024-08-08 11:00:00,11,3,8,0,1,1,44.3,66.5,84.8,272.7
2024-08-08 12:00:00,12,3,8,0,1,1,41.8,68.5,86.3,253.22
2024-08-08 13:00:00,13,3,8,0,1,1,43.5,71.3,70.7,225.68
2024-08-08 14:00:00,14,3,8,0,1,1,47.8,63.8,75.2,271.91
2024-08-08 15:00:00,15,3,8,0,1,1,44.8,70.8,79.7,261.38
2024-08-08 16:00:00,16,3,8,0,1,1,44.6,65.4,77.4,254.61
2024-08-08 17:00:00,17,3,8,0,1,0,44.8,75.5,27.6,157.0
2024-08-08 18:00:00,18,3,8,0,1,0,43.4,70.5,44.2,171.76
2024-08-08 19:00:00,19,3,8,0,0,0,41.1,68.2,32.5,146.92
2024-08-08 20:00:00,20,3,8,0,0,0,38.5,70.2,8.2,102.5
2024-08-08 21:00:00,21,3,8,0,0,0,36.6,71.8,9.9,103.5
2024-08-08 22:00:00,22,3,8,0,0,0,37.2,79.0,4.4,93.97
2024-08-08 23:00:00,23,3,8,0,0,0,35.3,69.7,5.9,80.57
2024-08-09 00:00:00,0,4,8,0,0,0,32.7,73.9,10.7,80.64
2024-08-09 01:00:00,1,4,8,0,0,0,34.4,73.2,10.9,89.03
2024-08-09 02:00:00,2,4,8,0,0,0,32.0,77.0,7.0,72.25
2024-08-09 03:00:00,3,4,8,0,0,0,31.0,76.7,7.0,73.65
2024-08-09 04:00:00,4,4,8,0,0,0,31.8,71.3,10.1,79.14
2024-08-09 05:00:00,5,4,8,0,0,0,32.4,75.2,6.4,79.14
2024-08-09 06:00:00,6,4,8,0,0,0,35.0,74.6,4.9,85.06
2024-08-09 07:00:00,7,4,8,0,0,0,39.3,69.5,6.1,100.87
2024-08-09 08:00:00,8,4,8,0,1,0,37.3,76.1,56.6,154.34
2024-08-09 09:00:00,9,4,8,0,1,0,40.8,74.6,46.6,160.63
2024-08-09 10:00:00,10,4,8,0,1,1,40.8,70.6,87.2,239.5
2024-08-09 11:00:00,11,4,8,0,1,1,42.9,70.4,91.1,267.08
2024-08-09 12:00:00,12,4,8,0,1,1,41.7,61.7,87.7,247.86
2024-08-09 13:00:00,13,4,8,0,1,1,44.7,66.5,61.1,236.43
2024-08-09 14:00:00,14,4,8,0,1,1,44.9,72.1,82.5,272.82
2024-08-09 15:00:00,15,4,8,0,1,1,46.0,65.6,87.1,275.47
2024-08-09 16:00:00,16,4,8,0,1,1,44.8,65.2,76.0,251.49
2024-08-09 17:00:00,17,4,8,0,1,0,41.2,79.8,26.2,135.74
2024-08-09 18:00:00,18,4,8,0,1,0,44.0,76.0,32.4,162.84
2024-08-09 19:00:00,19,4,8,0,0,0,40.8,72.8,28.9,131.77
2024-08-09 20:00:00,20,4,8,0,0,0,39.1,76.7,11.5,101.86
2024-08-09 21:00:00,21,4,8,0,0,0,37.1,64.6,8.7,94.46
2024-08-09 22:00:00,22,4,8,0,0,0,34.6,72.1,6.3,85.2
2024-08-09 23:00:00,23,4,8,0,0,0,34.6,73.4,9.6,86.66
2024-08-10 00:00:00,0,5,8,1,0,0,33.9,74.8,4.9,80.82
2024-08-10 01:00:00,1,5,8,1,0,0,29.2,77.1,3.7,63.23
2024-08-10 02:00:00,2,5,8,1,0,0,31.2,67.5,4.2,73.16
2024-08-10 03:00:00,3,5,8,1,0,0,31.9,78.7,6.2,78.06
2024-08-10 04:00:00,4,5,8,1,0,0,33.5,78.2,3.3,73.15
2024-08-10 05:00:00,5,5,8,1,0,0,36.2,80.6,4.4,89.0
2024-08-10 06:00:00,6,5,8,1,0,0,34.0,72.5,4.0,79.65
2024-08-10 07:00:00,7,5,8,1,0,0,36.1,70.7,4.0,93.34
2024-08-10 08:00:00,8,5,8,1,0,0,37.8,62.3,6.4,92.03
2024-08-10 09:00:00,9,5,8,1,0,0,38.9,71.1,7.1,99.38
2024-08-10 10:00:00,10,5,8,1,0,0,41.3,74.2,18.6,123.07
2024-08-10 11:00:00,11,5,8,1,0,0,44.7,65.8,17.7,138.09
2024-08-10 12:00:00,12,5,8,1,0,0,42.4,78.4,21.0,136.52
2024-08-10 13:00:00,13,5,8,1,0,0,45.7,66.5,10.7,134.63
2024-08-10 14:00:00,14,5,8,1,0,0,42.1,70.6,12.0,121.81
2024-08-10 15:00:00,15,5,8,1,0,0,43.9,63.3,15.0,134.61
2024-08-10 16:00:00,16,5,8,1,0,0,43.7,70.1,14.5,130.45
2024-08-10 17:00:00,17,5,8,1,0,0,46.3,59.2,15.0,143.51
2024-08-10 18:00:00,18,5,8,1,0,0,41.4,73.3,12.5,114.66
2024-08-10 19:00:00,19,5,8,1,0,0,36.4,76.9,3.7,83.79
2024-08-10 20:00:00,20,5,8,1,0,0,35.1,80.4,5.5,83.36
2024-08-10 21:00:00,21,5,8,1,0,0,37.1,69.5,7.6,94.08
2024-08-10 22:00:00,22,5,8,1,0,0,36.5,74.6,5.0,90.26
2024-08-10 23:00:00,23,5,8,1,0,0,34.8,77.4,3.2,81.8
2024-08-11 00:00:00,0,6,8,1,0,0,33.2,78.0,6.5,82.98
2024-08-11 01:00:00,1,6,8,1,0,0,34.4,72.0,4.5,76.84
2024-08-11 02:00:00,2,6,8,1,0,0,31.1,68.2,4.2,68.02
2024-08-11 03:00:00,3,6,8,1,0,0,33.9,77.2,4.6,75.51
2024-08-11 04:00:00,4,6,8,1,0,0,30.0,77.9,6.6,71.7
2024-08-11 05:00:00,5,6,8,1,0,0,32.3,74.6,7.1,73.95
2024-08-11 06:00:00,6,6,8,1,0,0,32.1,80.1,5.9,77.36
2024-08-11 07:00:00,7,6,8,1,0,0,36.4,73.8,4.6,91.78
2024-08-11 08:00:00,8,6,8,1,0,0,38.5,67.3,4.6,96.19
2024-08-11 09:00:00,9,6,8,1,0,0,40.5,63.4,3.6,102.0
2024-08-11 10:00:00,10,6,8,1,0,0,41.9,65.7,21.2,133.27
2024-08-11 11:00:00,11,6,8,1,0,0,41.5,80.0,17.7,124.96
2024-08-11 12:00:00,12,6,8,1,0,0,43.9,71.7,10.3,123.89
2024-08-11 13:00:00,13,6,8,1,0,0,42.2,70.7,17.9,129.08
2024-08-11 14:00:00,14,6,8,1,0,0,47.5,65.5,15.4,156.64
2024-08-11 15:00:00,15,6,8,1,0,0,44.3,67.5,21.7,142.54
2024-08-11 16:00:00,16,6,8,1,0,0,43.3,73.9,19.8,138.46
2024-08-11 17:00:00,17,6,8,1,0,0,46.0,65.3,12.1,140.05
2024-08-11 18:00:00,18,6,8,1,0,0,39.6,74.1,18.6,117.58
2024-08-11 19:00:00,19,6,8,1,0,0,38.2,71.4,5.4,96.13
2024-08-11 20:00:00,20,6,8,1,0,0,36.6,81.6,3.9,82.18
2024-08-11 21:00:00,21,6,8,1,0,0,36.8,76.7,6.5,95.18
2024-08-11 22:00:00,22,6,8,1,0,0,36.1,79.2,5.7,91.0
2024-08-11 23:00:00,23,6,8,1,0,0,35.3,72.5,3.2,81.26
2024-08-12 00:00:00,0,0,8,0,0,0,37.5,77.5,9.2,94.21
2024-08-12 01:00:00,1,0,8,0,0,0,28.1,78.6,9.1,66.64
2024-08-12 02:00:00,2,0,8,0,0,0,33.1,76.8,5.2,72.6
2024-08-12 03:00:00,3,0,8,0,0,0,31.2,84.2,6.8,68.4
2024-08-12 04:00:00,4,0,8,0,0,0,31.8,73.1,8.7,75.31
2024-08-12 05:00:00,5,0,8,0,0,0,32.7,77.4,5.1,79.69
2024-08-12 06:00:00,6,0,8,0,0,0,33.6,77.7,10.8,86.1
2024-08-12 07:00:00,7,0,8,0,0,0,39.8,73.7,4.2,97.17
2024-08-12 08:00:00,8,0,8,0,1,0,40.0,69.7,48.1,156.58
2024-08-12 09:00:00,9,0,8,0,1,0,40.2,79.7,48.5,163.9
2024-08-12 10:00:00,10,0,8,0,1,1,44.1,63.5,87.9,267.15
2024-08-12 11:00:00,11,0,8,0,1,1,40.3,77.1,89.3,234.47
2024-08-12 12:00:00,12,0,8,0,1,1,41.7,75.2,86.1,249.6
2024-08-12 13:00:00,13,0,8,0,1,1,40.8,78.5,64.3,208.24
2024-08-12 14:00:00,14,0,8,0,1,1,43.7,62.6,88.8,260.0
2024-08-12 15:00:00,15,0,8,0,1,1,45.0,64.5,76.2,261.48
2024-08-12 16:00:00,16,0,8,0,1,1,44.3,74.5,79.8,255.78
2024-08-12 17:00:00,17,0,8,0,1,0,43.3,61.7,25.8,148.61
2024-08-12 18:00:00,18,0,8,0,1,0,39.2,65.6,25.3,125.27
2024-08-12 19:00:00,19,0,8,0,0,0,41.6,68.4,32.1,146.92
2024-08-12 20:00:00,20,0,8,0,0,0,38.9,73.0,5.6,91.33
2024-08-12 21:00:00,21,0,8,0,0,0,38.1,79.2,6.1,95.61
2024-08-12 22:00:00,22,0,8,0,0,0,31.8,76.5,10.6,76.3
2024-08-12 23:00:00,23,0,8,0,0,0,34.4,73.0,5.3,81.65
2024-08-13 00:00:00,0,1,8,0,0,0,30.6,79.3,10.2,74.48
2024-08-13 01:00:00,1,1,8,0,0,0,31.4,79.4,9.4,78.79
2024-08-13 02:00:00,2,1,8,0,0,0,32.8,78.3,6.6,73.68
2024-08-13 03:00:00,3,1,8,0,0,0,32.2,76.2,8.4,72.41
2024-08-13 04:00:00,4,1,8,0,0,0,31.2,69.8,7.6,70.55
2024-08-13 05:00:00,5,1,8,0,0,0,33.8,72.2,5.0,76.09
2024-08-13 06:00:00,6,1,8,0,0,0,32.3,82.6,11.3,77.22
2024-08-13 07:00:00,7,1,8,0,0,0,38.7,73.2,8.6,105.61
2024-08-13 08:00:00,8,1,8,0,1,0,38.0,71.6,71.4,180.64
2024-08-13 09:00:00,9,1,8,0,1,0,42.0,74.6,69.7,213.7
2024-08-13 10:00:00,10,1,8,0,1,1,40.7,66.5,81.2,234.21
2024-08-13 11:00:00,11,1,8,0,1,1,42.0,69.2,83.1,239.12
2024-08-13 12:00:00,12,1,8,0,1,1,42.6,70.2,82.2,245.02
2024-08-13 13:00:00,13,1,8,0,1,1,46.2,65.4,72.5,260.45
2024-08-13 14:00:00,14,1,8,0,1,1,43.6,69.4,89.7,258.98
2024-08-13 15:00:00,15,1,8,0,1,1,45.8,66.7,84.0,277.98
2024-08-13 16:00:00,16,1,8,0,1,1,43.3,63.6,76.8,243.59
2024-08-13 17:00:00,17,1,8,0,1,0,39.4,72.6,27.7,127.15
2024-08-13 18:00:00,18,1,8,0,1,0,40.6,65.8,41.3,160.31
2024-08-13 19:00:00,19,1,8,0,0,0,37.9,73.6,43.6,141.43
2024-08-13 20:00:00,20,1,8,0,0,0,38.4,78.1,5.6,93.17
2024-08-13 21:00:00,21,1,8,0,0,0,34.5,74.2,4.1,79.59
2024-08-13 22:00:00,22,1,8,0,0,0,36.8,69.1,6.6,89.44
2024-08-13 23:00:00,23,1,8,0,0,0,33.6,75.5,4.2,83.98
2024-08-14 00:00:00,0,2,8,0,0,0,32.3,73.6,10.6,82.54
2024-08-14 01:00:00,1,2,8,0,0,0,33.1,78.7,7.9,77.25
2024-08-14 02:00:00,2,2,8,0,0,0,33.5,75.5,9.1,80.33
2024-08-14 03:00:00,3,2,8,0,0,0,31.9,84.0,7.3,67.95
2024-08-14 04:00:00,4,2,8,0,0,0,31.2,82.3,6.8,72.05
2024-08-14 05:00:00,5,2,8,0,0,0,30.4,77.6,5.8,65.72
2024-08-14 06:00:00,6,2,8,0,0,0,33.7,78.8,10.2,84.05
2024-08-14 07:00:00,7,2,8,0,0,0,35.4,73.1,9.6,83.13
2024-08-14 08:00:00,8,2,8,0,1,0,38.4,72.8,55.8,162.29
2024-08-14 09:00:00,9,2,8,0,1,0,39.3,70.5,54.6,172.01
2024-08-14 10:00:00,10,2,8,0,1,1,42.7,72.7,80.0,245.3
2024-08-14 11:00:00,11,2,8,0,1,1,41.7,76.0,81.0,233.41
2024-08-14 12:00:00,12,2,8,0,1,1,43.8,72.0,89.3,265.64
2024-08-14 13:00:00,13,2,8,0,1,1,46.6,70.6,67.7,261.19
2024-08-14 14:00:00,14,2,8,0,1,1,45.3,71.5,82.4,282.63
2024-08-14 15:00:00,15,2,8,0,1,1,44.4,70.6,89.1,272.3
2024-08-14 16:00:00,16,2,8,0,1,1,42.8,65.0,83.6,243.04
2024-08-14 17:00:00,17,2,8,0,1,0,41.7,77.1,32.7,149.53
2024-08-14 18:00:00,18,2,8,0,1,0,40.0,78.7,28.2,134.5
2024-08-14 19:00:00,19,2,8,0,0,0,38.9,71.3,41.4,147.94
2024-08-14 20:00:00,20,2,8,0,0,0,39.6,70.3,8.6,107.01
2024-08-14 21:00:00,21,2,8,0,0,0,36.2,76.6,4.7,92.79
2024-08-14 22:00:00,22,2,8,0,0,0,32.6,78.9,9.2,76.85
2024-08-14 23:00:00,23,2,8,0,0,0,36.8,72.9,7.4,89.86
2024-08-15 00:00:00,0,3,8,0,0,0,33.1,71.3,10.5,75.97
2024-08-15 01:00:00,1,3,8,0,0,0,29.3,80.2,11.4,71.89
2024-08-15 02:00:00,2,3,8,0,0,0,30.8,80.1,8.8,69.4
2024-08-15 03:00:00,3,3,8,0,0,0,32.0,80.0,9.9,80.23
2024-08-15 04:00:00,4,3,8,0,0,0,35.6,76.0,4.5,82.57
2024-08-15 05:00:00,5,3,8,0,0,0,31.5,76.4,8.5,79.79
2024-08-15 06:00:00,6,3,8,0,0,0,36.6,77.9,10.0,89.92
2024-08-15 07:00:00,7,3,8,0,0,0,39.0,72.5,8.0,104.64
2024-08-15 08:00:00,8,3,8,0,1,0,37.0,71.7,62.8,165.14
2024-08-15 09:00:00,9,3,8,0,1,0,39.3,71.3,72.0,192.16
2024-08-15 10:00:00,10,3,8,0,1,1,39.5,64.9,83.0,217.39
2024-08-15 11:00:00,11,3,8,0,1,1,42.3,69.2,81.5,243.8
2024-08-15 12:00:00,12,3,8,0,1,1,43.7,71.7,90.4,269.17
2024-08-15 13:00:00,13,3,8,0,1,1,45.6,68.9,72.3,255.4
2024-08-15 14:00:00,14,3,8,0,1,1,46.6,73.0,89.5,296.75
2024-08-15 15:00:00,15,3,8,0,1,1,43.0,68.3,85.9,255.38
2024-08-15 16:00:00,16,3,8,0,1,1,40.2,73.3,89.2,247.8
2024-08-15 17:00:00,17,3,8,0,1,0,42.7,72.8,39.0,164.62
2024-08-15 18:00:00,18,3,8,0,1,0,41.9,79.5,26.7,144.62
2024-08-15 19:00:00,19,3,8,0,0,0,40.2,71.9,40.2,149.22
2024-08-15 20:00:00,20,3,8,0,0,0,37.5,69.1,5.4,92.86
2024-08-15 21:00:00,21,3,8,0,0,0,36.7,77.2,5.9,90.29
2024-08-15 22:00:00,22,3,8,0,0,0,37.6,80.6,7.2,93.82
2024-08-15 23:00:00,23,3,8,0,0,0,34.2,74.3,6.5,78.71
2024-08-16 00:00:00,0,4,8,0,0,0,31.7,80.7,6.6,63.24
2024-08-16 01:00:00,1,4,8,0,0,0,30.8,82.9,5.4,66.27
2024-08-16 02:00:00,2,4,8,0,0,0,31.2,81.7,6.4,73.46
2024-08-16 03:00:00,3,4,8,0,0,0,34.7,75.7,4.2,76.18
2024-08-16 04:00:00,4,4,8,0,0,0,32.0,74.3,7.8,71.46
2024-08-16 05:00:00,5,4,8,0,0,0,33.4,75.8,10.1,77.97
2024-08-16 06:00:00,6,4,8,0,0,0,33.9,77.6,10.9,85.94
2024-08-16 07:00:00,7,4,8,0,0,0,38.3,76.3,10.6,99.18
2024-08-16 08:00:00,8,4,8,0,1,0,41.5,71.8,57.5,189.3
2024-08-16 09:00:00,9,4,8,0,1,0,40.5,69.6,66.9,194.46
2024-08-16 10:00:00,10,4,8,0,1,1,41.4,72.7,84.3,246.97
2024-08-16 11:00:00,11,4,8,0,1,1,42.7,73.1,80.8,246.09
2024-08-16 12:00:00,12,4,8,0,1,1,39.3,73.5,90.1,225.24
2024-08-16 13:00:00,13,4,8,0,1,1,45.6,64.2,69.7,247.06
2024-08-16 14:00:00,14,4,8,0,1,1,44.7,67.5,88.6,280.99
2024-08-16 15:00:00,15,4,8,0,1,1,45.0,71.8,85.5,278.15
2024-08-16 16:00:00,16,4,8,0,1,1,42.3,64.4,77.7,243.56
2024-08-16 17:00:00,17,4,8,0,1,0,41.9,61.8,42.1,163.31
2024-08-16 18:00:00,18,4,8,0,1,0,40.5,77.2,37.5,148.57
2024-08-16 19:00:00,19,4,8,0,0,0,41.5,72.5,41.2,158.08
2024-08-16 20:00:00,20,4,8,0,0,0,37.3,75.8,10.2,99.97
2024-08-16 21:00:00,21,4,8,0,0,0,40.1,67.1,6.4,97.23
2024-08-16 22:00:00,22,4,8,0,0,0,35.5,77.6,4.6,76.86
2024-08-16 23:00:00,23,4,8,0,0,0,31.1,78.8,5.4,63.51
2024-08-17 00:00:00,0,5,8,1,0,0,32.0,70.8,3.5,64.05
2024-08-17 01:00:00,1,5,8,1,0,0,30.4,83.9,4.2,70.95
2024-08-17 02:00:00,2,5,8,1,0,0,27.4,81.0,5.3,61.51
2024-08-17 03:00:00,3,5,8,1,0,0,34.5,73.8,7.5,79.84
2024-08-17 04:00:00,4,5,8,1,0,0,33.5,74.5,7.4,79.67
2024-08-17 05:00:00,5,5,8,1,0,0,34.2,67.5,6.6,86.29
2024-08-17 06:00:00,6,5,8,1,0,0,34.9,77.4,3.1,81.68
2024-08-17 07:00:00,7,5,8,1,0,0,33.7,77.0,4.7,84.54
2024-08-17 08:00:00,8,5,8,1,0,0,37.0,72.8,6.4,91.2
2024-08-17 09:00:00,9,5,8,1,0,0,41.1,75.8,3.6,101.27
2024-08-17 10:00:00,10,5,8,1,0,0,39.2,66.5,19.6,114.58
2024-08-17 11:00:00,11,5,8,1,0,0,37.9,70.6,21.0,114.02
2024-08-17 12:00:00,12,5,8,1,0,0,43.1,65.9,14.2,130.96
2024-08-17 13:00:00,13,5,8,1,0,0,43.9,67.7,18.5,138.96
2024-08-17 14:00:00,14,5,8,1,0,0,44.6,68.5,11.8,129.73
2024-08-17 15:00:00,15,5,8,1,0,0,45.5,69.4,18.3,150.16
2024-08-17 16:00:00,16,5,8,1,0,0,44.6,66.9,10.3,130.07
2024-08-17 17:00:00,17,5,8,1,0,0,42.9,66.0,11.8,122.92
2024-08-17 18:00:00,18,5,8,1,0,0,43.3,75.9,18.5,133.28
2024-08-17 19:00:00,19,5,8,1,0,0,36.8,83.4,6.6,90.25
2024-08-17 20:00:00,20,5,8,1,0,0,38.8,72.9,6.2,99.67
2024-08-17 21:00:00,21,5,8,1,0,0,37.3,70.4,5.4,88.93
2024-08-17 22:00:00,22,5,8,1,0,0,32.4,82.7,6.4,71.23
2024-08-17 23:00:00,23,5,8,1,0,0,30.6,72.3,6.9,68.24
2024-08-18 00:00:00,0,6,8,1,0,0,30.8,76.6,7.8,71.12
2024-08-18 01:00:00,1,6,8,1,0,0,30.3,75.5,7.4,73.66
2024-08-18 02:00:00,2,6,8,1,0,0,32.6,72.0,7.0,72.76
2024-08-18 03:00:00,3,6,8,1,0,0,30.4,77.1,6.5,69.49
2024-08-18 04:00:00,4,6,8,1,0,0,30.6,74.6,5.9,67.94
2024-08-18 05:00:00,5,6,8,1,0,0,32.0,77.2,3.6,70.28
2024-08-18 06:00:00,6,6,8,1,0,0,36.5,74.1,3.8,91.44
2024-08-18 07:00:00,7,6,8,1,0,0,36.1,71.7,7.1,89.33
2024-08-18 08:00:00,8,6,8,1,0,0,37.4,71.8,7.0,90.91
2024-08-18 09:00:00,9,6,8,1,0,0,39.2,71.1,6.1,102.41
2024-08-18 10:00:00,10,6,8,1,0,0,43.3,72.4,15.3,133.25
2024-08-18 11:00:00,11,6,8,1,0,0,41.0,70.2,10.3,109.6
2024-08-18 12:00:00,12,6,8,1,0,0,45.7,70.8,13.9,135.7
2024-08-18 13:00:00,13,6,8,1,0,0,44.4,70.8,15.0,136.59
2024-08-18 14:00:00,14,6,8,1,0,0,43.9,71.1,15.8,134.14
2024-08-18 15:00:00,15,6,8,1,0,0,48.5,71.1,21.2,165.21
2024-08-18 16:00:00,16,6,8,1,0,0,41.5,66.0,11.3,119.79
2024-08-18 17:00:00,17,6,8,1,0,0,41.7,68.4,16.2,122.75
2024-08-18 18:00:00,18,6,8,1,0,0,38.8,79.4,14.4,110.55
2024-08-18 19:00:00,19,6,8,1,0,0,41.1,69.7,8.0,113.6
2024-08-18 20:00:00,20,6,8,1,0,0,40.8,59.7,7.3,106.51
2024-08-18 21:00:00,21,6,8,1,0,0,39.1,71.3,5.2,92.1
2024-08-18 22:00:00,22,6,8,1,0,0,36.7,74.3,8.0,91.14
2024-08-18 23:00:00,23,6,8,1,0,0,32.8,66.1,5.6,76.3
2024-08-19 00:00:00,0,0,8,0,0,0,31.3,82.9,5.3,73.68
2024-08-19 01:00:00,1,0,8,0,0,0,28.3,76.8,8.4,62.42
2024-08-19 02:00:00,2,0,8,0,0,0,34.8,76.5,5.8,88.34
2024-08-19 03:00:00,3,0,8,0,0,0,32.2,76.1,9.1,73.1
2024-08-19 04:00:00,4,0,8,0,0,0,31.1,72.6,11.5,76.37
2024-08-19 05:00:00,5,0,8,0,0,0,35.4,70.4,10.3,89.48
2024-08-19 06:00:00,6,0,8,0,0,0,32.6,72.9,6.2,79.95
2024-08-19 07:00:00,7,0,8,0,0,0,36.7,78.2,6.4,85.73
2024-08-19 08:00:00,8,0,8,0,1,0,37.3,72.8,47.1,145.69
2024-08-19 09:00:00,9,0,8,0,1,0,40.4,69.1,53.6,171.54
2024-08-19 10:00:00,10,0,8,0,1,1,40.7,67.3,81.4,232.26
2024-08-19 11:00:00,11,0,8,0,1,1,39.6,76.6,87.5,232.8
2024-08-19 12:00:00,12,0,8,0,1,1,43.4,75.0,90.6,271.93
2024-08-19 13:00:00,13,0,8,0,1,1,45.8,72.2,71.3,250.31
2024-08-19 14:00:00,14,0,8,0,1,1,44.1,70.6,76.0,244.55
2024-08-19 15:00:00,15,0,8,0,1,1,45.3,68.9,80.8,270.34
2024-08-19 16:00:00,16,0,8,0,1,1,41.3,65.7,79.9,231.08
2024-08-19 17:00:00,17,0,8,0,1,0,42.2,69.0,27.1,137.29
2024-08-19 18:00:00,18,0,8,0,1,0,39.7,69.0,32.2,139.25
2024-08-19 19:00:00,19,0,8,0,0,0,40.6,63.8,31.0,137.54
2024-08-19 20:00:00,20,0,8,0,0,0,37.7,77.3,9.1,94.11
2024-08-19 21:00:00,21,0,8,0,0,0,37.2,70.7,11.1,93.28
2024-08-19 22:00:00,22,0,8,0,0,0,36.3,78.9,7.6,87.04
2024-08-19 23:00:00,23,0,8,0,0,0,34.3,79.0,10.0,87.36
2024-08-20 00:00:00,0,1,8,0,0,0,32.3,79.1,5.2,75.06
2024-08-20 01:00:00,1,1,8,0,0,0,29.4,81.4,11.2,72.03
2024-08-20 02:00:00,2,1,8,0,0,0,31.0,75.3,5.2,66.13
2024-08-20 03:00:00,3,1,8,0,0,0,30.2,85.8,5.5,67.9
2024-08-20 04:00:00,4,1,8,0,0,0,31.2,77.8,4.9,67.79
2024-08-20 05:00:00,5,1,8,0,0,0,32.2,78.2,6.5,77.66
2024-08-20 06:00:00,6,1,8,0,0,0,32.5,74.2,8.4,78.94
2024-08-20 07:00:00,7,1,8,0,0,0,32.3,73.2,11.9,78.37
2024-08-20 08:00:00,8,1,8,0,1,0,36.3,76.0,68.8,168.27
2024-08-20 09:00:00,9,1,8,0,1,0,39.5,72.7,56.4,171.99
2024-08-20 10:00:00,10,1,8,0,1,1,38.3,69.5,88.6,211.12
2024-08-20 11:00:00,11,1,8,0,1,1,42.1,64.3,89.3,252.77
2024-08-20 12:00:00,12,1,8,0,1,1,46.5,61.9,92.3,289.31
2024-08-20 13:00:00,13,1,8,0,1,1,45.6,72.4,71.0,254.24
2024-08-20 14:00:00,14,1,8,0,1,1,46.9,64.2,84.7,282.37
2024-08-20 15:00:00,15,1,8,0,1,1,44.4,67.1,86.4,274.9
2024-08-20 16:00:00,16,1,8,0,1,1,45.2,73.7,87.7,278.89
2024-08-20 17:00:00,17,1,8,0,1,0,40.8,66.5,27.7,133.52
2024-08-20 18:00:00,18,1,8,0,1,0,39.6,68.9,29.0,135.76
2024-08-20 19:00:00,19,1,8,0,0,0,34.2,72.5,38.8,120.42
2024-08-20 20:00:00,20,1,8,0,0,0,39.6,78.3,10.8,109.43
2024-08-20 21:00:00,21,1,8,0,0,0,38.6,80.5,7.3,101.02
2024-08-20 22:00:00,22,1,8,0,0,0,33.2,79.3,11.8,81.09
2024-08-20 23:00:00,23,1,8,0,0,0,32.4,80.0,5.7,77.12
2024-08-21 00:00:00,0,2,8,0,0,0,30.3,76.0,7.3,69.97
2024-08-21 01:00:00,1,2,8,0,0,0,31.7,85.1,7.0,72.28
2024-08-21 02:00:00,2,2,8,0,0,0,32.9,77.5,11.4,82.43
2024-08-21 03:00:00,3,2,8,0,0,0,27.9,83.4,6.3,64.57
2024-08-21 04:00:00,4,2,8,0,0,0,32.4,76.4,7.8,77.87
2024-08-21 05:00:00,5,2,8,0,0,0,32.2,75.9,5.5,66.69
2024-08-21 06:00:00,6,2,8,0,0,0,34.3,82.1,8.2,86.6
2024-08-21 07:00:00,7,2,8,0,0,0,36.5,76.1,10.9,97.83
2024-08-21 08:00:00,8,2,8,0,1,0,37.0,79.4,54.1,150.13
2024-08-21 09:00:00,9,2,8,0,1,0,38.8,73.4,69.3,183.52
2024-08-21 10:00:00,10,2,8,0,1,1,40.2,68.0,93.7,246.73
2024-08-21 11:00:00,11,2,8,0,1,1,43.7,66.6,81.1,246.56
2024-08-21 12:00:00,12,2,8,0,1,1,43.7,69.3,91.3,271.57
2024-08-21 13:00:00,13,2,8,0,1,1,44.0,66.2,63.8,224.89
2024-08-21 14:00:00,14,2,8,0,1,1,41.5,66.0,78.0,228.7
2024-08-21 15:00:00,15,2,8,0,1,1,42.9,74.3,85.2,247.83
2024-08-21 16:00:00,16,2,8,0,1,1,44.6,66.1,87.0,273.47
2024-08-21 17:00:00,17,2,8,0,1,0,42.0,70.7,32.9,148.84
2024-08-21 18:00:00,18,2,8,0,1,0,41.8,71.4,25.8,142.51
2024-08-21 19:00:00,19,2,8,0,0,0,42.2,67.6,43.2,170.28
2024-08-21 20:00:00,20,2,8,0,0,0,39.2,77.9,9.8,108.98
2024-08-21 21:00:00,21,2,8,0,0,0,35.8,70.0,6.2,92.43
2024-08-21 22:00:00,22,2,8,0,0,0,33.2,77.3,8.0,85.17
2024-08-21 23:00:00,23,2,8,0,0,0,28.1,80.8,4.2,56.16
2024-08-22 00:00:00,0,3,8,0,0,0,31.3,77.4,6.7,72.94
2024-08-22 01:00:00,1,3,8,0,0,0,30.3,73.1,8.2,67.75
2024-08-22 02:00:00,2,3,8,0,0,0,31.4,81.0,8.1,84.04
2024-08-22 03:00:00,3,3,8,0,0,0,30.6,81.1,5.7,70.6
2024-08-22 04:00:00,4,3,8,0,0,0,31.0,75.1,10.2,78.78
2024-08-22 05:00:00,5,3,8,0,0,0,29.4,81.7,6.4,66.99
2024-08-22 06:00:00,6,3,8,0,0,0,32.2,78.5,8.6,68.32
2024-08-22 07:00:00,7,3,8,0,0,0,36.4,68.9,6.2,86.58
2024-08-22 08:00:00,8,3,8,0,1,0,40.3,67.9,57.8,175.47
2024-08-22 09:00:00,9,3,8,0,1,0,38.7,77.0,51.2,156.9
2024-08-22 10:00:00,10,3,8,0,1,1,41.0,72.0,89.5,248.75
2024-08-22 11:00:00,11,3,8,0,1,1,43.5,66.8,86.4,259.95
2024-08-22 12:00:00,12,3,8,0,1,1,41.4,67.1,80.2,222.45
2024-08-22 13:00:00,13,3,8,0,1,1,44.1,66.6,60.4,227.88
2024-08-22 14:00:00,14,3,8,0,1,1,42.4,68.0,83.0,246.79
2024-08-22 15:00:00,15,3,8,0,1,1,45.0,64.6,78.1,271.09
2024-08-22 16:00:00,16,3,8,0,1,1,43.1,62.4,84.9,253.36
2024-08-22 17:00:00,17,3,8,0,1,0,42.3,74.5,33.2,152.96
2024-08-22 18:00:00,18,3,8,0,1,0,39.0,76.1,38.1,142.95
2024-08-22 19:00:00,19,3,8,0,0,0,40.1,66.3,44.0,151.37
2024-08-22 20:00:00,20,3,8,0,0,0,40.9,71.4,8.2,111.43
2024-08-22 21:00:00,21,3,8,0,0,0,33.7,72.3,10.3,82.61
2024-08-22 22:00:00,22,3,8,0,0,0,33.3,75.1,10.0,79.51
2024-08-22 23:00:00,23,3,8,0,0,0,33.0,75.0,11.4,86.7
2024-08-23 00:00:00,0,4,8,0,0,0,32.8,74.8,5.7,76.67
2024-08-23 01:00:00,1,4,8,0,0,0,29.8,86.7,10.6,68.52
2024-08-23 02:00:00,2,4,8,0,0,0,25.4,80.0,11.2,56.69
2024-08-23 03:00:00,3,4,8,0,0,0,33.2,73.0,7.1,79.81
2024-08-23 04:00:00,4,4,8,0,0,0,32.8,73.5,6.5,77.56
2024-08-23 05:00:00,5,4,8,0,0,0,29.3,83.2,11.6,70.04
2024-08-23 06:00:00,6,4,8,0,0,0,32.7,70.0,9.0,75.05
2024-08-23 07:00:00,7,4,8,0,0,0,38.2,69.7,7.0,93.52
2024-08-23 08:00:00,8,4,8,0,1,0,39.6,77.6,68.8,185.86
2024-08-23 09:00:00,9,4,8,0,1,0,40.4,72.2,54.1,172.41
2024-08-23 10:00:00,10,4,8,0,1,1,40.0,72.3,82.6,231.95
2024-08-23 11:00:00,11,4,8,0,1,1,41.8,78.8,88.2,244.32
2024-08-23 12:00:00,12,4,8,0,1,1,42.4,70.8,88.5,258.87
2024-08-23 13:00:00,13,4,8,0,1,1,45.3,65.0,72.4,264.3
2024-08-23 14:00:00,14,4,8,0,1,1,42.0,69.0,82.8,244.57
2024-08-23 15:00:00,15,4,8,0,1,1,41.9,65.6,88.8,252.9
2024-08-23 16:00:00,16,4,8,0,1,1,44.5,73.4,80.3,263.9
2024-08-23 17:00:00,17,4,8,0,1,0,41.6,72.7,36.5,154.84
2024-08-23 18:00:00,18,4,8,0,1,0,42.8,74.0,29.2,151.4
2024-08-23 19:00:00,19,4,8,0,0,0,37.5,78.1,32.7,127.81
2024-08-23 20:00:00,20,4,8,0,0,0,36.9,72.0,10.9,99.39
2024-08-23 21:00:00,21,4,8,0,0,0,33.7,72.1,5.7,75.74
2024-08-23 22:00:00,22,4,8,0,0,0,33.8,75.6,10.5,86.78
2024-08-23 23:00:00,23,4,8,0,0,0,29.8,75.1,6.3,67.26
2024-08-24 00:00:00,0,5,8,1,0,0,30.4,78.9,3.2,59.88
2024-08-24 01:00:00,1,5,8,1,0,0,28.0,84.4,3.5,59.37
2024-08-24 02:00:00,2,5,8,1,0,0,31.6,76.7,6.7,68.64
2024-08-24 03:00:00,3,5,8,1,0,0,31.9,77.8,4.3,69.69
2024-08-24 04:00:00,4,5,8,1,0,0,28.1,79.5,6.3,61.22
2024-08-24 05:00:00,5,5,8,1,0,0,34.7,78.4,6.5,78.44
2024-08-24 06:00:00,6,5,8,1,0,0,38.1,70.2,4.7,93.33
2024-08-24 07:00:00,7,5,8,1,0,0,35.3,66.0,5.4,84.36
2024-08-24 08:00:00,8,5,8,1,0,0,35.7,76.4,5.0,87.51
2024-08-24 09:00:00,9,5,8,1,0,0,43.7,72.9,7.7,118.76
2024-08-24 10:00:00,10,5,8,1,0,0,37.8,74.8,13.8,105.04
2024-08-24 11:00:00,11,5,8,1,0,0,41.5,67.9,12.2,117.45
2024-08-24 12:00:00,12,5,8,1,0,0,42.8,65.0,14.4,125.58
2024-08-24 13:00:00,13,5,8,1,0,0,45.6,69.6,18.0,140.77
2024-08-24 14:00:00,14,5,8,1,0,0,44.0,69.3,18.4,138.61
2024-08-24 15:00:00,15,5,8,1,0,0,42.3,69.4,21.1,137.33
2024-08-24 16:00:00,16,5,8,1,0,0,40.8,78.2,20.6,123.96
2024-08-24 17:00:00,17,5,8,1,0,0,40.9,67.1,13.5,116.36
2024-08-24 18:00:00,18,5,8,1,0,0,38.3,79.8,15.5,108.29
2024-08-24 19:00:00,19,5,8,1,0,0,38.7,72.5,6.7,101.97
2024-08-24 20:00:00,20,5,8,1,0,0,35.9,67.0,7.6,89.02
2024-08-24 21:00:00,21,5,8,1,0,0,32.5,76.0,4.7,74.68
2024-08-24 22:00:00,22,5,8,1,0,0,35.9,78.2,5.2,86.03
2024-08-24 23:00:00,23,5,8,1,0,0,31.4,76.1,7.5,71.38
2024-08-25 00:00:00,0,6,8,1,0,0,28.8,73.4,4.8,58.79
2024-08-25 01:00:00,1,6,8,1,0,0,30.2,77.7,5.4,66.2
2024-08-25 02:00:00,2,6,8,1,0,0,30.4,74.8,7.5,70.97
2024-08-25 03:00:00,3,6,8,1,0,0,27.3,82.4,7.0,60.51
2024-08-25 04:00:00,4,6,8,1,0,0,31.7,80.4,4.2,75.39
2024-08-25 05:00:00,5,6,8,1,0,0,30.3,74.1,4.6,69.7
2024-08-25 06:00:00,6,6,8,1,0,0,36.6,71.1,4.8,92.07
2024-08-25 07:00:00,7,6,8,1,0,0,36.0,77.3,7.6,82.8
2024-08-25 08:00:00,8,6,8,1,0,0,36.0,70.9,8.0,94.83
2024-08-25 09:00:00,9,6,8,1,0,0,37.1,69.2,6.9,93.42
2024-08-25 10:00:00,10,6,8,1,0,0,39.8,66.9,15.8,116.8
2024-08-25 11:00:00,11,6,8,1,0,0,42.4,71.2,10.1,121.33
2024-08-25 12:00:00,12,6,8,1,0,0,42.3,71.1,18.4,130.86
2024-08-25 13:00:00,13,6,8,1,0,0,42.6,66.9,14.7,123.05
2024-08-25 14:00:00,14,6,8,1,0,0,43.3,69.2,17.6,138.93
2024-08-25 15:00:00,15,6,8,1,0,0,41.9,76.3,17.3,124.77
2024-08-25 16:00:00,16,6,8,1,0,0,41.7,66.4,15.8,120.89
2024-08-25 17:00:00,17,6,8,1,0,0,37.6,65.4,21.3,112.21
2024-08-25 18:00:00,18,6,8,1,0,0,41.7,72.1,10.3,114.54
2024-08-25 19:00:00,19,6,8,1,0,0,39.0,71.8,6.6,99.48
2024-08-25 20:00:00,20,6,8,1,0,0,35.3,71.9,5.0,83.36
2024-08-25 21:00:00,21,6,8,1,0,0,38.5,75.2,6.6,101.84
2024-08-25 22:00:00,22,6,8,1,0,0,33.6,79.3,6.4,80.75
2024-08-25 23:00:00,23,6,8,1,0,0,30.3,69.5,3.1,62.53
2024-08-26 00:00:00,0,0,8,0,0,0,32.5,74.1,6.3,73.1
2024-08-26 01:00:00,1,0,8,0,0,0,31.0,87.1,5.5,68.47
2024-08-26 02:00:00,2,0,8,0,0,0,30.8,80.3,5.3,67.66
2024-08-26 03:00:00,3,0,8,0,0,0,29.5,81.6,9.8,67.32
2024-08-26 04:00:00,4,0,8,0,0,0,31.8,81.9,5.9,69.15
2024-08-26 05:00:00,5,0,8,0,0,0,31.5,77.5,7.8,74.51
2024-08-26 06:00:00,6,0,8,0,0,0,34.3,78.7,6.0,79.82
2024-08-26 07:00:00,7,0,8,0,0,0,31.5,80.3,8.6,71.32
2024-08-26 08:00:00,8,0,8,0,1,0,35.8,76.6,66.6,160.46
2024-08-26 09:00:00,9,0,8,0,1,0,41.4,69.2,54.9,183.56
2024-08-26 10:00:00,10,0,8,0,1,1,38.4,73.3,89.0,226.52
2024-08-26 11:00:00,11,0,8,0,1,1,40.1,69.1,92.4,242.97
2024-08-26 12:00:00,12,0,8,0,1,1,41.4,70.6,81.4,247.14
2024-08-26 13:00:00,13,0,8,0,1,1,40.7,66.3,70.7,213.02
2024-08-26 14:00:00,14,0,8,0,1,1,39.1,69.0,80.5,209.41
2024-08-26 15:00:00,15,0,8,0,1,1,42.4,68.7,77.1,238.92
2024-08-26 16:00:00,16,0,8,0,1,1,42.5,66.0,84.3,243.71
2024-08-26 17:00:00,17,0,8,0,1,0,41.1,68.7,29.5,138.68
2024-08-26 18:00:00,18,0,8,0,1,0,39.6,71.1,41.4,144.79
2024-08-26 19:00:00,19,0,8,0,0,0,38.3,74.3,25.9,120.24
2024-08-26 20:00:00,20,0,8,0,0,0,38.4,76.4,4.8,90.81
2024-08-26 21:00:00,21,0,8,0,0,0,34.6,73.4,8.2,86.83
2024-08-26 22:00:00,22,0,8,0,0,0,32.3,82.2,8.7,74.8
2024-08-26 23:00:00,23,0,8,0,0,0,31.5,81.2,9.8,76.44
2024-08-27 00:00:00,0,1,8,0,0,0,31.8,79.3,6.1,75.27
2024-08-27 01:00:00,1,1,8,0,0,0,32.7,77.2,10.7,84.42
2024-08-27 02:00:00,2,1,8,0,0,0,28.8,80.6,11.6,67.23
2024-08-27 03:00:00,3,1,8,0,0,0,30.3,83.0,8.0,70.85
2024-08-27 04:00:00,4,1,8,0,0,0,31.4,82.4,10.1,76.61
2024-08-27 05:00:00,5,1,8,0,0,0,30.0,83.8,8.2,73.16
2024-08-27 06:00:00,6,1,8,0,0,0,33.2,76.4,4.6,78.48
2024-08-27 07:00:00,7,1,8,0,0,0,32.1,79.2,6.6,78.55
2024-08-27 08:00:00,8,1,8,0,1,0,33.2,81.6,47.6,116.49
2024-08-27 09:00:00,9,1,8,0,1,0,38.8,69.8,74.7,188.3
2024-08-27 10:00:00,10,1,8,0,1,1,39.0,70.9,83.4,221.6
2024-08-27 11:00:00,11,1,8,0,1,1,41.4,70.6,89.5,245.37
2024-08-27 12:00:00,12,1,8,0,1,1,42.0,73.7,84.3,248.5
2024-08-27 13:00:00,13,1,8,0,1,1,40.9,74.5,69.8,211.5
2024-08-27 14:00:00,14,1,8,0,1,1,42.8,68.6,78.6,241.31
2024-08-27 15:00:00,15,1,8,0,1,1,40.5,65.1,88.3,232.93
2024-08-27 16:00:00,16,1,8,0,1,1,44.6,69.3,76.9,262.99
2024-08-27 17:00:00,17,1,8,0,1,0,38.6,68.8,42.9,146.72
2024-08-27 18:00:00,18,1,8,0,1,0,39.3,66.0,41.8,147.43
2024-08-27 19:00:00,19,1,8,0,0,0,36.2,69.1,38.6,129.24
2024-08-27 20:00:00,20,1,8,0,0,0,37.4,74.6,4.5,89.42
2024-08-27 21:00:00,21,1,8,0,0,0,34.1,81.1,5.7,80.34
2024-08-27 22:00:00,22,1,8,0,0,0,32.2,77.1,10.9,78.95
2024-08-27 23:00:00,23,1,8,0,0,0,33.4,77.0,5.0,79.46
2024-08-28 00:00:00,0,2,8,0,0,0,30.7,82.7,5.2,68.99
2024-08-28 01:00:00,1,2,8,0,0,0,30.9,71.7,8.4,66.07
2024-08-28 02:00:00,2,2,8,0,0,0,28.0,82.0,6.2,56.91
2024-08-28 03:00:00,3,2,8,0,0,0,27.4,80.3,5.8,55.93
2024-08-28 04:00:00,4,2,8,0,0,0,30.8,80.2,8.6,73.51
2024-08-28 05:00:00,5,2,8,0,0,0,31.1,75.8,7.0,73.26
2024-08-28 06:00:00,6,2,8,0,0,0,34.1,72.4,5.1,84.93
2024-08-28 07:00:00,7,2,8,0,0,0,34.4,76.0,8.3,80.97
2024-08-28 08:00:00,8,2,8,0,1,0,36.6,80.5,56.6,156.15
2024-08-28 09:00:00,9,2,8,0,1,0,35.0,78.4,67.0,147.88
2024-08-28 10:00:00,10,2,8,0,1,1,42.9,67.4,81.5,252.26
2024-08-28 11:00:00,11,2,8,0,1,1,40.6,65.7,89.3,238.39
2024-08-28 12:00:00,12,2,8,0,1,1,43.1,62.6,86.5,264.74
2024-08-28 13:00:00,13,2,8,0,1,1,41.0,76.1,66.1,203.66
2024-08-28 14:00:00,14,2,8,0,1,1,43.3,65.4,78.9,249.22
2024-08-28 15:00:00,15,2,8,0,1,1,40.2,70.1,75.5,209.27
2024-08-28 16:00:00,16,2,8,0,1,1,42.7,74.9,89.4,261.12
2024-08-28 17:00:00,17,2,8,0,1,0,40.2,64.9,31.5,140.39
2024-08-28 18:00:00,18,2,8,0,1,0,39.6,77.7,38.6,147.44
2024-08-28 19:00:00,19,2,8,0,0,0,39.2,71.0,44.0,150.53
2024-08-28 20:00:00,20,2,8,0,0,0,34.0,71.1,8.5,81.94
2024-08-28 21:00:00,21,2,8,0,0,0,33.3,75.2,7.2,80.78
2024-08-28 22:00:00,22,2,8,0,0,0,33.8,72.9,6.1,84.73
2024-08-28 23:00:00,23,2,8,0,0,0,35.4,76.5,11.5,87.19
2024-08-29 00:00:00,0,3,8,0,0,0,30.2,75.8,9.5,66.31
2024-08-29 01:00:00,1,3,8,0,0,0,30.9,70.2,9.3,73.9
2024-08-29 02:00:00,2,3,8,0,0,0,29.4,78.0,7.4,65.43
2024-08-29 03:00:00,3,3,8,0,0,0,33.3,70.8,10.8,83.35
2024-08-29 04:00:00,4,3,8,0,0,0,27.3,81.2,9.7,62.24
2024-08-29 05:00:00,5,3,8,0,0,0,31.7,72.6,6.3,74.74
2024-08-29 06:00:00,6,3,8,0,0,0,29.9,76.6,8.8,68.41
2024-08-29 07:00:00,7,3,8,0,0,0,29.9,79.3,7.4,64.17
2024-08-29 08:00:00,8,3,8,0,1,0,36.6,73.0,45.2,135.38
2024-08-29 09:00:00,9,3,8,0,1,0,38.0,73.9,69.2,176.78
2024-08-29 10:00:00,10,3,8,0,1,1,38.8,75.1,81.8,213.39
2024-08-29 11:00:00,11,3,8,0,1,1,40.5,66.5,87.6,234.33
2024-08-29 12:00:00,12,3,8,0,1,1,47.3,66.1,85.0,295.8
2024-08-29 13:00:00,13,3,8,0,1,1,41.9,56.9,65.1,212.13
2024-08-29 14:00:00,14,3,8,0,1,1,43.5,70.0,83.1,254.33
2024-08-29 15:00:00,15,3,8,0,1,1,41.2,69.5,91.9,243.67
2024-08-29 16:00:00,16,3,8,0,1,1,42.2,66.0,81.9,234.69
2024-08-29 17:00:00,17,3,8,0,1,0,40.3,72.6,28.6,132.33
2024-08-29 18:00:00,18,3,8,0,1,0,38.6,77.2,37.3,141.76
2024-08-29 19:00:00,19,3,8,0,0,0,41.0,68.9,29.7,148.62
2024-08-29 20:00:00,20,3,8,0,0,0,38.2,69.0,4.8,91.19
2024-08-29 21:00:00,21,3,8,0,0,0,34.7,75.9,4.4,80.12
2024-08-29 22:00:00,22,3,8,0,0,0,28.7,74.1,4.2,59.4
2024-08-29 23:00:00,23,3,8,0,0,0,30.8,75.3,7.4,71.6
2024-08-30 00:00:00,0,4,8,0,0,0,35.2,79.7,7.4,84.16
2024-08-30 01:00:00,1,4,8,0,0,0,29.2,79.3,5.5,65.11
2024-08-30 02:00:00,2,4,8,0,0,0,31.4,70.0,10.3,77.83
2024-08-30 03:00:00,3,4,8,0,0,0,32.2,69.8,5.0,69.16
2024-08-30 04:00:00,4,4,8,0,0,0,30.7,78.7,11.3,75.16
2024-08-30 05:00:00,5,4,8,0,0,0,29.8,82.1,8.7,63.18
2024-08-30 06:00:00,6,4,8,0,0,0,28.3,73.2,4.2,59.68
2024-08-30 07:00:00,7,4,8,0,0,0,35.5,76.4,11.7,91.24
2024-08-30 08:00:00,8,4,8,0,1,0,34.5,80.7,54.2,135.64
2024-08-30 09:00:00,9,4,8,0,1,0,37.9,80.5,58.5,161.68
2024-08-30 10:00:00,10,4,8,0,1,1,36.9,75.0,84.3,203.63
2024-08-30 11:00:00,11,4,8,0,1,1,40.0,73.5,90.9,236.09
2024-08-30 12:00:00,12,4,8,0,1,1,41.6,61.8,87.3,248.95
2024-08-30 13:00:00,13,4,8,0,1,1,42.7,78.0,62.0,215.39
2024-08-30 14:00:00,14,4,8,0,1,1,40.4,68.9,76.8,220.56
2024-08-30 15:00:00,15,4,8,0,1,1,44.4,64.7,87.3,274.8
2024-08-30 16:00:00,16,4,8,0,1,1,40.5,70.1,79.0,224.31
2024-08-30 17:00:00,17,4,8,0,1,0,37.5,79.3,27.8,125.7
2024-08-30 18:00:00,18,4,8,0,1,0,39.0,81.0,35.0,133.9
2024-08-30 19:00:00,19,4,8,0,0,0,37.7,73.6,41.1,139.47
2024-08-30 20:00:00,20,4,8,0,0,0,36.2,78.2,6.2,86.85
2024-08-30 21:00:00,21,4,8,0,0,0,36.7,74.0,6.2,93.16
2024-08-30 22:00:00,22,4,8,0,0,0,32.2,72.8,10.7,78.85
2024-08-30 23:00:00,23,4,8,0,0,0,31.1,83.6,5.2,69.91
2024-08-31 00:00:00,0,5,8,1,0,0,28.1,77.3,6.1,63.15
2024-08-31 01:00:00,1,5,8,1,0,0,30.9,84.0,7.8,70.65
2024-08-31 02:00:00,2,5,8,1,0,0,29.6,84.0,7.2,72.3
2024-08-31 03:00:00,3,5,8,1,0,0,28.7,81.9,3.3,62.47
2024-08-31 04:00:00,4,5,8,1,0,0,26.7,88.1,4.6,59.62
2024-08-31 05:00:00,5,5,8,1,0,0,33.8,84.8,3.7,76.31
2024-08-31 06:00:00,6,5,8,1,0,0,30.3,77.6,7.7,69.18
2024-08-31 07:00:00,7,5,8,1,0,0,33.0,73.2,7.9,81.39
2024-08-31 08:00:00,8,5,8,1,0,0,36.4,66.6,4.2,88.92
2024-08-31 09:00:00,9,5,8,1,0,0,35.3,83.8,6.3,81.19
2024-08-31 10:00:00,10,5,8,1,0,0,36.3,72.3,20.1,106.05
2024-08-31 11:00:00,11,5,8,1,0,0,36.5,78.5,12.8,99.08
2024-08-31 12:00:00,12,5,8,1,0,0,42.7,66.6,12.3,122.77
2024-08-31 13:00:00,13,5,8,1,0,0,41.0,77.0,10.1,113.72
2024-08-31 14:00:00,14,5,8,1,0,0,47.5,63.4,14.9,149.61
2024-08-31 15:00:00,15,5,8,1,0,0,40.2,66.6,20.8,117.19
2024-08-31 16:00:00,16,5,8,1,0,0,39.7,70.9,20.8,117.82
2024-08-31 17:00:00,17,5,8,1,0,0,39.3,69.9,11.5,110.49
2024-08-31 18:00:00,18,5,8,1,0,0,39.4,74.3,12.5,108.39
2024-08-31 19:00:00,19,5,8,1,0,0,36.6,73.7,5.0,88.96
2024-08-31 20:00:00,20,5,8,1,0,0,36.9,76.2,6.9,91.8
2024-08-31 21:00:00,21,5,8,1,0,0,32.3,75.7,6.1,71.89
2024-08-31 22:00:00,22,5,8,1,0,0,30.0,75.8,5.6,65.2
2024-08-31 23:00:00,23,5,8,1,0,0,27.9,77.6,6.0,61.98
2024-09-01 00:00:00,0,6,9,1,0,0,25.9,67.5,3.5,55.28
2024-09-01 01:00:00,1,6,9,1,0,0,28.4,58.5,5.4,68.81
2024-09-01 02:00:00,2,6,9,1,0,0,28.5,49.6,8.0,62.8
2024-09-01 03:00:00,3,6,9,1,0,0,28.2,55.7,3.4,64.89
2024-09-01 04:00:00,4,6,9,1,0,0,32.2,55.3,5.6,70.94
2024-09-01 05:00:00,5,6,9,1,0,0,33.2,61.6,4.5,77.43
2024-09-01 06:00:00,6,6,9,1,0,0,31.7,59.4,5.7,72.72
2024-09-01 07:00:00,7,6,9,1,0,0,30.7,52.3,5.9,68.74
2024-09-01 08:00:00,8,6,9,1,0,0,34.6,63.0,5.9,82.21
2024-09-01 09:00:00,9,6,9,1,0,0,36.2,52.0,7.3,87.69
2024-09-01 10:00:00,10,6,9,1,0,0,37.6,56.2,14.7,107.38
2024-09-01 11:00:00,11,6,9,1,0,0,38.9,45.6,16.2,109.37
2024-09-01 12:00:00,12,6,9,1,0,0,40.0,39.9,10.1,109.35
2024-09-01 13:00:00,13,6,9,1,0,0,41.2,43.0,19.5,129.65
2024-09-01 14:00:00,14,6,9,1,0,0,40.9,35.9,13.1,120.9
2024-09-01 15:00:00,15,6,9,1,0,0,42.2,56.4,19.8,135.57
2024-09-01 16:00:00,16,6,9,1,0,0,41.9,49.0,13.2,122.85
2024-09-01 17:00:00,17,6,9,1,0,0,38.5,46.9,10.1,100.15
2024-09-01 18:00:00,18,6,9,1,0,0,41.1,50.5,11.9,113.07
2024-09-01 19:00:00,19,6,9,1,0,0,35.5,53.4,7.9,84.15
2024-09-01 20:00:00,20,6,9,1,0,0,32.7,57.1,4.6,70.36
2024-09-01 21:00:00,21,6,9,1,0,0,34.6,58.1,3.5,79.5
2024-09-01 22:00:00,22,6,9,1,0,0,30.9,54.7,3.6,65.24
2024-09-01 23:00:00,23,6,9,1,0,0,31.6,51.9,4.6,74.57
2024-09-02 00:00:00,0,0,9,0,0,0,25.4,63.0,4.3,51.58
2024-09-02 01:00:00,1,0,9,0,0,0,31.6,58.6,8.1,74.51
2024-09-02 02:00:00,2,0,9,0,0,0,30.1,56.8,5.7,66.24
2024-09-02 03:00:00,3,0,9,0,0,0,26.4,67.7,8.2,54.24
2024-09-02 04:00:00,4,0,9,0,0,0,27.1,56.8,5.1,61.53
2024-09-02 05:00:00,5,0,9,0,0,0,33.8,50.2,7.4,83.29
2024-09-02 06:00:00,6,0,9,0,0,0,30.8,57.6,8.8,74.83
2024-09-02 07:00:00,7,0,9,0,0,0,32.2,52.3,4.5,74.47
2024-09-02 08:00:00,8,0,9,0,1,0,31.3,57.6,57.0,118.66
2024-09-02 09:00:00,9,0,9,0,1,0,36.4,48.7,54.1,145.28
2024-09-02 10:00:00,10,0,9,0,1,1,38.2,49.2,83.6,215.32
2024-09-02 11:00:00,11,0,9,0,1,1,41.3,56.2,89.1,250.35
2024-09-02 12:00:00,12,0,9,0,1,1,38.5,48.9,88.8,227.76
2024-09-02 13:00:00,13,0,9,0,1,1,38.9,47.1,69.5,201.4
2024-09-02 14:00:00,14,0,9,0,1,1,42.7,52.3,77.7,236.28
2024-09-02 15:00:00,15,0,9,0,1,1,43.5,42.8,79.9,252.49
2024-09-02 16:00:00,16,0,9,0,1,1,38.2,48.0,78.6,205.02
2024-09-02 17:00:00,17,0,9,0,1,0,41.9,50.5,35.8,156.03
2024-09-02 18:00:00,18,0,9,0,1,0,38.7,54.2,34.2,134.16
2024-09-02 19:00:00,19,0,9,0,0,0,39.0,55.1,31.6,136.25
2024-09-02 20:00:00,20,0,9,0,0,0,35.3,49.8,10.3,92.75
2024-09-02 21:00:00,21,0,9,0,0,0,29.2,59.4,4.8,58.85
2024-09-02 22:00:00,22,0,9,0,0,0,31.9,53.3,11.8,83.18
2024-09-02 23:00:00,23,0,9,0,0,0,32.7,52.2,4.9,82.23
2024-09-03 00:00:00,0,1,9,0,0,0,28.0,62.7,10.2,63.6
2024-09-03 01:00:00,1,1,9,0,0,0,28.2,55.6,6.9,62.12
2024-09-03 02:00:00,2,1,9,0,0,0,28.4,58.7,10.9,70.49
2024-09-03 03:00:00,3,1,9,0,0,0,23.7,61.5,4.6,51.53
2024-09-03 04:00:00,4,1,9,0,0,0,32.6,50.4,7.0,76.46
2024-09-03 05:00:00,5,1,9,0,0,0,29.0,61.1,6.7,70.74
2024-09-03 06:00:00,6,1,9,0,0,0,32.9,56.7,11.9,78.32
2024-09-03 07:00:00,7,1,9,0,0,0,33.4,46.2,11.9,81.98
2024-09-03 08:00:00,8,1,9,0,1,0,37.5,52.4,50.7,151.44
2024-09-03 09:00:00,9,1,9,0,1,0,37.6,48.1,63.9,162.48
2024-09-03 10:00:00,10,1,9,0,1,1,38.0,55.3,88.0,221.02
2024-09-03 11:00:00,11,1,9,0,1,1,38.2,45.0,82.3,209.0
2024-09-03 12:00:00,12,1,9,0,1,1,42.3,46.5,82.5,251.65
2024-09-03 13:00:00,13,1,9,0,1,1,38.1,52.3,74.8,205.68
2024-09-03 14:00:00,14,1,9,0,1,1,42.9,47.7,82.7,246.96
2024-09-03 15:00:00,15,1,9,0,1,1,39.5,52.9,77.1,216.94
2024-09-03 16:00:00,16,1,9,0,1,1,43.1,41.3,78.7,238.0
2024-09-03 17:00:00,17,1,9,0,1,0,40.1,56.0,30.4,136.81
2024-09-03 18:00:00,18,1,9,0,1,0,39.6,51.9,35.2,138.05
2024-09-03 19:00:00,19,1,9,0,0,0,37.0,57.0,31.7,124.72
2024-09-03 20:00:00,20,1,9,0,0,0,32.1,58.5,7.6,73.17
2024-09-03 21:00:00,21,1,9,0,0,0,32.0,55.1,5.3,74.61
2024-09-03 22:00:00,22,1,9,0,0,0,33.2,49.1,6.6,78.1
2024-09-03 23:00:00,23,1,9,0,0,0,30.9,53.6,4.6,65.41
2024-09-04 00:00:00,0,2,9,0,0,0,31.5,61.8,11.1,81.28
2024-09-04 01:00:00,1,2,9,0,0,0,29.5,62.4,5.6,69.72
2024-09-04 02:00:00,2,2,9,0,0,0,26.8,56.3,10.1,62.21
2024-09-04 03:00:00,3,2,9,0,0,0,27.3,47.1,6.8,59.19
2024-09-04 04:00:00,4,2,9,0,0,0,29.6,55.9,7.8,64.09
2024-09-04 05:00:00,5,2,9,0,0,0,26.3,57.9,6.3,60.43
2024-09-04 06:00:00,6,2,9,0,0,0,34.8,52.1,9.6,89.8
2024-09-04 07:00:00,7,2,9,0,0,0,34.1,55.7,10.8,83.3
2024-09-04 08:00:00,8,2,9,0,1,0,37.2,55.0,53.6,149.75
2024-09-04 09:00:00,9,2,9,0,1,0,33.9,57.7,52.3,132.24
2024-09-04 10:00:00,10,2,9,0,1,1,40.5,50.9,90.2,242.51
2024-09-04 11:00:00,11,2,9,0,1,1,43.6,39.8,82.9,254.88
2024-09-04 12:00:00,12,2,9,0,1,1,38.3,49.3,89.6,224.9
2024-09-04 13:00:00,13,2,9,0,1,1,42.7,56.8,61.4,207.79
2024-09-04 14:00:00,14,2,9,0,1,1,41.5,49.9,85.5,244.61
2024-09-04 15:00:00,15,2,9,0,1,1,38.5,52.0,83.7,220.76
2024-09-04 16:00:00,16,2,9,0,1,1,41.6,49.8,76.9,226.51
2024-09-04 17:00:00,17,2,9,0,1,0,41.1,50.4,38.0,155.36
2024-09-04 18:00:00,18,2,9,0,1,0,37.2,41.9,33.9,127.89
2024-09-04 19:00:00,19,2,9,0,0,0,38.8,49.4,29.3,132.37
2024-09-04 20:00:00,20,2,9,0,0,0,32.0,54.9,6.8,75.07
2024-09-04 21:00:00,21,2,9,0,0,0,30.7,61.1,7.9,69.84
2024-09-04 22:00:00,22,2,9,0,0,0,32.0,55.3,4.7,69.52
2024-09-04 23:00:00,23,2,9,0,0,0,30.5,49.6,11.7,77.16
2024-09-05 00:00:00,0,3,9,0,0,0,27.9,59.7,9.3,65.28
2024-09-05 01:00:00,1,3,9,0,0,0,30.0,53.3,4.8,64.37
2024-09-05 02:00:00,2,3,9,0,0,0,29.3,52.1,10.6,71.96
2024-09-05 03:00:00,3,3,9,0,0,0,30.1,53.1,6.6,66.5
2024-09-05 04:00:00,4,3,9,0,0,0,29.0,59.4,8.8,66.52
2024-09-05 05:00:00,5,3,9,0,0,0,31.3,60.6,6.2,69.42
2024-09-05 06:00:00,6,3,9,0,0,0,30.8,57.9,9.9,75.0
2024-09-05 07:00:00,7,3,9,0,0,0,36.9,54.2,9.8,92.25
2024-09-05 08:00:00,8,3,9,0,1,0,33.4,56.0,61.6,137.0
2024-09-05 09:00:00,9,3,9,0,1,0,40.3,49.7,52.2,167.58
2024-09-05 10:00:00,10,3,9,0,1,1,38.2,53.5,83.8,212.71
2024-09-05 11:00:00,11,3,9,0,1,1,37.0,41.9,85.7,204.82
2024-09-05 12:00:00,12,3,9,0,1,1,42.9,47.9,82.2,250.13
2024-09-05 13:00:00,13,3,9,0,1,1,41.4,44.3,65.1,216.28
2024-09-05 14:00:00,14,3,9,0,1,1,42.9,52.1,86.6,253.4
2024-09-05 15:00:00,15,3,9,0,1,1,43.3,46.6,89.1,268.14
2024-09-05 16:00:00,16,3,9,0,1,1,41.1,48.9,80.7,227.22
2024-09-05 17:00:00,17,3,9,0,1,0,38.4,44.6,29.7,131.13
2024-09-05 18:00:00,18,3,9,0,1,0,39.9,53.6,41.7,152.99
2024-09-05 19:00:00,19,3,9,0,0,0,36.5,54.5,42.8,135.16
2024-09-05 20:00:00,20,3,9,0,0,0,36.1,54.5,7.3,85.58
2024-09-05 21:00:00,21,3,9,0,0,0,29.3,53.7,4.2,66.03
2024-09-05 22:00:00,22,3,9,0,0,0,32.4,51.7,9.6,78.63
2024-09-05 23:00:00,23,3,9,0,0,0,29.1,58.0,10.3,69.66
2024-09-06 00:00:00,0,4,9,0,0,0,32.0,52.3,4.1,71.23
2024-09-06 01:00:00,1,4,9,0,0,0,29.5,58.6,8.8,68.48
2024-09-06 02:00:00,2,4,9,0,0,0,28.6,48.8,8.7,62.39
2024-09-06 03:00:00,3,4,9,0,0,0,29.3,55.0,7.0,65.35
2024-09-06 04:00:00,4,4,9,0,0,0,27.2,65.6,10.0,60.94
2024-09-06 05:00:00,5,4,9,0,0,0,33.0,56.2,7.4,76.01
2024-09-06 06:00:00,6,4,9,0,0,0,35.0,53.7,9.4,88.11
2024-09-06 07:00:00,7,4,9,0,0,0,33.7,61.9,8.1,82.64
2024-09-06 08:00:00,8,4,9,0,1,0,37.5,41.9,52.5,153.21
2024-09-06 09:00:00,9,4,9,0,1,0,35.3,49.5,63.2,151.29
2024-09-06 10:00:00,10,4,9,0,1,1,36.5,50.3,91.1,205.61
2024-09-06 11:00:00,11,4,9,0,1,1,39.3,53.4,94.6,232.35
2024-09-06 12:00:00,12,4,9,0,1,1,41.1,52.2,85.7,244.26
2024-09-06 13:00:00,13,4,9,0,1,1,40.2,45.9,61.0,195.69
2024-09-06 14:00:00,14,4,9,0,1,1,42.1,52.0,91.8,266.64
2024-09-06 15:00:00,15,4,9,0,1,1,41.5,46.8,85.6,236.1
2024-09-06 16:00:00,16,4,9,0,1,1,38.5,55.4,91.1,229.33
2024-09-06 17:00:00,17,4,9,0,1,0,40.2,45.2,27.1,134.42
2024-09-06 18:00:00,18,4,9,0,1,0,39.5,49.4,31.8,131.24
2024-09-06 19:00:00,19,4,9,0,0,0,36.7,49.8,27.7,121.24
2024-09-06 20:00:00,20,4,9,0,0,0,36.7,56.0,10.7,96.58
2024-09-06 21:00:00,21,4,9,0,0,0,30.8,53.8,11.0,77.4
2024-09-06 22:00:00,22,4,9,0,0,0,32.3,54.7,8.0,80.06
2024-09-06 23:00:00,23,4,9,0,0,0,28.0,59.9,5.5,62.1
2024-09-07 00:00:00,0,5,9,1,0,0,26.8,60.9,3.6,48.95
2024-09-07 01:00:00,1,5,9,1,0,0,27.1,62.1,5.9,59.17
2024-09-07 02:00:00,2,5,9,1,0,0,26.3,59.9,5.5,57.05
2024-09-07 03:00:00,3,5,9,1,0,0,27.2,56.8,6.5,55.97
2024-09-07 04:00:00,4,5,9,1,0,0,28.5,56.2,4.5,55.59
2024-09-07 05:00:00,5,5,9,1,0,0,31.4,55.6,5.0,71.97
2024-09-07 06:00:00,6,5,9,1,0,0,30.6,57.1,3.1,62.18
2024-09-07 07:00:00,7,5,9,1,0,0,29.9,56.0,6.1,73.44
2024-09-07 08:00:00,8,5,9,1,0,0,36.5,52.0,5.1,88.95
2024-09-07 09:00:00,9,5,9,1,0,0,34.6,47.2,7.6,88.48
2024-09-07 10:00:00,10,5,9,1,0,0,37.6,53.8,17.7,108.44
2024-09-07 11:00:00,11,5,9,1,0,0,39.9,50.3,14.8,116.93
2024-09-07 12:00:00,12,5,9,1,0,0,40.5,53.2,13.2,115.04
2024-09-07 13:00:00,13,5,9,1,0,0,42.7,47.6,20.9,139.82
2024-09-07 14:00:00,14,5,9,1,0,0,41.8,41.3,10.2,109.53
2024-09-07 15:00:00,15,5,9,1,0,0,39.2,48.6,13.9,113.08
2024-09-07 16:00:00,16,5,9,1,0,0,44.0,45.9,21.3,145.84
2024-09-07 17:00:00,17,5,9,1,0,0,39.4,52.9,17.8,115.98
2024-09-07 18:00:00,18,5,9,1,0,0,37.5,43.0,16.4,104.93
2024-09-07 19:00:00,19,5,9,1,0,0,37.9,51.1,4.0,90.89
2024-09-07 20:00:00,20,5,9,1,0,0,34.9,55.1,7.2,85.69
2024-09-07 21:00:00,21,5,9,1,0,0,33.5,51.4,4.0,80.22
2024-09-07 22:00:00,22,5,9,1,0,0,35.7,52.8,4.2,82.44
2024-09-07 23:00:00,23,5,9,1,0,0,29.4,54.4,4.0,58.0
2024-09-08 00:00:00,0,6,9,1,0,0,28.1,54.9,3.8,67.57
2024-09-08 01:00:00,1,6,9,1,0,0,28.2,56.1,7.8,65.44
2024-09-08 02:00:00,2,6,9,1,0,0,29.7,53.9,6.0,64.89
2024-09-08 03:00:00,3,6,9,1,0,0,25.3,62.5,6.2,58.45
2024-09-08 04:00:00,4,6,9,1,0,0,25.1,57.0,7.8,58.42
2024-09-08 05:00:00,5,6,9,1,0,0,28.6,53.9,4.2,62.91
2024-09-08 06:00:00,6,6,9,1,0,0,28.1,64.9,3.0,57.41
2024-09-08 07:00:00,7,6,9,1,0,0,31.8,59.1,6.0,74.92
2024-09-08 08:00:00,8,6,9,1,0,0,35.2,45.4,5.5,87.38
2024-09-08 09:00:00,9,6,9,1,0,0,34.4,50.4,5.4,75.46
2024-09-08 10:00:00,10,6,9,1,0,0,35.0,54.0,10.7,89.9
2024-09-08 11:00:00,11,6,9,1,0,0,39.0,51.5,15.5,112.51
2024-09-08 12:00:00,12,6,9,1,0,0,41.5,42.5,13.5,120.55
2024-09-08 13:00:00,13,6,9,1,0,0,37.5,55.9,13.3,102.42
2024-09-08 14:00:00,14,6,9,1,0,0,42.3,51.2,12.7,125.83
2024-09-08 15:00:00,15,6,9,1,0,0,42.0,50.0,14.0,122.0
2024-09-08 16:00:00,16,6,9,1,0,0,41.6,53.8,14.2,121.18
2024-09-08 17:00:00,17,6,9,1,0,0,41.1,50.5,13.7,119.24
2024-09-08 18:00:00,18,6,9,1,0,0,41.5,50.2,21.7,131.37
2024-09-08 19:00:00,19,6,9,1,0,0,35.3,59.0,7.7,82.39
2024-09-08 20:00:00,20,6,9,1,0,0,34.5,57.8,5.9,82.56
2024-09-08 21:00:00,21,6,9,1,0,0,31.8,51.9,7.9,75.4
2024-09-08 22:00:00,22,6,9,1,0,0,31.0,58.3,8.0,70.95
2024-09-08 23:00:00,23,6,9,1,0,0,32.4,52.2,4.8,73.11
2024-09-09 00:00:00,0,0,9,0,0,0,26.0,61.3,7.6,47.11
2024-09-09 01:00:00,1,0,9,0,0,0,26.3,61.0,11.7,65.09
2024-09-09 02:00:00,2,0,9,0,0,0,30.1,50.9,8.9,72.94
2024-09-09 03:00:00,3,0,9,0,0,0,29.6,56.3,5.7,61.29
2024-09-09 04:00:00,4,0,9,0,0,0,27.8,59.1,9.5,61.41
2024-09-09 05:00:00,5,0,9,0,0,0,31.0,54.1,5.6,74.44
2024-09-09 06:00:00,6,0,9,0,0,0,31.4,56.8,6.7,68.47
2024-09-09 07:00:00,7,0,9,0,0,0,35.1,56.2,5.8,85.42
2024-09-09 08:00:00,8,0,9,0,1,0,34.2,53.4,52.3,130.92
2024-09-09 09:00:00,9,0,9,0,1,0,37.6,52.1,45.1,144.84
2024-09-09 10:00:00,10,0,9,0,1,1,42.1,53.6,93.2,262.38
2024-09-09 11:00:00,11,0,9,0,1,1,39.8,51.5,84.4,227.94
2024-09-09 12:00:00,12,0,9,0,1,1,39.8,50.4,81.3,228.8
2024-09-09 13:00:00,13,0,9,0,1,1,41.7,44.5,61.3,206.07
2024-09-09 14:00:00,14,0,9,0,1,1,39.9,52.3,84.5,217.42
2024-09-09 15:00:00,15,0,9,0,1,1,44.7,47.5,91.9,279.32
2024-09-09 16:00:00,16,0,9,0,1,1,40.0,54.6,77.5,221.6
2024-09-09 17:00:00,17,0,9,0,1,0,38.2,50.9,27.0,118.08
2024-09-09 18:00:00,18,0,9,0,1,0,35.8,45.2,33.8,120.98
2024-09-09 19:00:00,19,0,9,0,0,0,37.7,44.3,36.3,132.2
2024-09-09 20:00:00,20,0,9,0,0,0,35.6,55.5,6.4,87.53
2024-09-09 21:00:00,21,0,9,0,0,0,31.5,53.2,6.4,73.86
2024-09-09 22:00:00,22,0,9,0,0,0,31.9,56.9,7.4,76.94
2024-09-09 23:00:00,23,0,9,0,0,0,26.8,59.2,6.5,59.71
2024-09-10 00:00:00,0,1,9,0,0,0,28.6,56.8,11.3,64.35
2024-09-10 01:00:00,1,1,9,0,0,0,28.4,57.2,4.3,62.72
2024-09-10 02:00:00,2,1,9,0,0,0,30.5,52.7,5.9,69.23
2024-09-10 03:00:00,3,1,9,0,0,0,26.2,59.1,10.5,67.03
2024-09-10 04:00:00,4,1,9,0,0,0,26.0,57.0,10.7,59.7
2024-09-10 05:00:00,5,1,9,0,0,0,27.7,56.6,4.9,60.69
2024-09-10 06:00:00,6,1,9,0,0,0,28.2,56.5,11.8,66.38
2024-09-10 07:00:00,7,1,9,0,0,0,34.6,52.4,9.5,86.46
2024-09-10 08:00:00,8,1,9,0,1,0,36.7,55.5,53.2,148.32
2024-09-10 09:00:00,9,1,9,0,1,0,36.1,51.7,58.7,149.98
2024-09-10 10:00:00,10,1,9,0,1,1,39.3,54.1,84.5,220.17
2024-09-10 11:00:00,11,1,9,0,1,1,38.7,56.6,82.3,212.7
2024-09-10 12:00:00,12,1,9,0,1,1,39.3,53.4,84.4,226.72
2024-09-10 13:00:00,13,1,9,0,1,1,39.6,51.9,68.7,204.77
2024-09-10 14:00:00,14,1,9,0,1,1,39.8,50.9,89.0,234.49
2024-09-10 15:00:00,15,1,9,0,1,1,37.4,54.8,81.2,206.06
2024-09-10 16:00:00,16,1,9,0,1,1,40.0,49.9,80.9,223.66
2024-09-10 17:00:00,17,1,9,0,1,0,38.4,54.6,34.4,135.44
2024-09-10 18:00:00,18,1,9,0,1,0,38.5,53.0,37.9,137.32
2024-09-10 19:00:00,19,1,9,0,0,0,35.7,51.1,40.0,123.31
2024-09-10 20:00:00,20,1,9,0,0,0,33.6,57.6,6.6,84.99
2024-09-10 21:00:00,21,1,9,0,0,0,30.6,56.4,8.7,68.39
2024-09-10 22:00:00,22,1,9,0,0,0,30.8,55.5,7.1,65.73
2024-09-10 23:00:00,23,1,9,0,0,0,30.6,54.2,9.7,69.93
2024-09-11 00:00:00,0,2,9,0,0,0,26.0,60.0,5.3,56.25
2024-09-11 01:00:00,1,2,9,0,0,0,27.6,62.2,6.1,60.42
2024-09-11 02:00:00,2,2,9,0,0,0,27.6,61.7,7.4,67.3
2024-09-11 03:00:00,3,2,9,0,0,0,26.1,60.6,11.1,57.78
2024-09-11 04:00:00,4,2,9,0,0,0,27.0,61.0,8.6,61.37
2024-09-11 05:00:00,5,2,9,0,0,0,29.5,61.9,11.7,74.29
2024-09-11 06:00:00,6,2,9,0,0,0,28.4,57.0,4.8,59.18
2024-09-11 07:00:00,7,2,9,0,0,0,32.6,50.2,7.7,79.45
2024-09-11 08:00:00,8,2,9,0,1,0,32.1,60.2,57.6,120.29
2024-09-11 09:00:00,9,2,9,0,1,0,37.3,49.3,63.0,170.13
2024-09-11 10:00:00,10,2,9,0,1,1,41.1,46.0,92.2,248.88
2024-09-11 11:00:00,11,2,9,0,1,1,36.7,44.6,92.6,215.69
2024-09-11 12:00:00,12,2,9,0,1,1,40.3,51.6,90.1,241.11
2024-09-11 13:00:00,13,2,9,0,1,1,38.7,43.9,69.6,207.16
2024-09-11 14:00:00,14,2,9,0,1,1,42.1,45.0,91.1,252.84
2024-09-11 15:00:00,15,2,9,0,1,1,37.7,53.5,81.5,209.46
2024-09-11 16:00:00,16,2,9,0,1,1,40.2,52.2,89.2,243.91
2024-09-11 17:00:00,17,2,9,0,1,0,36.7,49.2,43.4,136.46
2024-09-11 18:00:00,18,2,9,0,1,0,36.6,51.3,34.8,126.48
2024-09-11 19:00:00,19,2,9,0,0,0,33.5,50.6,39.6,115.02
2024-09-11 20:00:00,20,2,9,0,0,0,35.2,50.7,7.0,88.49
2024-09-11 21:00:00,21,2,9,0,0,0,30.5,57.2,5.3,69.59
2024-09-11 22:00:00,22,2,9,0,0,0,31.4,53.5,8.7,74.47
2024-09-11 23:00:00,23,2,9,0,0,0,28.5,56.6,5.6,55.54
2024-09-12 00:00:00,0,3,9,0,0,0,27.6,52.3,7.7,63.56
2024-09-12 01:00:00,1,3,9,0,0,0,27.5,62.8,11.0,66.28
2024-09-12 02:00:00,2,3,9,0,0,0,25.6,61.6,4.7,50.19
2024-09-12 03:00:00,3,3,9,0,0,0,27.6,61.4,4.2,54.87
2024-09-12 04:00:00,4,3,9,0,0,0,30.6,61.2,8.9,73.33
2024-09-12 05:00:00,5,3,9,0,0,0,27.5,54.9,6.6,60.95
2024-09-12 06:00:00,6,3,9,0,0,0,32.3,53.5,7.3,69.44
2024-09-12 07:00:00,7,3,9,0,0,0,34.5,45.8,7.2,80.71
2024-09-12 08:00:00,8,3,9,0,1,0,32.0,67.7,47.6,116.48
2024-09-12 09:00:00,9,3,9,0,1,0,32.5,54.2,45.1,117.68
2024-09-12 10:00:00,10,3,9,0,1,1,37.3,55.5,93.5,222.35
2024-09-12 11:00:00,11,3,9,0,1,1,37.1,46.6,83.3,207.43
2024-09-12 12:00:00,12,3,9,0,1,1,42.5,51.7,86.4,250.73
2024-09-12 13:00:00,13,3,9,0,1,1,39.8,57.1,74.6,223.2
2024-09-12 14:00:00,14,3,9,0,1,1,38.5,50.3,89.1,225.02
2024-09-12 15:00:00,15,3,9,0,1,1,37.7,47.1,76.8,203.03
2024-09-12 16:00:00,16,3,9,0,1,1,41.1,48.2,83.6,237.45
2024-09-12 17:00:00,17,3,9,0,1,0,37.0,42.7,39.6,129.12
2024-09-12 18:00:00,18,3,9,0,1,0,36.8,51.6,39.0,137.14
2024-09-12 19:00:00,19,3,9,0,0,0,36.9,55.0,40.2,132.82
2024-09-12 20:00:00,20,3,9,0,0,0,32.6,54.5,7.7,75.92
2024-09-12 21:00:00,21,3,9,0,0,0,31.7,54.2,5.4,71.17
2024-09-12 22:00:00,22,3,9,0,0,0,30.2,58.5,7.7,67.24
2024-09-12 23:00:00,23,3,9,0,0,0,30.1,58.8,9.2,69.99
2024-09-13 00:00:00,0,4,9,0,0,0,28.7,50.8,8.9,65.82
2024-09-13 01:00:00,1,4,9,0,0,0,26.6,59.2,4.6,56.44
2024-09-13 02:00:00,2,4,9,0,0,0,26.9,68.4,4.5,53.02
2024-09-13 03:00:00,3,4,9,0,0,0,26.3,53.7,11.7,64.07
2024-09-13 04:00:00,4,4,9,0,0,0,25.0,59.7,5.2,51.53
2024-09-13 05:00:00,5,4,9,0,0,0,29.1,64.9,6.4,62.6
2024-09-13 06:00:00,6,4,9,0,0,0,33.4,58.5,10.1,80.31
2024-09-13 07:00:00,7,4,9,0,0,0,30.0,54.4,7.3,64.89
2024-09-13 08:00:00,8,4,9,0,1,0,31.9,56.0,50.4,118.64
2024-09-13 09:00:00,9,4,9,0,1,0,33.4,54.1,59.0,138.02
2024-09-13 10:00:00,10,4,9,0,1,1,37.8,48.0,88.5,218.91
2024-09-13 11:00:00,11,4,9,0,1,1,38.7,50.1,86.8,220.17
2024-09-13 12:00:00,12,4,9,0,1,1,38.6,49.4,93.8,225.34
2024-09-13 13:00:00,13,4,9,0,1,1,37.9,51.4,64.3,182.96
2024-09-13 14:00:00,14,4,9,0,1,1,39.9,46.6,86.2,232.2
2024-09-13 15:00:00,15,4,9,0,1,1,36.7,46.7,76.9,186.11
2024-09-13 16:00:00,16,4,9,0,1,1,39.2,49.9,81.7,218.2
2024-09-13 17:00:00,17,4,9,0,1,0,39.4,56.8,39.8,146.76
2024-09-13 18:00:00,18,4,9,0,1,0,34.3,53.8,29.5,102.91
2024-09-13 19:00:00,19,4,9,0,0,0,32.2,53.6,36.8,107.36
2024-09-13 20:00:00,20,4,9,0,0,0,36.1,55.2,5.2,92.09
2024-09-13 21:00:00,21,4,9,0,0,0,30.5,55.5,4.8,72.05
2024-09-13 22:00:00,22,4,9,0,0,0,32.1,62.5,8.2,74.13
2024-09-13 23:00:00,23,4,9,0,0,0,28.4,57.6,9.4,67.38
2024-09-14 00:00:00,0,5,9,1,0,0,27.1,61.3,3.6,58.6
2024-09-14 01:00:00,1,5,9,1,0,0,27.6,55.2,7.6,61.29
2024-09-14 02:00:00,2,5,9,1,0,0,25.0,62.0,4.1,53.05
2024-09-14 03:00:00,3,5,9,1,0,0,27.0,59.7,3.6,58.77
2024-09-14 04:00:00,4,5,9,1,0,0,26.8,58.5,4.0,59.24
2024-09-14 05:00:00,5,5,9,1,0,0,26.1,57.2,3.8,51.99
2024-09-14 06:00:00,6,5,9,1,0,0,30.4,53.7,3.5,68.34
2024-09-14 07:00:00,7,5,9,1,0,0,30.9,57.0,7.0,76.17
2024-09-14 08:00:00,8,5,9,1,0,0,32.8,57.1,5.5,78.41
2024-09-14 09:00:00,9,5,9,1,0,0,32.6,54.2,4.9,79.21
2024-09-14 10:00:00,10,5,9,1,0,0,39.2,51.2,21.4,112.23
2024-09-14 11:00:00,11,5,9,1,0,0,39.2,49.9,14.5,112.96
2024-09-14 12:00:00,12,5,9,1,0,0,40.4,49.6,12.0,113.56
2024-09-14 13:00:00,13,5,9,1,0,0,38.8,49.5,13.3,111.0
2024-09-14 14:00:00,14,5,9,1,0,0,36.5,52.0,12.9,94.08
2024-09-14 15:00:00,15,5,9,1,0,0,42.9,58.3,16.0,128.27
2024-09-14 16:00:00,16,5,9,1,0,0,38.6,51.7,13.5,110.02
2024-09-14 17:00:00,17,5,9,1,0,0,36.3,54.7,16.2,97.5
2024-09-14 18:00:00,18,5,9,1,0,0,37.1,53.3,18.0,107.31
2024-09-14 19:00:00,19,5,9,1,0,0,36.9,50.6,6.9,91.76
2024-09-14 20:00:00,20,5,9,1,0,0,33.0,59.6,6.6,76.79
2024-09-14 21:00:00,21,5,9,1,0,0,33.7,52.7,4.0,78.84
2024-09-14 22:00:00,22,5,9,1,0,0,31.8,59.5,3.6,66.81
2024-09-14 23:00:00,23,5,9,1,0,0,26.5,57.6,5.7,54.52
2024-09-15 00:00:00,0,6,9,1,0,0,26.0,55.5,4.0,54.06
2024-09-15 01:00:00,1,6,9,1,0,0,28.3,59.2,3.4,55.98
2024-09-15 02:00:00,2,6,9,1,0,0,21.5,58.0,5.6,55.97
2024-09-15 03:00:00,3,6,9,1,0,0,26.3,61.2,4.6,53.12
2024-09-15 04:00:00,4,6,9,1,0,0,24.7,55.4,6.8,56.43
2024-09-15 05:00:00,5,6,9,1,0,0,27.4,57.0,4.6,55.62
2024-09-15 06:00:00,6,6,9,1,0,0,29.1,51.4,7.9,68.29
2024-09-15 07:00:00,7,6,9,1,0,0,30.5,67.4,6.8,64.22
2024-09-15 08:00:00,8,6,9,1,0,0,31.9,48.6,3.3,74.9
2024-09-15 09:00:00,9,6,9,1,0,0,32.6,54.7,5.5,78.55
2024-09-15 10:00:00,10,6,9,1,0,0,40.2,53.9,16.8,116.92
2024-09-15 11:00:00,11,6,9,1,0,0,40.8,53.1,18.3,120.96
2024-09-15 12:00:00,12,6,9,1,0,0,36.4,55.4,16.0,102.53
2024-09-15 13:00:00,13,6,9,1,0,0,42.0,46.8,15.8,120.53
2024-09-15 14:00:00,14,6,9,1,0,0,38.6,55.9,14.4,108.45
2024-09-15 15:00:00,15,6,9,1,0,0,39.4,53.6,13.3,107.69
2024-09-15 16:00:00,16,6,9,1,0,0,38.4,51.5,21.4,115.95
2024-09-15 17:00:00,17,6,9,1,0,0,36.3,53.1,13.8,95.91
2024-09-15 18:00:00,18,6,9,1,0,0,37.9,49.8,10.8,98.13
2024-09-15 19:00:00,19,6,9,1,0,0,34.8,49.5,3.8,85.99
2024-09-15 20:00:00,20,6,9,1,0,0,32.0,60.0,7.3,77.25
2024-09-15 21:00:00,21,6,9,1,0,0,28.8,62.6,5.9,58.65
2024-09-15 22:00:00,22,6,9,1,0,0,28.0,54.4,6.9,59.15
2024-09-15 23:00:00,23,6,9,1,0,0,25.3,59.2,7.0,57.99
2024-09-16 00:00:00,0,0,9,0,0,0,27.0,58.0,10.6,65.32
2024-09-16 01:00:00,1,0,9,0,0,0,24.2,60.4,8.4,49.83
2024-09-16 02:00:00,2,0,9,0,0,0,25.7,59.8,5.4,57.15
2024-09-16 03:00:00,3,0,9,0,0,0,28.8,61.1,5.2,63.62
2024-09-16 04:00:00,4,0,9,0,0,0,29.2,54.1,8.6,60.74
2024-09-16 05:00:00,5,0,9,0,0,0,28.0,54.5,6.9,60.67
2024-09-16 06:00:00,6,0,9,0,0,0,29.2,62.0,8.5,66.43
2024-09-16 07:00:00,7,0,9,0,0,0,34.4,51.6,8.0,84.04
2024-09-16 08:00:00,8,0,9,0,1,0,33.6,48.9,63.1,136.57
2024-09-16 09:00:00,9,0,9,0,1,0,33.7,52.0,46.0,120.34
2024-09-16 10:00:00,10,0,9,0,1,1,33.3,52.9,80.5,176.72
2024-09-16 11:00:00,11,0,9,0,1,1,38.0,57.1,90.8,220.97
2024-09-16 12:00:00,12,0,9,0,1,1,39.8,53.3,82.9,227.38
2024-09-16 13:00:00,13,0,9,0,1,1,37.8,55.6,69.8,197.95
2024-09-16 14:00:00,14,0,9,0,1,1,39.7,53.0,84.3,231.92
2024-09-16 15:00:00,15,0,9,0,1,1,38.3,54.5,91.7,231.52
2024-09-16 16:00:00,16,0,9,0,1,1,37.9,48.2,89.2,219.74
2024-09-16 17:00:00,17,0,9,0,1,0,32.8,53.7,33.3,108.92
2024-09-16 18:00:00,18,0,9,0,1,0,35.5,48.7,37.3,120.88
2024-09-16 19:00:00,19,0,9,0,0,0,36.1,51.4,27.3,110.25
2024-09-16 20:00:00,20,0,9,0,0,0,31.5,58.2,7.1,75.45
2024-09-16 21:00:00,21,0,9,0,0,0,31.1,56.3,9.9,74.24
2024-09-16 22:00:00,22,0,9,0,0,0,28.0,63.1,9.0,66.06
2024-09-16 23:00:00,23,0,9,0,0,0,28.7,52.8,7.9,62.01
2024-09-17 00:00:00,0,1,9,0,0,0,26.4,61.0,5.4,58.61
2024-09-17 01:00:00,1,1,9,0,0,0,24.5,55.4,10.4,55.63
2024-09-17 02:00:00,2,1,9,0,0,0,28.3,58.1,6.2,60.73
2024-09-17 03:00:00,3,1,9,0,0,0,27.8,61.0,10.6,63.31
2024-09-17 04:00:00,4,1,9,0,0,0,25.7,58.7,8.9,59.15
2024-09-17 05:00:00,5,1,9,0,0,0,28.7,59.6,7.0,66.53
2024-09-17 06:00:00,6,1,9,0,0,0,30.2,52.5,4.3,64.92
2024-09-17 07:00:00,7,1,9,0,0,0,31.9,48.5,5.9,74.11
2024-09-17 08:00:00,8,1,9,0,1,0,29.4,59.1,71.7,125.32
2024-09-17 09:00:00,9,1,9,0,1,0,35.9,59.3,69.5,165.41
2024-09-17 10:00:00,10,1,9,0,1,1,34.7,49.2,88.6,191.08
2024-09-17 11:00:00,11,1,9,0,1,1,36.4,56.9,87.0,211.76
2024-09-17 12:00:00,12,1,9,0,1,1,42.8,47.7,89.7,264.07
2024-09-17 13:00:00,13,1,9,0,1,1,39.3,44.6,67.0,203.53
2024-09-17 14:00:00,14,1,9,0,1,1,38.2,46.2,86.0,219.49
2024-09-17 15:00:00,15,1,9,0,1,1,34.7,53.3,80.2,185.38
2024-09-17 16:00:00,16,1,9,0,1,1,40.6,47.5,89.3,235.98
2024-09-17 17:00:00,17,1,9,0,1,0,34.6,48.0,39.0,121.23
2024-09-17 18:00:00,18,1,9,0,1,0,33.9,47.0,31.6,110.34
2024-09-17 19:00:00,19,1,9,0,0,0,33.5,50.7,41.6,113.7
2024-09-17 20:00:00,20,1,9,0,0,0,35.0,53.8,7.9,83.51
2024-09-17 21:00:00,21,1,9,0,0,0,32.1,55.0,5.4,71.45
2024-09-17 22:00:00,22,1,9,0,0,0,28.9,55.3,4.6,59.77
2024-09-17 23:00:00,23,1,9,0,0,0,28.4,58.4,9.6,59.39
2024-09-18 00:00:00,0,2,9,0,0,0,25.5,63.8,10.9,51.53
2024-09-18 01:00:00,1,2,9,0,0,0,26.2,60.7,10.5,58.8
2024-09-18 02:00:00,2,2,9,0,0,0,25.9,58.9,9.2,59.09
2024-09-18 03:00:00,3,2,9,0,0,0,27.7,61.8,5.1,61.72
2024-09-18 04:00:00,4,2,9,0,0,0,28.3,53.9,4.8,56.66
2024-09-18 05:00:00,5,2,9,0,0,0,28.5,56.7,6.8,58.99
2024-09-18 06:00:00,6,2,9,0,0,0,28.3,56.9,10.8,64.45
2024-09-18 07:00:00,7,2,9,0,0,0,31.9,50.2,11.7,78.85
2024-09-18 08:00:00,8,2,9,0,1,0,32.1,53.4,52.2,123.9
2024-09-18 09:00:00,9,2,9,0,1,0,32.0,46.8,67.9,138.29
2024-09-18 10:00:00,10,2,9,0,1,1,34.7,60.9,88.6,185.66
2024-09-18 11:00:00,11,2,9,0,1,1,37.0,47.9,80.5,198.9
2024-09-18 12:00:00,12,2,9,0,1,1,39.5,56.2,88.1,231.44
2024-09-18 13:00:00,13,2,9,0,1,1,38.2,50.9,72.1,198.86
2024-09-18 14:00:00,14,2,9,0,1,1,36.5,54.2,79.7,194.39
2024-09-18 15:00:00,15,2,9,0,1,1,38.6,48.5,90.3,235.44
2024-09-18 16:00:00,16,2,9,0,1,1,38.1,51.7,79.0,203.5
2024-09-18 17:00:00,17,2,9,0,1,0,37.2,54.1,26.5,115.25
2024-09-18 18:00:00,18,2,9,0,1,0,37.1,54.2,28.2,116.94
2024-09-18 19:00:00,19,2,9,0,0,0,35.7,55.6,41.7,127.61
2024-09-18 20:00:00,20,2,9,0,0,0,31.2,54.2,7.3,67.09
2024-09-18 21:00:00,21,2,9,0,0,0,29.4,55.0,10.4,68.45
2024-09-18 22:00:00,22,2,9,0,0,0,27.1,52.2,8.2,60.1
2024-09-18 23:00:00,23,2,9,0,0,0,28.9,59.4,7.8,66.84
2024-09-19 00:00:00,0,3,9,0,0,0,29.0,61.5,10.5,69.98
2024-09-19 01:00:00,1,3,9,0,0,0,25.2,66.3,7.4,55.65
2024-09-19 02:00:00,2,3,9,0,0,0,25.1,61.2,10.4,52.15
2024-09-19 03:00:00,3,3,9,0,0,0,28.4,54.6,4.8,57.39
2024-09-19 04:00:00,4,3,9,0,0,0,27.3,51.6,9.1,59.89
2024-09-19 05:00:00,5,3,9,0,0,0,28.2,61.9,9.6,66.9
2024-09-19 06:00:00,6,3,9,0,0,0,26.6,51.7,11.2,63.6
2024-09-19 07:00:00,7,3,9,0,0,0,31.5,54.1,5.8,70.81
2024-09-19 08:00:00,8,3,9,0,1,0,30.3,55.4,63.1,128.96
2024-09-19 09:00:00,9,3,9,0,1,0,31.6,55.1,58.0,128.74
2024-09-19 10:00:00,10,3,9,0,1,1,34.6,53.4,85.7,197.55
2024-09-19 11:00:00,11,3,9,0,1,1,35.5,53.2,81.6,196.34
2024-09-19 12:00:00,12,3,9,0,1,1,37.2,41.8,82.0,205.44
2024-09-19 13:00:00,13,3,9,0,1,1,35.7,52.6,72.6,180.98
2024-09-19 14:00:00,14,3,9,0,1,1,40.2,40.4,87.7,229.11
2024-09-19 15:00:00,15,3,9,0,1,1,40.3,52.2,81.5,228.96
2024-09-19 16:00:00,16,3,9,0,1,1,34.1,51.4,89.1,184.24
2024-09-19 17:00:00,17,3,9,0,1,0,38.4,42.0,26.6,124.07
2024-09-19 18:00:00,18,3,9,0,1,0,33.8,50.6,37.5,113.62
2024-09-19 19:00:00,19,3,9,0,0,0,35.2,50.6,42.4,127.67
2024-09-19 20:00:00,20,3,9,0,0,0,31.9,59.9,10.7,71.11
2024-09-19 21:00:00,21,3,9,0,0,0,30.4,57.0,7.0,70.86
2024-09-19 22:00:00,22,3,9,0,0,0,28.4,59.0,10.0,65.95
2024-09-19 23:00:00,23,3,9,0,0,0,29.6,61.5,7.4,66.51
2024-09-20 00:00:00,0,4,9,0,0,0,23.9,60.4,10.7,58.67
2024-09-20 01:00:00,1,4,9,0,0,0,26.6,61.9,8.2,55.9
2024-09-20 02:00:00,2,4,9,0,0,0,27.3,61.1,10.1,61.89
2024-09-20 03:00:00,3,4,9,0,0,0,26.8,53.6,4.6,57.8
2024-09-20 04:00:00,4,4,9,0,0,0,30.3,62.2,8.7,67.78
2024-09-20 05:00:00,5,4,9,0,0,0,26.2,53.5,8.4,51.98
2024-09-20 06:00:00,6,4,9,0,0,0,30.3,60.0,8.9,67.01
2024-09-20 07:00:00,7,4,9,0,0,0,29.9,50.5,9.6,69.85
2024-09-20 08:00:00,8,4,9,0,1,0,34.0,56.1,72.5,152.86
2024-09-20 09:00:00,9,4,9,0,1,0,33.5,61.5,68.6,146.06
2024-09-20 10:00:00,10,4,9,0,1,1,34.3,52.6,83.3,177.23
2024-09-20 11:00:00,11,4,9,0,1,1,38.7,49.4,92.4,221.59
2024-09-20 12:00:00,12,4,9,0,1,1,36.5,54.4,81.8,194.41
2024-09-20 13:00:00,13,4,9,0,1,1,35.5,51.3,69.3,177.88
2024-09-20 14:00:00,14,4,9,0,1,1,37.4,58.6,90.0,217.94
2024-09-20 15:00:00,15,4,9,0,1,1,39.2,50.8,76.7,208.93
2024-09-20 16:00:00,16,4,9,0,1,1,39.9,48.3,89.4,232.51
2024-09-20 17:00:00,17,4,9,0,1,0,36.6,49.7,41.0,124.39
2024-09-20 18:00:00,18,4,9,0,1,0,37.4,47.6,35.1,128.34
2024-09-20 19:00:00,19,4,9,0,0,0,31.0,53.3,31.2,94.94
2024-09-20 20:00:00,20,4,9,0,0,0,31.0,54.4,7.2,70.61
2024-09-20 21:00:00,21,4,9,0,0,0,29.6,54.8,11.7,69.2
2024-09-20 22:00:00,22,4,9,0,0,0,28.3,55.1,5.6,56.61
2024-09-20 23:00:00,23,4,9,0,0,0,27.3,66.8,8.6,55.38
2024-09-21 00:00:00,0,5,9,1,0,0,27.2,54.3,3.4,58.1
2024-09-21 01:00:00,1,5,9,1,0,0,24.5,60.9,4.1,50.87
2024-09-21 02:00:00,2,5,9,1,0,0,25.3,62.2,6.8,53.94
2024-09-21 03:00:00,3,5,9,1,0,0,25.2,62.4,4.5,48.24
2024-09-21 04:00:00,4,5,9,1,0,0,24.3,60.3,7.9,50.95
2024-09-21 05:00:00,5,5,9,1,0,0,26.8,57.8,5.5,57.75
2024-09-21 06:00:00,6,5,9,1,0,0,28.1,59.6,5.6,62.05
2024-09-21 07:00:00,7,5,9,1,0,0,29.6,57.8,3.2,62.78
2024-09-21 08:00:00,8,5,9,1,0,0,31.6,54.3,7.8,78.33
2024-09-21 09:00:00,9,5,9,1,0,0,33.4,47.9,3.9,74.05
2024-09-21 10:00:00,10,5,9,1,0,0,34.0,51.8,16.5,95.94
2024-09-21 11:00:00,11,5,9,1,0,0,38.5,46.0,14.7,109.01
2024-09-21 12:00:00,12,5,9,1,0,0,35.1,50.3,15.0,94.89
2024-09-21 13:00:00,13,5,9,1,0,0,36.5,52.1,17.7,106.56
2024-09-21 14:00:00,14,5,9,1,0,0,43.1,48.8,17.9,131.83
2024-09-21 15:00:00,15,5,9,1,0,0,36.0,59.4,11.9,93.42
2024-09-21 16:00:00,16,5,9,1,0,0,34.8,51.0,16.0,90.56
2024-09-21 17:00:00,17,5,9,1,0,0,37.5,54.3,19.5,113.2
2024-09-21 18:00:00,18,5,9,1,0,0,31.1,57.0,15.3,80.61
2024-09-21 19:00:00,19,5,9,1,0,0,32.8,59.7,3.8,77.32
2024-09-21 20:00:00,20,5,9,1,0,0,35.4,55.0,4.6,84.21
2024-09-21 21:00:00,21,5,9,1,0,0,27.1,54.5,4.1,60.77
2024-09-21 22:00:00,22,5,9,1,0,0,24.7,53.3,3.6,49.17
2024-09-21 23:00:00,23,5,9,1,0,0,24.3,61.7,4.9,55.03
2024-09-22 00:00:00,0,6,9,1,0,0,27.3,56.3,5.7,57.78
2024-09-22 01:00:00,1,6,9,1,0,0,27.1,54.6,3.4,56.68
2024-09-22 02:00:00,2,6,9,1,0,0,23.9,55.7,6.0,54.65
2024-09-22 03:00:00,3,6,9,1,0,0,26.3,59.7,8.0,65.78
2024-09-22 04:00:00,4,6,9,1,0,0,28.2,63.8,7.8,65.91
2024-09-22 05:00:00,5,6,9,1,0,0,30.0,54.9,7.1,71.0
2024-09-22 06:00:00,6,6,9,1,0,0,27.7,60.5,4.3,57.22
2024-09-22 07:00:00,7,6,9,1,0,0,25.5,59.2,3.1,53.24
2024-09-22 08:00:00,8,6,9,1,0,0,29.9,51.4,7.2,67.55
2024-09-22 09:00:00,9,6,9,1,0,0,32.3,57.8,3.3,76.17
2024-09-22 10:00:00,10,6,9,1,0,0,34.1,49.3,12.5,87.32
2024-09-22 11:00:00,11,6,9,1,0,0,35.6,52.7,16.5,102.59
2024-09-22 12:00:00,12,6,9,1,0,0,39.0,48.8,12.1,102.77
2024-09-22 13:00:00,13,6,9,1,0,0,39.9,53.1,20.0,126.31
2024-09-22 14:00:00,14,6,9,1,0,0,37.5,47.0,19.3,107.19
2024-09-22 15:00:00,15,6,9,1,0,0,39.6,51.3,19.1,121.92
2024-09-22 16:00:00,16,6,9,1,0,0,37.6,47.8,19.8,108.27
2024-09-22 17:00:00,17,6,9,1,0,0,36.1,50.2,12.6,97.69
2024-09-22 18:00:00,18,6,9,1,0,0,36.2,37.6,18.7,100.43
2024-09-22 19:00:00,19,6,9,1,0,0,33.2,62.6,4.8,79.51
2024-09-22 20:00:00,20,6,9,1,0,0,35.0,55.2,6.3,86.81
2024-09-22 21:00:00,21,6,9,1,0,0,27.1,55.5,3.6,54.91
2024-09-22 22:00:00,22,6,9,1,0,0,27.2,54.0,6.5,61.29
2024-09-22 23:00:00,23,6,9,1,0,0,26.5,57.0,7.9,61.78
2024-09-23 00:00:00,0,0,9,0,0,0,26.3,62.0,4.3,52.48
2024-09-23 01:00:00,1,0,9,0,0,0,27.1,51.0,4.8,54.5
2024-09-23 02:00:00,2,0,9,0,0,0,24.6,59.7,5.0,48.99
2024-09-23 03:00:00,3,0,9,0,0,0,22.3,69.0,7.4,49.45
2024-09-23 04:00:00,4,0,9,0,0,0,27.0,54.1,6.3,55.32
2024-09-23 05:00:00,5,0,9,0,0,0,27.9,58.3,10.5,67.65
2024-09-23 06:00:00,6,0,9,0,0,0,24.4,69.2,7.8,55.91
2024-09-23 07:00:00,7,0,9,0,0,0,29.4,59.4,7.9,61.52
2024-09-23 08:00:00,8,0,9,0,1,0,28.3,58.2,66.5,112.06
2024-09-23 09:00:00,9,0,9,0,1,0,31.6,57.4,55.9,117.95
2024-09-23 10:00:00,10,0,9,0,1,1,32.7,53.0,85.3,182.76
2024-09-23 11:00:00,11,0,9,0,1,1,37.2,56.7,91.4,217.23
2024-09-23 12:00:00,12,0,9,0,1,1,37.0,50.0,91.7,208.67
2024-09-23 13:00:00,13,0,9,0,1,1,35.1,45.1,60.2,161.0
2024-09-23 14:00:00,14,0,9,0,1,1,39.2,48.5,77.4,210.62
2024-09-23 15:00:00,15,0,9,0,1,1,34.8,49.3,78.6,180.51
2024-09-23 16:00:00,16,0,9,0,1,1,37.3,50.3,81.0,202.6
2024-09-23 17:00:00,17,0,9,0,1,0,34.3,52.5,30.8,106.14
2024-09-23 18:00:00,18,0,9,0,1,0,33.7,58.7,38.4,118.48
2024-09-23 19:00:00,19,0,9,0,0,0,33.7,56.7,41.6,116.6
2024-09-23 20:00:00,20,0,9,0,0,0,32.1,56.1,5.5,70.95
2024-09-23 21:00:00,21,0,9,0,0,0,31.8,55.2,8.5,75.12
2024-09-23 22:00:00,22,0,9,0,0,0,27.7,53.9,6.9,60.46
2024-09-23 23:00:00,23,0,9,0,0,0,27.1,49.8,8.0,62.6
2024-09-24 00:00:00,0,1,9,0,0,0,24.5,60.8,9.0,59.06
2024-09-24 01:00:00,1,1,9,0,0,0,24.9,63.2,11.1,61.38
2024-09-24 02:00:00,2,1,9,0,0,0,25.2,59.4,5.5,52.7
2024-09-24 03:00:00,3,1,9,0,0,0,24.4,58.3,4.7,52.85
2024-09-24 04:00:00,4,1,9,0,0,0,22.0,64.0,9.0,59.24
2024-09-24 05:00:00,5,1,9,0,0,0,26.9,58.3,7.2,64.11
2024-09-24 06:00:00,6,1,9,0,0,0,28.3,64.4,5.3,58.64
2024-09-24 07:00:00,7,1,9,0,0,0,28.0,62.8,4.9,62.17
2024-09-24 08:00:00,8,1,9,0,1,0,28.6,61.3,61.8,112.54
2024-09-24 09:00:00,9,1,9,0,1,0,35.2,55.9,54.0,143.25
2024-09-24 10:00:00,10,1,9,0,1,1,35.0,47.8,95.0,207.58
2024-09-24 11:00:00,11,1,9,0,1,1,35.1,55.6,86.1,191.77
2024-09-24 12:00:00,12,1,9,0,1,1,34.5,54.9,83.2,180.42
2024-09-24 13:00:00,13,1,9,0,1,1,35.7,54.9,69.4,181.7
2024-09-24 14:00:00,14,1,9,0,1,1,39.7,51.7,79.2,223.28
2024-09-24 15:00:00,15,1,9,0,1,1,37.4,53.1,83.4,198.19
2024-09-24 16:00:00,16,1,9,0,1,1,35.5,63.5,83.2,187.43
2024-09-24 17:00:00,17,1,9,0,1,0,36.4,51.7,34.1,125.32
2024-09-24 18:00:00,18,1,9,0,1,0,32.7,58.4,40.9,114.85
2024-09-24 19:00:00,19,1,9,0,0,0,35.3,50.9,29.3,107.72
2024-09-24 20:00:00,20,1,9,0,0,0,33.3,57.4,11.2,86.9
2024-09-24 21:00:00,21,1,9,0,0,0,28.4,61.4,10.3,65.38
2024-09-24 22:00:00,22,1,9,0,0,0,26.5,60.4,6.7,54.53
2024-09-24 23:00:00,23,1,9,0,0,0,21.6,69.1,5.4,50.1
2024-09-25 00:00:00,0,2,9,0,0,0,22.4,58.3,6.2,48.55
2024-09-25 01:00:00,1,2,9,0,0,0,22.0,60.2,6.7,50.85
2024-09-25 02:00:00,2,2,9,0,0,0,24.4,61.3,8.5,48.66
2024-09-25 03:00:00,3,2,9,0,0,0,23.8,64.4,4.4,50.93
2024-09-25 04:00:00,4,2,9,0,0,0,22.6,62.4,11.3,58.01
2024-09-25 05:00:00,5,2,9,0,0,0,25.6,64.7,4.8,49.92
2024-09-25 06:00:00,6,2,9,0,0,0,28.3,55.0,6.2,62.26
2024-09-25 07:00:00,7,2,9,0,0,0,29.9,52.0,4.9,63.17
2024-09-25 08:00:00,8,2,9,0,1,0,27.2,59.7,52.7,99.12
2024-09-25 09:00:00,9,2,9,0,1,0,32.1,54.7,70.1,131.43
2024-09-25 10:00:00,10,2,9,0,1,1,31.4,57.7,89.2,167.74
2024-09-25 11:00:00,11,2,9,0,1,1,36.9,51.6,83.4,195.14
2024-09-25 12:00:00,12,2,9,0,1,1,37.7,49.7,93.1,222.99
2024-09-25 13:00:00,13,2,9,0,1,1,35.3,52.5,72.0,176.58
2024-09-25 14:00:00,14,2,9,0,1,1,35.8,52.6,87.8,203.46
2024-09-25 15:00:00,15,2,9,0,1,1,36.1,51.0,89.4,203.04
2024-09-25 16:00:00,16,2,9,0,1,1,32.2,54.1,85.5,182.07
2024-09-25 17:00:00,17,2,9,0,1,0,35.9,50.8,35.0,117.62
2024-09-25 18:00:00,18,2,9,0,1,0,33.4,57.5,32.5,102.79
2024-09-25 19:00:00,19,2,9,0,0,0,34.1,54.4,29.5,112.38
2024-09-25 20:00:00,20,2,9,0,0,0,28.7,66.4,8.5,66.39
2024-09-25 21:00:00,21,2,9,0,0,0,27.9,58.6,11.1,61.18
2024-09-25 22:00:00,22,2,9,0,0,0,24.7,58.0,8.8,54.97
2024-09-25 23:00:00,23,2,9,0,0,0,24.3,71.2,11.4,55.83
2024-09-26 00:00:00,0,3,9,0,0,0,22.7,63.3,6.9,47.57
2024-09-26 01:00:00,1,3,9,0,0,0,26.0,63.3,9.6,56.4
2024-09-26 02:00:00,2,3,9,0,0,0,22.7,64.0,9.2,54.54
2024-09-26 03:00:00,3,3,9,0,0,0,24.4,62.9,9.4,59.34
2024-09-26 04:00:00,4,3,9,0,0,0,24.1,62.8,9.2,54.11
2024-09-26 05:00:00,5,3,9,0,0,0,23.6,56.6,5.8,51.81
2024-09-26 06:00:00,6,3,9,0,0,0,26.9,60.1,5.1,54.93
2024-09-26 07:00:00,7,3,9,0,0,0,29.8,51.3,11.8,75.26
2024-09-26 08:00:00,8,3,9,0,1,0,28.3,57.0,46.4,99.42
2024-09-26 09:00:00,9,3,9,0,1,0,33.6,51.1,59.0,138.87
2024-09-26 10:00:00,10,3,9,0,1,1,32.2,56.4,86.4,167.38
2024-09-26 11:00:00,11,3,9,0,1,1,34.2,54.9,85.4,179.16
2024-09-26 12:00:00,12,3,9,0,1,1,37.0,53.5,91.7,217.78
2024-09-26 13:00:00,13,3,9,0,1,1,35.5,53.8,71.2,181.7
2024-09-26 14:00:00,14,3,9,0,1,1,37.0,49.2,90.4,216.55
2024-09-26 15:00:00,15,3,9,0,1,1,36.2,51.1,81.7,195.38
2024-09-26 16:00:00,16,3,9,0,1,1,36.3,55.8,84.6,201.22
2024-09-26 17:00:00,17,3,9,0,1,0,30.8,60.2,42.8,101.36
2024-09-26 18:00:00,18,3,9,0,1,0,30.4,51.6,44.9,103.83
2024-09-26 19:00:00,19,3,9,0,0,0,33.2,48.1,44.4,112.31
2024-09-26 20:00:00,20,3,9,0,0,0,32.3,52.0,9.7,78.5
2024-09-26 21:00:00,21,3,9,0,0,0,27.1,62.7,5.1,62.3
2024-09-26 22:00:00,22,3,9,0,0,0,26.8,63.6,4.2,50.82
2024-09-26 23:00:00,23,3,9,0,0,0,26.4,55.3,10.6,61.03
2024-09-27 00:00:00,0,4,9,0,0,0,25.8,60.7,10.7,61.33
2024-09-27 01:00:00,1,4,9,0,0,0,20.3,70.6,10.0,57.81
2024-09-27 02:00:00,2,4,9,0,0,0,22.1,63.7,6.2,50.08
2024-09-27 03:00:00,3,4,9,0,0,0,23.3,66.9,9.1,51.02
2024-09-27 04:00:00,4,4,9,0,0,0,25.8,63.4,6.5,54.1
2024-09-27 05:00:00,5,4,9,0,0,0,30.1,52.8,7.6,72.66
2024-09-27 06:00:00,6,4,9,0,0,0,26.6,58.1,7.1,52.9
2024-09-27 07:00:00,7,4,9,0,0,0,26.0,59.4,11.3,56.25
2024-09-27 08:00:00,8,4,9,0,1,0,30.9,56.3,52.0,112.64
2024-09-27 09:00:00,9,4,9,0,1,0,34.3,57.2,62.3,141.14
2024-09-27 10:00:00,10,4,9,0,1,1,33.7,55.5,85.4,179.61
2024-09-27 11:00:00,11,4,9,0,1,1,33.2,42.5,89.9,192.06
2024-09-27 12:00:00,12,4,9,0,1,1,37.6,45.9,88.5,211.62
2024-09-27 13:00:00,13,4,9,0,1,1,37.7,42.4,73.9,195.58
2024-09-27 14:00:00,14,4,9,0,1,1,34.9,53.8,76.7,185.4
2024-09-27 15:00:00,15,4,9,0,1,1,37.2,52.4,78.8,193.84
2024-09-27 16:00:00,16,4,9,0,1,1,37.6,52.3,88.0,209.24
2024-09-27 17:00:00,17,4,9,0,1,0,36.9,47.8,32.4,121.6
2024-09-27 18:00:00,18,4,9,0,1,0,33.3,56.9,28.3,99.66
2024-09-27 19:00:00,19,4,9,0,0,0,31.2,58.5,35.1,101.22
2024-09-27 20:00:00,20,4,9,0,0,0,32.4,49.8,9.2,79.4
2024-09-27 21:00:00,21,4,9,0,0,0,26.4,53.2,4.4,50.79
2024-09-27 22:00:00,22,4,9,0,0,0,27.8,58.0,6.3,59.66
2024-09-27 23:00:00,23,4,9,0,0,0,23.1,68.5,10.5,53.96
2024-09-28 00:00:00,0,5,9,1,0,0,26.3,65.9,5.6,62.71
2024-09-28 01:00:00,1,5,9,1,0,0,23.2,63.5,3.2,51.24
2024-09-28 02:00:00,2,5,9,1,0,0,25.8,56.5,4.4,50.92
2024-09-28 03:00:00,3,5,9,1,0,0,24.6,63.8,6.2,50.81
2024-09-28 04:00:00,4,5,9,1,0,0,22.2,60.2,4.0,49.67
2024-09-28 05:00:00,5,5,9,1,0,0,27.9,54.9,7.1,63.0
2024-09-28 06:00:00,6,5,9,1,0,0,29.5,48.3,6.4,67.45
2024-09-28 07:00:00,7,5,9,1,0,0,29.9,57.0,5.4,66.84
2024-09-28 08:00:00,8,5,9,1,0,0,28.6,55.0,7.6,63.61
2024-09-28 09:00:00,9,5,9,1,0,0,31.1,56.1,5.0,69.11
2024-09-28 10:00:00,10,5,9,1,0,0,33.5,44.9,12.8,85.43
2024-09-28 11:00:00,11,5,9,1,0,0,33.3,54.9,17.9,84.85
2024-09-28 12:00:00,12,5,9,1,0,0,38.7,40.7,16.9,111.93
2024-09-28 13:00:00,13,5,9,1,0,0,36.5,56.3,14.0,97.19
2024-09-28 14:00:00,14,5,9,1,0,0,31.6,57.5,14.1,74.88
2024-09-28 15:00:00,15,5,9,1,0,0,36.9,50.6,14.8,109.41
2024-09-28 16:00:00,16,5,9,1,0,0,35.0,55.3,13.5,93.4
2024-09-28 17:00:00,17,5,9,1,0,0,34.4,49.5,18.5,95.72
2024-09-28 18:00:00,18,5,9,1,0,0,32.6,55.0,17.8,86.5
2024-09-28 19:00:00,19,5,9,1,0,0,33.1,57.5,5.2,78.62
2024-09-28 20:00:00,20,5,9,1,0,0,32.0,42.7,5.0,68.71
2024-09-28 21:00:00,21,5,9,1,0,0,28.8,55.6,4.8,61.42
2024-09-28 22:00:00,22,5,9,1,0,0,26.1,59.1,4.4,52.0
2024-09-28 23:00:00,23,5,9,1,0,0,25.3,59.0,3.4,54.86
2024-09-29 00:00:00,0,6,9,1,0,0,24.2,66.4,4.3,48.66
2024-09-29 01:00:00,1,6,9,1,0,0,22.0,57.6,4.6,54.84
2024-09-29 02:00:00,2,6,9,1,0,0,24.3,58.0,5.7,52.13
2024-09-29 03:00:00,3,6,9,1,0,0,24.3,52.8,6.9,55.8
2024-09-29 04:00:00,4,6,9,1,0,0,26.9,64.7,5.0,58.74
2024-09-29 05:00:00,5,6,9,1,0,0,27.4,57.3,7.7,64.35
2024-09-29 06:00:00,6,6,9,1,0,0,25.3,58.0,7.1,52.33
2024-09-29 07:00:00,7,6,9,1,0,0,29.5,56.6,7.9,70.15
2024-09-29 08:00:00,8,6,9,1,0,0,28.0,60.4,7.4,56.42
2024-09-29 09:00:00,9,6,9,1,0,0,32.7,56.0,6.1,76.01
2024-09-29 10:00:00,10,6,9,1,0,0,32.1,65.6,17.2,83.39
2024-09-29 11:00:00,11,6,9,1,0,0,32.5,56.6,11.6,76.39
2024-09-29 12:00:00,12,6,9,1,0,0,35.9,50.5,18.7,99.36
2024-09-29 13:00:00,13,6,9,1,0,0,31.2,53.4,17.2,79.7
2024-09-29 14:00:00,14,6,9,1,0,0,33.1,52.8,16.1,87.22
2024-09-29 15:00:00,15,6,9,1,0,0,35.7,46.5,18.3,99.21
2024-09-29 16:00:00,16,6,9,1,0,0,35.5,52.8,15.3,96.77
2024-09-29 17:00:00,17,6,9,1,0,0,33.7,57.0,16.3,87.76
2024-09-29 18:00:00,18,6,9,1,0,0,30.2,53.9,14.8,74.35
2024-09-29 19:00:00,19,6,9,1,0,0,30.0,53.3,6.6,66.69
2024-09-29 20:00:00,20,6,9,1,0,0,30.5,62.2,7.4,70.51
2024-09-29 21:00:00,21,6,9,1,0,0,29.1,51.4,7.2,68.13
2024-09-29 22:00:00,22,6,9,1,0,0,26.5,50.7,6.9,60.7
2024-09-29 23:00:00,23,6,9,1,0,0,27.2,53.8,3.1,57.44
2024-09-30 00:00:00,0,0,9,0,0,0,24.6,54.1,11.3,58.4
2024-09-30 01:00:00,1,0,9,0,0,0,21.9,63.7,6.2,53.46
2024-09-30 02:00:00,2,0,9,0,0,0,22.5,60.3,11.1,54.99
2024-09-30 03:00:00,3,0,9,0,0,0,20.7,62.1,5.6,54.91
2024-09-30 04:00:00,4,0,9,0,0,0,23.7,65.5,7.5,50.47
2024-09-30 05:00:00,5,0,9,0,0,0,26.9,55.9,10.0,54.91
2024-09-30 06:00:00,6,0,9,0,0,0,27.5,61.4,9.1,59.05
2024-09-30 07:00:00,7,0,9,0,0,0,30.4,62.3,7.3,74.01
2024-09-30 08:00:00,8,0,9,0,1,0,29.0,55.4,65.4,115.47
2024-09-30 09:00:00,9,0,9,0,1,0,33.6,56.9,61.5,139.94
2024-09-30 10:00:00,10,0,9,0,1,1,32.4,53.9,84.1,175.4
2024-09-30 11:00:00,11,0,9,0,1,1,36.8,55.4,89.7,208.8
2024-09-30 12:00:00,12,0,9,0,1,1,35.1,46.6,83.1,194.77
2024-09-30 13:00:00,13,0,9,0,1,1,37.1,44.9,70.4,191.09
2024-09-30 14:00:00,14,0,9,0,1,1,38.7,48.8,75.1,202.4
2024-09-30 15:00:00,15,0,9,0,1,1,35.4,49.2,84.3,188.39
2024-09-30 16:00:00,16,0,9,0,1,1,35.5,50.6,81.8,190.96
2024-09-30 17:00:00,17,0,9,0,1,0,36.4,51.1,31.1,118.97
2024-09-30 18:00:00,18,0,9,0,1,0,32.5,57.6,35.3,105.04
2024-09-30 19:00:00,19,0,9,0,0,0,28.8,55.7,37.9,88.72
2024-09-30 20:00:00,20,0,9,0,0,0,33.4,50.8,11.7,83.59
2024-09-30 21:00:00,21,0,9,0,0,0,27.0,57.2,10.7,60.57
2024-09-30 22:00:00,22,0,9,0,0,0,26.6,55.8,9.7,64.05
2024-09-30 23:00:00,23,0,9,0,0,0,27.0,54.9,7.8,54.58
2024-10-01 00:00:00,0,1,10,0,0,0,22.6,55.2,7.1,55.96
2024-10-01 01:00:00,1,1,10,0,0,0,21.2,62.9,4.3,45.51
2024-10-01 02:00:00,2,1,10,0,0,0,23.2,59.0,6.9,54.69
2024-10-01 03:00:00,3,1,10,0,0,0,19.8,67.5,10.8,53.1
2024-10-01 04:00:00,4,1,10,0,0,0,23.1,55.5,7.1,54.92
2024-10-01 05:00:00,5,1,10,0,0,0,25.1,57.8,7.7,54.97
2024-10-01 06:00:00,6,1,10,0,0,0,25.5,66.9,6.2,50.49
2024-10-01 07:00:00,7,1,10,0,0,0,24.8,56.4,6.2,58.0
2024-10-01 08:00:00,8,1,10,0,1,0,32.2,54.0,46.9,118.29
2024-10-01 09:00:00,9,1,10,0,1,0,31.2,50.8,63.4,128.39
2024-10-01 10:00:00,10,1,10,0,1,1,35.1,47.5,86.7,194.31
2024-10-01 11:00:00,11,1,10,0,1,1,33.4,60.3,89.1,186.48
2024-10-01 12:00:00,12,1,10,0,1,1,33.3,54.9,88.2,179.54
2024-10-01 13:00:00,13,1,10,0,1,1,36.0,52.8,72.0,178.01
2024-10-01 14:00:00,14,1,10,0,1,1,35.4,45.9,87.8,192.04
2024-10-01 15:00:00,15,1,10,0,1,1,33.4,55.6,88.1,180.65
2024-10-01 16:00:00,16,1,10,0,1,1,37.6,55.8,83.5,210.57
2024-10-01 17:00:00,17,1,10,0,1,0,32.8,59.1,32.1,102.06
2024-10-01 18:00:00,18,1,10,0,1,0,29.2,59.7,43.7,96.93
2024-10-01 19:00:00,19,1,10,0,0,0,33.4,49.6,26.1,97.69
2024-10-01 20:00:00,20,1,10,0,0,0,28.4,58.9,5.2,54.86
2024-10-01 21:00:00,21,1,10,0,0,0,26.5,61.6,7.4,58.97
2024-10-01 22:00:00,22,1,10,0,0,0,22.9,54.3,8.9,53.56
2024-10-01 23:00:00,23,1,10,0,0,0,27.8,53.6,4.1,56.83
2024-10-02 00:00:00,0,2,10,0,0,0,21.1,66.3,9.8,59.53
2024-10-02 01:00:00,1,2,10,0,0,0,22.9,65.0,8.5,53.35
2024-10-02 02:00:00,2,2,10,0,0,0,24.2,54.4,7.9,54.09
2024-10-02 03:00:00,3,2,10,0,0,0,23.5,64.2,7.4,55.87
2024-10-02 04:00:00,4,2,10,0,0,0,23.3,61.6,8.2,49.14
2024-10-02 05:00:00,5,2,10,0,0,0,21.4,65.6,5.3,51.74
2024-10-02 06:00:00,6,2,10,0,0,0,24.3,58.0,4.9,54.41
2024-10-02 07:00:00,7,2,10,0,0,0,27.7,60.7,6.3,60.33
2024-10-02 08:00:00,8,2,10,0,1,0,27.6,61.6,66.3,105.81
2024-10-02 09:00:00,9,2,10,0,1,0,31.1,54.3,62.6,123.89
2024-10-02 10:00:00,10,2,10,0,1,1,33.5,54.1,87.2,182.49
2024-10-02 11:00:00,11,2,10,0,1,1,35.4,50.1,88.6,197.17
2024-10-02 12:00:00,12,2,10,0,1,1,32.5,61.4,88.4,173.66
2024-10-02 13:00:00,13,2,10,0,1,1,39.3,49.5,64.6,198.15
2024-10-02 14:00:00,14,2,10,0,1,1,36.9,48.0,76.7,195.97
2024-10-02 15:00:00,15,2,10,0,1,1,35.3,49.9,90.2,203.51
2024-10-02 16:00:00,16,2,10,0,1,1,36.6,52.4,85.2,209.62
2024-10-02 17:00:00,17,2,10,0,1,0,37.9,54.0,39.0,138.6
2024-10-02 18:00:00,18,2,10,0,1,0,29.7,51.4,34.3,90.91
2024-10-02 19:00:00,19,2,10,0,0,0,30.3,63.7,40.1,101.11
2024-10-02 20:00:00,20,2,10,0,0,0,24.8,61.4,8.7,60.14
2024-10-02 21:00:00,21,2,10,0,0,0,27.7,60.0,4.4,61.69
2024-10-02 22:00:00,22,2,10,0,0,0,26.5,58.6,11.1,61.81
2024-10-02 23:00:00,23,2,10,0,0,0,24.4,60.5,6.4,52.56
2024-10-03 00:00:00,0,3,10,0,0,0,22.0,61.5,5.1,53.27
2024-10-03 01:00:00,1,3,10,0,0,0,18.8,68.4,4.7,49.68
2024-10-03 02:00:00,2,3,10,0,0,0,23.0,61.4,9.8,56.65
2024-10-03 03:00:00,3,3,10,0,0,0,25.2,62.9,9.6,54.75
2024-10-03 04:00:00,4,3,10,0,0,0,22.1,60.3,9.6,53.78
2024-10-03 05:00:00,5,3,10,0,0,0,25.0,60.8,11.3,54.53
2024-10-03 06:00:00,6,3,10,0,0,0,22.7,58.4,6.8,51.49
2024-10-03 07:00:00,7,3,10,0,0,0,28.0,62.8,8.5,61.12
2024-10-03 08:00:00,8,3,10,0,1,0,28.1,54.5,63.6,115.62
2024-10-03 09:00:00,9,3,10,0,1,0,29.1,55.8,74.4,122.06
2024-10-03 10:00:00,10,3,10,0,1,1,30.7,54.8,84.7,160.41
2024-10-03 11:00:00,11,3,10,0,1,1,32.7,53.2,94.3,181.42
2024-10-03 12:00:00,12,3,10,0,1,1,35.1,55.8,82.2,184.3
2024-10-03 13:00:00,13,3,10,0,1,1,32.7,53.3,71.5,157.21
2024-10-03 14:00:00,14,3,10,0,1,1,34.6,58.9,85.8,182.42
2024-10-03 15:00:00,15,3,10,0,1,1,35.0,49.7,88.9,188.96
2024-10-03 16:00:00,16,3,10,0,1,1,32.5,55.4,75.5,159.16
2024-10-03 17:00:00,17,3,10,0,1,0,36.6,48.8,26.6,110.81
2024-10-03 18:00:00,18,3,10,0,1,0,30.5,57.8,26.4,88.14
2024-10-03 19:00:00,19,3,10,0,0,0,29.3,56.9,36.9,93.33
2024-10-03 20:00:00,20,3,10,0,0,0,27.1,57.9,8.8,57.64
2024-10-03 21:00:00,21,3,10,0,0,0,30.4,61.0,11.2,73.58
2024-10-03 22:00:00,22,3,10,0,0,0,26.6,56.3,7.7,57.49
2024-10-03 23:00:00,23,3,10,0,0,0,22.5,64.1,4.5,50.92
2024-10-04 00:00:00,0,4,10,0,0,0,24.9,57.0,5.7,51.46
2024-10-04 01:00:00,1,4,10,0,0,0,22.7,62.1,4.1,52.51
2024-10-04 02:00:00,2,4,10,0,0,0,22.5,57.0,10.2,60.58
2024-10-04 03:00:00,3,4,10,0,0,0,21.7,59.7,10.5,58.04
2024-10-04 04:00:00,4,4,10,0,0,0,21.6,62.1,12.0,61.1
2024-10-04 05:00:00,5,4,10,0,0,0,24.6,67.5,7.3,49.61
2024-10-04 06:00:00,6,4,10,0,0,0,24.3,60.9,4.2,49.2
2024-10-04 07:00:00,7,4,10,0,0,0,30.2,63.0,5.9,69.39
2024-10-04 08:00:00,8,4,10,0,1,0,26.3,60.0,62.6,105.81
2024-10-04 09:00:00,9,4,10,0,1,0,33.0,52.9,73.9,150.62
2024-10-04 10:00:00,10,4,10,0,1,1,31.6,61.5,81.6,158.21
2024-10-04 11:00:00,11,4,10,0,1,1,33.7,55.7,81.8,175.43
2024-10-04 12:00:00,12,4,10,0,1,1,35.7,49.9,90.5,206.82
2024-10-04 13:00:00,13,4,10,0,1,1,33.7,55.8,70.0,167.93
2024-10-04 14:00:00,14,4,10,0,1,1,36.6,50.7,79.3,188.4
2024-10-04 15:00:00,15,4,10,0,1,1,30.0,48.5,88.8,160.99
2024-10-04 16:00:00,16,4,10,0,1,1,32.9,58.2,77.2,167.1
2024-10-04 17:00:00,17,4,10,0,1,0,31.5,59.8,43.5,105.38
2024-10-04 18:00:00,18,4,10,0,1,0,29.6,64.1,29.0,89.83
2024-10-04 19:00:00,19,4,10,0,0,0,29.9,58.3,26.6,84.27
2024-10-04 20:00:00,20,4,10,0,0,0,29.3,56.0,6.7,65.34
2024-10-04 21:00:00,21,4,10,0,0,0,28.2,61.1,5.5,64.64
2024-10-04 22:00:00,22,4,10,0,0,0,25.8,62.8,8.2,56.88
2024-10-04 23:00:00,23,4,10,0,0,0,22.8,68.1,9.5,57.98
2024-10-05 00:00:00,0,5,10,1,0,0,23.4,60.9,5.5,48.67
2024-10-05 01:00:00,1,5,10,1,0,0,22.3,61.2,6.3,53.92
2024-10-05 02:00:00,2,5,10,1,0,0,23.5,58.2,4.8,54.14
2024-10-05 03:00:00,3,5,10,1,0,0,23.5,63.2,3.1,47.58
2024-10-05 04:00:00,4,5,10,1,0,0,22.8,55.3,7.9,53.12
2024-10-05 05:00:00,5,5,10,1,0,0,22.1,65.1,7.1,52.61
2024-10-05 06:00:00,6,5,10,1,0,0,23.9,63.1,3.4,51.12
2024-10-05 07:00:00,7,5,10,1,0,0,25.7,61.9,5.2,56.28
2024-10-05 08:00:00,8,5,10,1,0,0,27.8,58.6,6.2,57.9
2024-10-05 09:00:00,9,5,10,1,0,0,30.5,62.3,4.0,66.53
2024-10-05 10:00:00,10,5,10,1,0,0,32.9,58.0,16.9,93.01
2024-10-05 11:00:00,11,5,10,1,0,0,32.8,52.1,16.4,90.38
2024-10-05 12:00:00,12,5,10,1,0,0,34.0,51.3,12.5,89.95
2024-10-05 13:00:00,13,5,10,1,0,0,34.9,49.6,11.7,89.33
2024-10-05 14:00:00,14,5,10,1,0,0,33.9,56.0,19.1,101.1
2024-10-05 15:00:00,15,5,10,1,0,0,33.0,50.4,13.9,88.43
2024-10-05 16:00:00,16,5,10,1,0,0,30.8,60.3,12.9,76.28
2024-10-05 17:00:00,17,5,10,1,0,0,31.7,60.6,18.9,86.02
2024-10-05 18:00:00,18,5,10,1,0,0,32.4,51.3,18.8,86.47
2024-10-05 19:00:00,19,5,10,1,0,0,28.8,56.6,4.4,63.33
2024-10-05 20:00:00,20,5,10,1,0,0,27.9,58.0,7.4,63.99
2024-10-05 21:00:00,21,5,10,1,0,0,27.5,61.8,6.4,62.41
2024-10-05 22:00:00,22,5,10,1,0,0,26.0,65.7,4.7,54.47
2024-10-05 23:00:00,23,5,10,1,0,0,21.8,55.5,5.1,46.96
2024-10-06 00:00:00,0,6,10,1,0,0,24.3,59.2,6.6,53.88
2024-10-06 01:00:00,1,6,10,1,0,0,23.9,59.7,4.1,53.21
2024-10-06 02:00:00,2,6,10,1,0,0,19.6,58.2,5.3,48.68
2024-10-06 03:00:00,3,6,10,1,0,0,20.3,61.3,6.3,52.25
2024-10-06 04:00:00,4,6,10,1,0,0,24.6,62.0,5.7,57.22
2024-10-06 05:00:00,5,6,10,1,0,0,23.2,60.1,6.0,48.47
2024-10-06 06:00:00,6,6,10,1,0,0,20.9,56.7,5.7,51.2
2024-10-06 07:00:00,7,6,10,1,0,0,23.9,72.3,4.0,55.64
2024-10-06 08:00:00,8,6,10,1,0,0,27.7,59.2,5.1,60.13
2024-10-06 09:00:00,9,6,10,1,0,0,27.7,58.6,5.7,58.44
2024-10-06 10:00:00,10,6,10,1,0,0,30.6,51.7,19.4,81.61
2024-10-06 11:00:00,11,6,10,1,0,0,32.8,55.6,17.8,91.11
2024-10-06 12:00:00,12,6,10,1,0,0,36.4,51.4,15.1,99.32
2024-10-06 13:00:00,13,6,10,1,0,0,33.9,46.2,21.7,99.05
2024-10-06 14:00:00,14,6,10,1,0,0,36.5,47.7,11.3,96.47
2024-10-06 15:00:00,15,6,10,1,0,0,37.0,54.8,12.5,100.23
2024-10-06 16:00:00,16,6,10,1,0,0,36.3,59.9,14.1,100.45
2024-10-06 17:00:00,17,6,10,1,0,0,33.2,55.7,12.7,83.67
2024-10-06 18:00:00,18,6,10,1,0,0,27.8,62.5,17.5,67.22
2024-10-06 19:00:00,19,6,10,1,0,0,30.6,55.5,3.2,67.79
2024-10-06 20:00:00,20,6,10,1,0,0,30.0,56.2,3.9,64.7
2024-10-06 21:00:00,21,6,10,1,0,0,26.3,63.5,4.5,54.16
2024-10-06 22:00:00,22,6,10,1,0,0,28.0,64.6,6.4,63.22
2024-10-06 23:00:00,23,6,10,1,0,0,25.1,65.1,7.4,59.22
2024-10-07 00:00:00,0,0,10,0,0,0,23.3,56.9,10.4,54.99
2024-10-07 01:00:00,1,0,10,0,0,0,23.5,60.8,5.5,51.99
2024-10-07 02:00:00,2,0,10,0,0,0,22.0,63.2,8.5,50.34
2024-10-07 03:00:00,3,0,10,0,0,0,17.1,64.5,4.2,50.31
2024-10-07 04:00:00,4,0,10,0,0,0,21.3,64.1,6.5,53.39
2024-10-07 05:00:00,5,0,10,0,0,0,25.4,63.0,10.4,57.96
2024-10-07 06:00:00,6,0,10,0,0,0,23.2,65.3,7.7,52.39
2024-10-07 07:00:00,7,0,10,0,0,0,25.8,66.2,5.2,57.3
2024-10-07 08:00:00,8,0,10,0,1,0,26.0,58.0,58.2,96.5
2024-10-07 09:00:00,9,0,10,0,1,0,32.8,49.1,50.9,131.42
2024-10-07 10:00:00,10,0,10,0,1,1,34.1,55.1,85.9,187.32
2024-10-07 11:00:00,11,0,10,0,1,1,30.9,63.4,87.3,156.44
2024-10-07 12:00:00,12,0,10,0,1,1,33.8,51.9,85.2,182.73
2024-10-07 13:00:00,13,0,10,0,1,1,32.9,57.2,74.1,163.17
2024-10-07 14:00:00,14,0,10,0,1,1,35.5,55.4,84.6,192.98
2024-10-07 15:00:00,15,0,10,0,1,1,35.1,53.7,89.3,198.02
2024-10-07 16:00:00,16,0,10,0,1,1,35.0,53.0,87.9,190.09
2024-10-07 17:00:00,17,0,10,0,1,0,33.1,50.6,38.2,109.78
2024-10-07 18:00:00,18,0,10,0,1,0,36.4,42.9,34.9,124.8
2024-10-07 19:00:00,19,0,10,0,0,0,27.7,53.7,25.0,77.4
2024-10-07 20:00:00,20,0,10,0,0,0,24.8,58.6,8.9,52.38
2024-10-07 21:00:00,21,0,10,0,0,0,25.5,64.0,6.8,58.11
2024-10-07 22:00:00,22,0,10,0,0,0,21.8,61.8,4.9,47.72
2024-10-07 23:00:00,23,0,10,0,0,0,20.6,61.0,7.6,54.87
2024-10-08 00:00:00,0,1,10,0,0,0,20.2,59.8,9.9,56.21
2024-10-08 01:00:00,1,1,10,0,0,0,19.7,66.3,11.7,53.43
2024-10-08 02:00:00,2,1,10,0,0,0,19.4,69.4,7.0,49.67
2024-10-08 03:00:00,3,1,10,0,0,0,22.3,66.1,8.3,55.2
2024-10-08 04:00:00,4,1,10,0,0,0,21.1,65.2,10.8,53.98
2024-10-08 05:00:00,5,1,10,0,0,0,22.7,55.7,6.7,52.21
2024-10-08 06:00:00,6,1,10,0,0,0,26.0,57.9,5.1,57.56
2024-10-08 07:00:00,7,1,10,0,0,0,24.6,68.1,6.3,54.9
2024-10-08 08:00:00,8,1,10,0,1,0,27.1,63.0,72.0,109.23
2024-10-08 09:00:00,9,1,10,0,1,0,30.0,50.3,49.8,107.31
2024-10-08 10:00:00,10,1,10,0,1,1,27.4,58.1,84.9,139.12
2024-10-08 11:00:00,11,1,10,0,1,1,27.9,59.4,87.0,149.0
2024-10-08 12:00:00,12,1,10,0,1,1,33.9,50.7,92.7,194.58
2024-10-08 13:00:00,13,1,10,0,1,1,34.8,43.9,74.1,169.22
2024-10-08 14:00:00,14,1,10,0,1,1,37.8,51.4,82.2,202.87
2024-10-08 15:00:00,15,1,10,0,1,1,34.2,50.4,90.8,193.45
2024-10-08 16:00:00,16,1,10,0,1,1,34.7,50.1,77.7,180.14
2024-10-08 17:00:00,17,1,10,0,1,0,31.9,53.8,28.1,97.14
2024-10-08 18:00:00,18,1,10,0,1,0,31.4,55.0,44.0,109.02
2024-10-08 19:00:00,19,1,10,0,0,0,32.3,54.9,35.2,100.96
2024-10-08 20:00:00,20,1,10,0,0,0,23.8,57.3,5.5,52.34
2024-10-08 21:00:00,21,1,10,0,0,0,26.7,57.9,7.9,62.87
2024-10-08 22:00:00,22,1,10,0,0,0,28.2,50.7,10.3,66.42
2024-10-08 23:00:00,23,1,10,0,0,0,23.5,62.3,10.6,60.83
2024-10-09 00:00:00,0,2,10,0,0,0,24.7,48.8,10.9,51.25
2024-10-09 01:00:00,1,2,10,0,0,0,20.0,62.3,8.6,55.4
2024-10-09 02:00:00,2,2,10,0,0,0,20.8,66.6,10.9,53.77
2024-10-09 03:00:00,3,2,10,0,0,0,21.2,58.4,8.1,51.03
2024-10-09 04:00:00,4,2,10,0,0,0,17.8,67.9,8.9,58.68
2024-10-09 05:00:00,5,2,10,0,0,0,20.7,67.6,10.1,54.46
2024-10-09 06:00:00,6,2,10,0,0,0,22.2,48.7,7.4,52.2
2024-10-09 07:00:00,7,2,10,0,0,0,27.2,57.9,4.6,59.0
2024-10-09 08:00:00,8,2,10,0,1,0,29.0,45.7,55.5,100.8
2024-10-09 09:00:00,9,2,10,0,1,0,29.6,56.3,63.7,122.46
2024-10-09 10:00:00,10,2,10,0,1,1,32.1,55.0,82.9,175.27
2024-10-09 11:00:00,11,2,10,0,1,1,31.7,45.4,82.2,167.84
2024-10-09 12:00:00,12,2,10,0,1,1,35.2,60.6,84.4,187.76
2024-10-09 13:00:00,13,2,10,0,1,1,33.7,55.1,60.5,150.58
2024-10-09 14:00:00,14,2,10,0,1,1,34.0,50.3,87.6,188.03
2024-10-09 15:00:00,15,2,10,0,1,1,33.2,60.1,79.4,176.41
2024-10-09 16:00:00,16,2,10,0,1,1,34.2,46.4,77.1,178.33
2024-10-09 17:00:00,17,2,10,0,1,0,31.2,50.7,39.0,104.44
2024-10-09 18:00:00,18,2,10,0,1,0,32.4,45.6,41.9,112.77
2024-10-09 19:00:00,19,2,10,0,0,0,27.0,65.8,25.4,75.1
2024-10-09 20:00:00,20,2,10,0,0,0,25.4,61.0,5.9,52.95
2024-10-09 21:00:00,21,2,10,0,0,0,26.9,61.3,11.6,70.75
2024-10-09 22:00:00,22,2,10,0,0,0,24.0,61.9,7.1,52.2
2024-10-09 23:00:00,23,2,10,0,0,0,22.0,64.4,11.5,54.91
2024-10-10 00:00:00,0,3,10,0,0,0,23.1,61.6,6.2,56.05
2024-10-10 01:00:00,1,3,10,0,0,0,19.8,64.7,5.7,52.01
2024-10-10 02:00:00,2,3,10,0,0,0,20.3,63.7,5.7,52.04
2024-10-10 03:00:00,3,3,10,0,0,0,23.4,58.7,4.7,55.91
2024-10-10 04:00:00,4,3,10,0,0,0,24.3,60.3,11.2,58.61
2024-10-10 05:00:00,5,3,10,0,0,0,25.4,60.8,11.8,61.41
2024-10-10 06:00:00,6,3,10,0,0,0,23.4,61.6,11.6,51.82
2024-10-10 07:00:00,7,3,10,0,0,0,27.7,52.2,10.8,65.64
2024-10-10 08:00:00,8,3,10,0,1,0,25.4,54.3,70.4,99.98
2024-10-10 09:00:00,9,3,10,0,1,0,27.2,62.8,64.8,105.35
2024-10-10 10:00:00,10,3,10,0,1,1,26.2,57.9,92.4,135.66
2024-10-10 11:00:00,11,3,10,0,1,1,34.8,55.5,83.1,186.28
2024-10-10 12:00:00,12,3,10,0,1,1,31.2,51.3,85.8,170.2
2024-10-10 13:00:00,13,3,10,0,1,1,33.2,48.4,69.6,159.45
2024-10-10 14:00:00,14,3,10,0,1,1,32.0,51.7,89.9,182.16
2024-10-10 15:00:00,15,3,10,0,1,1,34.7,52.3,86.2,190.32
2024-10-10 16:00:00,16,3,10,0,1,1,32.1,52.4,89.3,180.87
2024-10-10 17:00:00,17,3,10,0,1,0,29.4,62.1,34.5,90.75
2024-10-10 18:00:00,18,3,10,0,1,0,31.2,56.4,39.3,107.17
2024-10-10 19:00:00,19,3,10,0,0,0,26.2,66.6,44.6,78.51
2024-10-10 20:00:00,20,3,10,0,0,0,25.6,61.2,5.2,53.69
2024-10-10 21:00:00,21,3,10,0,0,0,21.7,52.7,11.4,51.53
2024-10-10 22:00:00,22,3,10,0,0,0,21.3,66.8,8.2,51.15
2024-10-10 23:00:00,23,3,10,0,0,0,22.9,55.4,9.1,54.71
2024-10-11 00:00:00,0,4,10,0,0,0,17.7,66.0,11.0,54.85
2024-10-11 01:00:00,1,4,10,0,0,0,18.0,61.8,7.3,57.46
2024-10-11 02:00:00,2,4,10,0,0,0,20.4,71.8,7.3,58.92
2024-10-11 03:00:00,3,4,10,0,0,0,19.6,69.5,8.2,50.81
2024-10-11 04:00:00,4,4,10,0,0,0,24.9,57.1,4.2,50.8
2024-10-11 05:00:00,5,4,10,0,0,0,25.6,59.1,8.0,53.36
2024-10-11 06:00:00,6,4,10,0,0,0,22.1,63.0,6.3,56.23
2024-10-11 07:00:00,7,4,10,0,0,0,26.2,62.6,11.4,61.23
2024-10-11 08:00:00,8,4,10,0,1,0,28.3,57.8,47.6,97.66
2024-10-11 09:00:00,9,4,10,0,1,0,27.5,54.2,58.8,104.31
2024-10-11 10:00:00,10,4,10,0,1,1,27.5,55.4,94.2,145.46
2024-10-11 11:00:00,11,4,10,0,1,1,31.5,55.4,93.5,172.57
2024-10-11 12:00:00,12,4,10,0,1,1,32.2,59.9,90.5,173.39
2024-10-11 13:00:00,13,4,10,0,1,1,32.4,56.5,68.8,158.7
2024-10-11 14:00:00,14,4,10,0,1,1,34.2,50.5,79.8,178.63
2024-10-11 15:00:00,15,4,10,0,1,1,31.8,57.8,81.2,159.85
2024-10-11 16:00:00,16,4,10,0,1,1,30.5,54.6,76.5,148.48
2024-10-11 17:00:00,17,4,10,0,1,0,31.7,58.9,40.7,104.84
2024-10-11 18:00:00,18,4,10,0,1,0,30.8,66.0,31.5,94.45
2024-10-11 19:00:00,19,4,10,0,0,0,26.5,57.5,38.4,85.68
2024-10-11 20:00:00,20,4,10,0,0,0,28.6,60.7,6.9,61.89
2024-10-11 21:00:00,21,4,10,0,0,0,22.0,59.1,7.7,57.37
2024-10-11 22:00:00,22,4,10,0,0,0,22.6,61.2,8.4,48.48
2024-10-11 23:00:00,23,4,10,0,0,0,21.8,62.4,10.4,60.43
2024-10-12 00:00:00,0,5,10,1,0,0,19.9,62.8,4.1,54.92
2024-10-12 01:00:00,1,5,10,1,0,0,19.4,73.8,5.0,48.76
2024-10-12 02:00:00,2,5,10,1,0,0,23.5,59.8,3.7,47.85
2024-10-12 03:00:00,3,5,10,1,0,0,18.9,66.6,3.4,45.66
2024-10-12 04:00:00,4,5,10,1,0,0,25.4,52.0,6.0,57.66
2024-10-12 05:00:00,5,5,10,1,0,0,22.9,63.2,3.9,49.75
2024-10-12 06:00:00,6,5,10,1,0,0,23.6,65.5,3.3,49.08
2024-10-12 07:00:00,7,5,10,1,0,0,25.8,57.3,7.5,53.15
2024-10-12 08:00:00,8,5,10,1,0,0,31.2,45.6,5.7,76.34
2024-10-12 09:00:00,9,5,10,1,0,0,26.6,58.7,3.7,52.57
2024-10-12 10:00:00,10,5,10,1,0,0,27.9,58.0,10.6,64.86
2024-10-12 11:00:00,11,5,10,1,0,0,29.9,59.5,11.4,72.4
2024-10-12 12:00:00,12,5,10,1,0,0,32.3,62.9,15.7,83.09
2024-10-12 13:00:00,13,5,10,1,0,0,29.8,55.1,18.0,75.5
2024-10-12 14:00:00,14,5,10,1,0,0,33.2,50.8,17.7,88.76
2024-10-12 15:00:00,15,5,10,1,0,0,36.0,47.6,11.7,96.04
2024-10-12 16:00:00,16,5,10,1,0,0,32.6,55.5,17.6,86.37
2024-10-12 17:00:00,17,5,10,1,0,0,30.7,57.9,14.9,82.92
2024-10-12 18:00:00,18,5,10,1,0,0,28.8,55.2,15.6,69.37
2024-10-12 19:00:00,19,5,10,1,0,0,30.0,59.6,7.0,70.4
2024-10-12 20:00:00,20,5,10,1,0,0,25.2,61.7,4.7,47.7
2024-10-12 21:00:00,21,5,10,1,0,0,28.3,57.9,3.7,57.59
2024-10-12 22:00:00,22,5,10,1,0,0,26.9,55.1,7.4,56.77
2024-10-12 23:00:00,23,5,10,1,0,0,22.5,59.8,4.1,47.42
2024-10-13 00:00:00,0,6,10,1,0,0,20.8,53.2,4.5,52.15
2024-10-13 01:00:00,1,6,10,1,0,0,22.0,63.0,6.5,52.33
2024-10-13 02:00:00,2,6,10,1,0,0,21.9,62.3,6.4,45.32
2024-10-13 03:00:00,3,6,10,1,0,0,18.7,65.2,7.0,59.43
2024-10-13 04:00:00,4,6,10,1,0,0,19.8,65.7,3.9,51.37
2024-10-13 05:00:00,5,6,10,1,0,0,19.4,65.5,4.8,51.46
2024-10-13 06:00:00,6,6,10,1,0,0,23.9,60.3,3.6,54.78
2024-10-13 07:00:00,7,6,10,1,0,0,25.9,59.6,5.7,58.76
2024-10-13 08:00:00,8,6,10,1,0,0,24.0,55.1,4.5,50.29
2024-10-13 09:00:00,9,6,10,1,0,0,27.3,56.1,6.4,53.38
2024-10-13 10:00:00,10,6,10,1,0,0,27.2,58.7,10.0,64.09
2024-10-13 11:00:00,11,6,10,1,0,0,29.4,54.0,10.7,66.38
2024-10-13 12:00:00,12,6,10,1,0,0,33.0,57.8,15.2,90.48
2024-10-13 13:00:00,13,6,10,1,0,0,31.4,52.9,21.5,84.24
2024-10-13 14:00:00,14,6,10,1,0,0,32.4,55.7,20.7,88.44
2024-10-13 15:00:00,15,6,10,1,0,0,29.8,57.1,21.9,76.69
2024-10-13 16:00:00,16,6,10,1,0,0,32.4,57.8,15.0,79.99
2024-10-13 17:00:00,17,6,10,1,0,0,30.9,59.5,10.6,73.95
2024-10-13 18:00:00,18,6,10,1,0,0,28.4,60.4,13.7,68.28
2024-10-13 19:00:00,19,6,10,1,0,0,27.8,49.6,6.4,59.46
2024-10-13 20:00:00,20,6,10,1,0,0,26.7,63.6,3.7,62.49
2024-10-13 21:00:00,21,6,10,1,0,0,23.3,67.3,4.5,53.17
2024-10-13 22:00:00,22,6,10,1,0,0,20.5,61.2,3.3,50.41
2024-10-13 23:00:00,23,6,10,1,0,0,25.1,60.9,5.4,44.82
2024-10-14 00:00:00,0,0,10,0,0,0,19.4,60.4,5.7,54.75
2024-10-14 01:00:00,1,0,10,0,0,0,19.7,55.9,4.7,60.97
2024-10-14 02:00:00,2,0,10,0,0,0,21.5,59.5,7.3,52.65
2024-10-14 03:00:00,3,0,10,0,0,0,26.3,56.9,6.8,54.8
2024-10-14 04:00:00,4,0,10,0,0,0,18.3,63.3,8.3,54.5
2024-10-14 05:00:00,5,0,10,0,0,0,22.4,58.0,10.0,50.62
2024-10-14 06:00:00,6,0,10,0,0,0,21.7,59.4,4.9,53.01
2024-10-14 07:00:00,7,0,10,0,0,0,23.5,61.0,10.3,60.22
2024-10-14 08:00:00,8,0,10,0,1,0,24.9,57.0,45.8,80.96
2024-10-14 09:00:00,9,0,10,0,1,0,25.8,61.6,58.3,93.56
2024-10-14 10:00:00,10,0,10,0,1,1,29.4,59.6,88.8,154.09
2024-10-14 11:00:00,11,0,10,0,1,1,28.1,67.4,94.4,146.76
2024-10-14 12:00:00,12,0,10,0,1,1,33.5,58.6,88.6,173.23
2024-10-14 13:00:00,13,0,10,0,1,1,32.6,55.7,62.4,150.4
2024-10-14 14:00:00,14,0,10,0,1,1,33.4,51.6,83.8,173.18
2024-10-14 15:00:00,15,0,10,0,1,1,31.6,56.6,81.7,167.2
2024-10-14 16:00:00,16,0,10,0,1,1,31.1,57.0,83.1,163.66
2024-10-14 17:00:00,17,0,10,0,1,0,31.3,53.5,28.9,98.05
2024-10-14 18:00:00,18,0,10,0,1,0,27.3,61.5,35.0,85.53
2024-10-14 19:00:00,19,0,10,0,0,0,27.2,52.9,28.0,77.57
2024-10-14 20:00:00,20,0,10,0,0,0,24.6,59.3,10.0,53.28
2024-10-14 21:00:00,21,0,10,0,0,0,22.9,63.7,8.8,58.58
2024-10-14 22:00:00,22,0,10,0,0,0,19.1,63.0,4.6,52.42
2024-10-14 23:00:00,23,0,10,0,0,0,24.0,59.9,11.1,52.0
2024-10-15 00:00:00,0,1,10,0,0,0,19.1,63.6,8.9,51.48
2024-10-15 01:00:00,1,1,10,0,0,0,21.8,58.9,6.5,48.64
2024-10-15 02:00:00,2,1,10,0,0,0,21.4,67.2,4.4,44.6
2024-10-15 03:00:00,3,1,10,0,0,0,17.3,61.3,9.1,55.8
2024-10-15 04:00:00,4,1,10,0,0,0,18.4,65.9,7.0,49.08
2024-10-15 05:00:00,5,1,10,0,0,0,26.0,61.0,11.3,57.72
2024-10-15 06:00:00,6,1,10,0,0,0,25.8,55.6,4.3,54.42
2024-10-15 07:00:00,7,1,10,0,0,0,24.2,60.9,4.3,50.7
2024-10-15 08:00:00,8,1,10,0,1,0,26.4,55.4,73.5,107.68
2024-10-15 09:00:00,9,1,10,0,1,0,26.5,64.5,73.9,115.61
2024-10-15 10:00:00,10,1,10,0,1,1,30.0,51.9,80.4,151.62
2024-10-15 11:00:00,11,1,10,0,1,1,29.2,54.4,90.7,145.93
2024-10-15 12:00:00,12,1,10,0,1,1,27.9,53.1,83.3,142.19
2024-10-15 13:00:00,13,1,10,0,1,1,29.8,51.2,70.5,139.86
2024-10-15 14:00:00,14,1,10,0,1,1,32.5,61.1,89.8,172.37
2024-10-15 15:00:00,15,1,10,0,1,1,30.2,58.5,76.7,146.27
2024-10-15 16:00:00,16,1,10,0,1,1,31.4,56.1,79.1,165.09
2024-10-15 17:00:00,17,1,10,0,1,0,28.6,54.9,25.5,80.49
2024-10-15 18:00:00,18,1,10,0,1,0,27.8,61.7,25.9,77.64
2024-10-15 19:00:00,19,1,10,0,0,0,29.2,53.8,25.6,80.22
2024-10-15 20:00:00,20,1,10,0,0,0,26.4,62.2,10.4,58.06
2024-10-15 21:00:00,21,1,10,0,0,0,24.2,57.1,6.4,52.3
2024-10-15 22:00:00,22,1,10,0,0,0,24.3,57.9,7.9,57.14
2024-10-15 23:00:00,23,1,10,0,0,0,22.2,65.0,10.3,60.43
2024-10-16 00:00:00,0,2,10,0,0,0,22.7,65.1,8.0,57.32
2024-10-16 01:00:00,1,2,10,0,0,0,18.6,66.9,7.4,54.95
2024-10-16 02:00:00,2,2,10,0,0,0,18.4,60.4,4.1,54.09
2024-10-16 03:00:00,3,2,10,0,0,0,17.1,63.7,8.5,50.34
2024-10-16 04:00:00,4,2,10,0,0,0,19.3,64.6,5.0,49.32
2024-10-16 05:00:00,5,2,10,0,0,0,22.8,58.1,10.1,56.95
2024-10-16 06:00:00,6,2,10,0,0,0,24.8,65.6,6.1,53.2
2024-10-16 07:00:00,7,2,10,0,0,0,25.7,49.9,9.4,59.04
2024-10-16 08:00:00,8,2,10,0,1,0,22.5,58.6,64.4,97.5
2024-10-16 09:00:00,9,2,10,0,1,0,29.3,55.0,63.5,118.97
2024-10-16 10:00:00,10,2,10,0,1,1,25.6,48.2,84.0,127.47
2024-10-16 11:00:00,11,2,10,0,1,1,31.9,49.6,84.0,162.68
2024-10-16 12:00:00,12,2,10,0,1,1,30.7,58.5,92.9,160.24
2024-10-16 13:00:00,13,2,10,0,1,1,33.2,54.4,60.2,152.98
2024-10-16 14:00:00,14,2,10,0,1,1,29.8,62.9,78.1,140.38
2024-10-16 15:00:00,15,2,10,0,1,1,34.1,59.8,85.4,187.2
2024-10-16 16:00:00,16,2,10,0,1,1,28.7,59.1,88.9,145.66
2024-10-16 17:00:00,17,2,10,0,1,0,29.1,58.4,32.2,88.81
2024-10-16 18:00:00,18,2,10,0,1,0,27.2,58.7,38.1,89.46
2024-10-16 19:00:00,19,2,10,0,0,0,24.2,49.9,36.1,75.99
2024-10-16 20:00:00,20,2,10,0,0,0,25.9,53.8,4.5,54.84
2024-10-16 21:00:00,21,2,10,0,0,0,27.3,58.8,9.0,66.66
2024-10-16 22:00:00,22,2,10,0,0,0,27.2,60.9,10.5,63.74
2024-10-16 23:00:00,23,2,10,0,0,0,21.3,63.7,11.9,53.81
2024-10-17 00:00:00,0,3,10,0,0,0,21.8,58.7,4.2,51.42
2024-10-17 01:00:00,1,3,10,0,0,0,19.6,67.5,9.3,60.97
2024-10-17 02:00:00,2,3,10,0,0,0,19.9,69.5,7.3,49.76
2024-10-17 03:00:00,3,3,10,0,0,0,18.6,68.2,4.1,46.54
2024-10-17 04:00:00,4,3,10,0,0,0,20.2,67.3,8.9,56.38
2024-10-17 05:00:00,5,3,10,0,0,0,21.8,60.0,5.0,50.88
2024-10-17 06:00:00,6,3,10,0,0,0,21.2,67.0,7.0,51.34
2024-10-17 07:00:00,7,3,10,0,0,0,23.6,61.6,6.1,48.36
2024-10-17 08:00:00,8,3,10,0,1,0,25.4,61.8,55.8,85.96
2024-10-17 09:00:00,9,3,10,0,1,0,28.6,58.9,59.8,104.8
2024-10-17 10:00:00,10,3,10,0,1,1,26.8,58.3,85.4,145.49
2024-10-17 11:00:00,11,3,10,0,1,1,30.0,53.1,88.3,163.81
2024-10-17 12:00:00,12,3,10,0,1,1,34.5,53.0,83.6,179.88
2024-10-17 13:00:00,13,3,10,0,1,1,33.8,57.8,69.5,173.17
2024-10-17 14:00:00,14,3,10,0,1,1,34.4,51.7,89.5,195.89
2024-10-17 15:00:00,15,3,10,0,1,1,31.8,58.8,78.8,166.82
2024-10-17 16:00:00,16,3,10,0,1,1,31.7,58.3,83.6,163.81
2024-10-17 17:00:00,17,3,10,0,1,0,31.9,54.0,38.0,104.44
2024-10-17 18:00:00,18,3,10,0,1,0,31.5,61.0,36.3,102.18
2024-10-17 19:00:00,19,3,10,0,0,0,23.6,59.6,32.3,75.74
2024-10-17 20:00:00,20,3,10,0,0,0,23.1,67.4,9.1,52.78
2024-10-17 21:00:00,21,3,10,0,0,0,26.1,61.0,4.2,52.48
2024-10-17 22:00:00,22,3,10,0,0,0,21.7,62.2,7.0,55.27
2024-10-17 23:00:00,23,3,10,0,0,0,19.7,60.2,8.3,57.85
2024-10-18 00:00:00,0,4,10,0,0,0,17.3,65.0,4.2,50.86
2024-10-18 01:00:00,1,4,10,0,0,0,17.9,64.2,8.1,55.98
2024-10-18 02:00:00,2,4,10,0,0,0,16.2,61.1,9.2,54.98
2024-10-18 03:00:00,3,4,10,0,0,0,22.7,60.7,10.1,54.47
2024-10-18 04:00:00,4,4,10,0,0,0,19.5,60.6,4.9,48.87
2024-10-18 05:00:00,5,4,10,0,0,0,20.5,65.5,11.9,52.88
2024-10-18 06:00:00,6,4,10,0,0,0,23.0,66.6,8.8,52.37
2024-10-18 07:00:00,7,4,10,0,0,0,25.3,54.9,6.9,52.05
2024-10-18 08:00:00,8,4,10,0,1,0,26.9,65.5,52.5,96.45
2024-10-18 09:00:00,9,4,10,0,1,0,28.8,56.8,62.2,116.46
2024-10-18 10:00:00,10,4,10,0,1,1,27.3,54.5,93.2,144.28
2024-10-18 11:00:00,11,4,10,0,1,1,29.3,60.0,87.8,149.18
2024-10-18 12:00:00,12,4,10,0,1,1,32.2,53.2,89.9,183.28
2024-10-18 13:00:00,13,4,10,0,1,1,30.5,55.8,65.4,139.66
2024-10-18 14:00:00,14,4,10,0,1,1,31.7,53.7,81.6,168.84
2024-10-18 15:00:00,15,4,10,0,1,1,32.2,51.7,79.9,165.31
2024-10-18 16:00:00,16,4,10,0,1,1,32.3,57.8,87.0,175.08
2024-10-18 17:00:00,17,4,10,0,1,0,26.6,57.7,32.2,81.84
2024-10-18 18:00:00,18,4,10,0,1,0,29.8,50.9,28.8,86.71
2024-10-18 19:00:00,19,4,10,0,0,0,26.5,61.2,32.4,80.35
2024-10-18 20:00:00,20,4,10,0,0,0,26.5,54.1,10.8,64.56
2024-10-18 21:00:00,21,4,10,0,0,0,24.9,55.5,9.9,55.09
2024-10-18 22:00:00,22,4,10,0,0,0,24.9,64.8,6.7,53.95
2024-10-18 23:00:00,23,4,10,0,0,0,23.1,56.5,11.3,56.39
2024-10-19 00:00:00,0,5,10,1,0,0,21.8,53.0,3.4,46.93
2024-10-19 01:00:00,1,5,10,1,0,0,21.3,65.1,3.2,51.72
2024-10-19 02:00:00,2,5,10,1,0,0,19.0,63.0,3.6,53.86
2024-10-19 03:00:00,3,5,10,1,0,0,18.8,63.5,3.6,50.13
2024-10-19 04:00:00,4,5,10,1,0,0,20.9,61.6,3.4,51.54
2024-10-19 05:00:00,5,5,10,1,0,0,21.7,63.2,6.3,57.01
2024-10-19 06:00:00,6,5,10,1,0,0,21.2,59.6,6.0,51.02
2024-10-19 07:00:00,7,5,10,1,0,0,24.0,66.6,6.2,53.62
2024-10-19 08:00:00,8,5,10,1,0,0,24.9,54.2,6.4,52.17
2024-10-19 09:00:00,9,5,10,1,0,0,25.1,61.7,6.8,52.77
2024-10-19 10:00:00,10,5,10,1,0,0,30.5,58.7,12.5,75.84
2024-10-19 11:00:00,11,5,10,1,0,0,29.7,53.7,17.5,77.38
2024-10-19 12:00:00,12,5,10,1,0,0,34.3,49.4,17.0,95.36
2024-10-19 13:00:00,13,5,10,1,0,0,28.3,61.8,21.3,75.35
2024-10-19 14:00:00,14,5,10,1,0,0,30.5,52.2,12.8,76.52
2024-10-19 15:00:00,15,5,10,1,0,0,31.3,53.2,10.7,81.09
2024-10-19 16:00:00,16,5,10,1,0,0,32.7,58.2,17.8,91.47
2024-10-19 17:00:00,17,5,10,1,0,0,30.3,56.4,18.9,81.14
2024-10-19 18:00:00,18,5,10,1,0,0,28.8,50.2,13.4,71.55
2024-10-19 19:00:00,19,5,10,1,0,0,24.6,67.3,5.9,52.12
2024-10-19 20:00:00,20,5,10,1,0,0,22.9,59.3,3.3,49.87
2024-10-19 21:00:00,21,5,10,1,0,0,23.9,59.2,7.8,55.19
2024-10-19 22:00:00,22,5,10,1,0,0,19.3,65.0,3.5,50.8
2024-10-19 23:00:00,23,5,10,1,0,0,19.4,66.4,3.3,52.91
2024-10-20 00:00:00,0,6,10,1,0,0,20.0,71.3,3.2,54.36
2024-10-20 01:00:00,1,6,10,1,0,0,16.7,59.2,5.1,51.35
2024-10-20 02:00:00,2,6,10,1,0,0,21.1,66.0,3.5,44.09
2024-10-20 03:00:00,3,6,10,1,0,0,20.7,66.0,6.7,59.33
2024-10-20 04:00:00,4,6,10,1,0,0,16.3,65.5,7.5,51.31
2024-10-20 05:00:00,5,6,10,1,0,0,18.5,67.7,4.3,51.72
2024-10-20 06:00:00,6,6,10,1,0,0,17.4,69.1,6.1,54.72
2024-10-20 07:00:00,7,6,10,1,0,0,21.6,56.9,3.2,54.81
2024-10-20 08:00:00,8,6,10,1,0,0,26.1,66.2,4.9,61.22
2024-10-20 09:00:00,9,6,10,1,0,0,25.7,53.3,4.5,53.06
2024-10-20 10:00:00,10,6,10,1,0,0,28.8,52.8,12.7,73.13
2024-10-20 11:00:00,11,6,10,1,0,0,26.6,57.8,17.7,67.39
2024-10-20 12:00:00,12,6,10,1,0,0,31.8,62.9,11.6,87.17
2024-10-20 13:00:00,13,6,10,1,0,0,30.0,55.3,20.3,83.78
2024-10-20 14:00:00,14,6,10,1,0,0,31.3,55.5,18.0,82.34
2024-10-20 15:00:00,15,6,10,1,0,0,30.8,61.7,18.5,78.98
2024-10-20 16:00:00,16,6,10,1,0,0,28.1,56.6,21.2,65.93
2024-10-20 17:00:00,17,6,10,1,0,0,27.3,53.7,21.3,73.95
2024-10-20 18:00:00,18,6,10,1,0,0,29.7,55.0,16.6,79.02
2024-10-20 19:00:00,19,6,10,1,0,0,27.1,64.0,5.5,60.76
2024-10-20 20:00:00,20,6,10,1,0,0,26.6,59.2,4.7,48.94
2024-10-20 21:00:00,21,6,10,1,0,0,23.6,68.7,6.6,48.73
2024-10-20 22:00:00,22,6,10,1,0,0,21.7,65.3,5.7,53.64
2024-10-20 23:00:00,23,6,10,1,0,0,17.0,63.0,7.7,59.26
2024-10-21 00:00:00,0,0,10,0,0,0,18.4,64.8,5.9,52.07
2024-10-21 01:00:00,1,0,10,0,0,0,18.2,61.3,6.5,56.17
2024-10-21 02:00:00,2,0,10,0,0,0,21.5,59.8,6.5,49.37
2024-10-21 03:00:00,3,0,10,0,0,0,19.5,81.8,10.4,56.15
2024-10-21 04:00:00,4,0,10,0,0,0,21.6,66.5,4.8,50.58
2024-10-21 05:00:00,5,0,10,0,0,0,21.0,66.2,7.6,57.27
2024-10-21 06:00:00,6,0,10,0,0,0,20.0,61.0,7.4,51.6
2024-10-21 07:00:00,7,0,10,0,0,0,23.0,67.7,4.6,56.68
2024-10-21 08:00:00,8,0,10,0,1,0,24.9,64.5,57.3,90.62
2024-10-21 09:00:00,9,0,10,0,1,0,24.5,67.9,60.4,89.22
2024-10-21 10:00:00,10,0,10,0,1,1,27.1,65.9,81.0,133.46
2024-10-21 11:00:00,11,0,10,0,1,1,28.7,51.5,87.6,145.85
2024-10-21 12:00:00,12,0,10,0,1,1,33.0,50.0,94.4,183.3
2024-10-21 13:00:00,13,0,10,0,1,1,27.0,54.6,74.7,130.57
2024-10-21 14:00:00,14,0,10,0,1,1,33.2,50.5,84.0,178.85
2024-10-21 15:00:00,15,0,10,0,1,1,29.1,58.4,83.8,148.3
2024-10-21 16:00:00,16,0,10,0,1,1,27.7,55.8,79.9,132.55
2024-10-21 17:00:00,17,0,10,0,1,0,31.2,64.0,44.9,107.37
2024-10-21 18:00:00,18,0,10,0,1,0,29.1,64.7,30.5,81.78
2024-10-21 19:00:00,19,0,10,0,0,0,28.4,57.6,34.1,83.64
2024-10-21 20:00:00,20,0,10,0,0,0,25.9,67.2,4.0,55.06
2024-10-21 21:00:00,21,0,10,0,0,0,26.5,64.9,6.8,57.23
2024-10-21 22:00:00,22,0,10,0,0,0,22.3,60.1,4.6,50.37
2024-10-21 23:00:00,23,0,10,0,0,0,19.6,55.7,10.0,59.01
2024-10-22 00:00:00,0,1,10,0,0,0,19.2,63.2,8.5,54.08
2024-10-22 01:00:00,1,1,10,0,0,0,20.2,60.8,8.6,59.97
2024-10-22 02:00:00,2,1,10,0,0,0,16.4,66.8,6.3,54.82
2024-10-22 03:00:00,3,1,10,0,0,0,16.8,66.1,10.5,52.47
2024-10-22 04:00:00,4,1,10,0,0,0,18.1,65.1,4.0,57.07
2024-10-22 05:00:00,5,1,10,0,0,0,15.9,68.5,6.7,53.71
2024-10-22 06:00:00,6,1,10,0,0,0,21.3,57.7,9.3,60.69
2024-10-22 07:00:00,7,1,10,0,0,0,19.2,65.7,11.3,55.28
2024-10-22 08:00:00,8,1,10,0,1,0,24.4,58.7,52.0,87.13
2024-10-22 09:00:00,9,1,10,0,1,0,27.5,59.0,61.2,106.67
2024-10-22 10:00:00,10,1,10,0,1,1,26.6,62.7,88.1,139.44
2024-10-22 11:00:00,11,1,10,0,1,1,31.9,50.3,93.1,179.13
2024-10-22 12:00:00,12,1,10,0,1,1,27.3,57.3,80.8,146.76
2024-10-22 13:00:00,13,1,10,0,1,1,32.7,54.1,66.4,148.16
2024-10-22 14:00:00,14,1,10,0,1,1,32.0,53.0,78.1,166.86
2024-10-22 15:00:00,15,1,10,0,1,1,27.4,61.9,75.4,131.38
2024-10-22 16:00:00,16,1,10,0,1,1,34.8,50.3,77.5,170.84
2024-10-22 17:00:00,17,1,10,0,1,0,28.7,55.2,44.5,98.31
2024-10-22 18:00:00,18,1,10,0,1,0,25.9,56.5,29.3,75.38
2024-10-22 19:00:00,19,1,10,0,0,0,23.4,65.5,43.7,81.64
2024-10-22 20:00:00,20,1,10,0,0,0,23.9,58.8,5.6,53.22
2024-10-22 21:00:00,21,1,10,0,0,0,22.3,63.7,11.5,59.08
2024-10-22 22:00:00,22,1,10,0,0,0,21.2,70.6,9.2,52.69
2024-10-22 23:00:00,23,1,10,0,0,0,19.1,63.8,4.9,52.37
2024-10-23 00:00:00,0,2,10,0,0,0,19.5,68.3,8.7,56.5
2024-10-23 01:00:00,1,2,10,0,0,0,17.0,72.3,6.5,57.01
2024-10-23 02:00:00,2,2,10,0,0,0,14.0,71.8,7.1,53.74
2024-10-23 03:00:00,3,2,10,0,0,0,17.5,65.2,7.5,52.72
2024-10-23 04:00:00,4,2,10,0,0,0,14.1,70.2,7.4,53.59
2024-10-23 05:00:00,5,2,10,0,0,0,20.1,58.3,9.3,50.88
2024-10-23 06:00:00,6,2,10,0,0,0,19.0,61.1,10.1,57.73
2024-10-23 07:00:00,7,2,10,0,0,0,22.6,59.3,6.6,48.09
2024-10-23 08:00:00,8,2,10,0,1,0,26.4,68.0,72.7,110.59
2024-10-23 09:00:00,9,2,10,0,1,0,24.0,57.4,73.2,100.97
2024-10-23 10:00:00,10,2,10,0,1,1,29.2,53.8,80.6,139.94
2024-10-23 11:00:00,11,2,10,0,1,1,27.8,53.9,80.2,139.61
2024-10-23 12:00:00,12,2,10,0,1,1,32.8,56.8,86.4,168.84
2024-10-23 13:00:00,13,2,10,0,1,1,29.6,57.4,68.9,132.3
2024-10-23 14:00:00,14,2,10,0,1,1,29.0,61.5,79.7,144.3
2024-10-23 15:00:00,15,2,10,0,1,1,31.5,58.1,79.4,156.58
2024-10-23 16:00:00,16,2,10,0,1,1,28.9,51.7,86.5,153.1
2024-10-23 17:00:00,17,2,10,0,1,0,27.1,55.3,37.0,87.9
2024-10-23 18:00:00,18,2,10,0,1,0,26.4,64.5,28.3,77.94
2024-10-23 19:00:00,19,2,10,0,0,0,25.6,58.8,42.7,82.97
2024-10-23 20:00:00,20,2,10,0,0,0,26.4,63.8,9.4,57.42
2024-10-23 21:00:00,21,2,10,0,0,0,18.9,63.7,6.9,54.56
2024-10-23 22:00:00,22,2,10,0,0,0,20.8,59.1,9.5,52.65
2024-10-23 23:00:00,23,2,10,0,0,0,20.5,61.9,4.9,57.34
2024-10-24 00:00:00,0,3,10,0,0,0,18.5,60.7,7.7,56.32
2024-10-24 01:00:00,1,3,10,0,0,0,19.9,61.3,5.4,52.56
2024-10-24 02:00:00,2,3,10,0,0,0,17.1,66.3,4.3,52.74
2024-10-24 03:00:00,3,3,10,0,0,0,17.2,67.5,6.7,53.39
2024-10-24 04:00:00,4,3,10,0,0,0,19.2,57.7,5.2,50.57
2024-10-24 05:00:00,5,3,10,0,0,0,19.4,63.9,9.1,56.15
2024-10-24 06:00:00,6,3,10,0,0,0,19.8,61.3,9.4,53.99
2024-10-24 07:00:00,7,3,10,0,0,0,23.0,58.8,5.2,57.94
2024-10-24 08:00:00,8,3,10,0,1,0,22.6,62.2,45.7,78.69
2024-10-24 09:00:00,9,3,10,0,1,0,24.4,58.2,68.8,100.09
2024-10-24 10:00:00,10,3,10,0,1,1,26.1,64.8,80.0,131.3
2024-10-24 11:00:00,11,3,10,0,1,1,30.8,60.7,85.2,156.2
2024-10-24 12:00:00,12,3,10,0,1,1,23.6,65.7,87.4,126.65
2024-10-24 13:00:00,13,3,10,0,1,1,30.8,54.0,72.3,156.11
2024-10-24 14:00:00,14,3,10,0,1,1,30.3,52.4,89.3,156.99
2024-10-24 15:00:00,15,3,10,0,1,1,27.0,58.9,87.3,148.2
2024-10-24 16:00:00,16,3,10,0,1,1,30.0,55.9,79.2,156.53
2024-10-24 17:00:00,17,3,10,0,1,0,29.2,54.6,39.4,94.83
2024-10-24 18:00:00,18,3,10,0,1,0,28.1,53.1,29.9,77.18
2024-10-24 19:00:00,19,3,10,0,0,0,20.7,62.8,29.3,70.97
2024-10-24 20:00:00,20,3,10,0,0,0,26.2,57.5,8.4,56.27
2024-10-24 21:00:00,21,3,10,0,0,0,20.8,65.7,9.4,50.18
2024-10-24 22:00:00,22,3,10,0,0,0,21.8,64.9,4.4,52.55
2024-10-24 23:00:00,23,3,10,0,0,0,20.5,67.6,4.5,47.21
2024-10-25 00:00:00,0,4,10,0,0,0,16.3,61.1,10.3,48.72
2024-10-25 01:00:00,1,4,10,0,0,0,18.5,66.2,10.9,60.0
2024-10-25 02:00:00,2,4,10,0,0,0,16.3,63.2,8.8,52.54
2024-10-25 03:00:00,3,4,10,0,0,0,13.5,63.2,7.4,48.48
2024-10-25 04:00:00,4,4,10,0,0,0,20.0,61.8,10.8,52.7
2024-10-25 05:00:00,5,4,10,0,0,0,17.6,69.5,9.8,52.75
2024-10-25 06:00:00,6,4,10,0,0,0,18.8,62.9,8.6,57.85
2024-10-25 07:00:00,7,4,10,0,0,0,21.1,69.0,6.6,47.43
2024-10-25 08:00:00,8,4,10,0,1,0,24.0,62.9,50.9,80.36
2024-10-25 09:00:00,9,4,10,0,1,0,25.1,58.4,57.6,95.63
2024-10-25 10:00:00,10,4,10,0,1,1,27.8,62.7,84.3,136.15
2024-10-25 11:00:00,11,4,10,0,1,1,25.7,61.3,85.1,137.6
2024-10-25 12:00:00,12,4,10,0,1,1,27.8,54.3,87.7,138.24
2024-10-25 13:00:00,13,4,10,0,1,1,29.6,64.2,62.5,134.44
2024-10-25 14:00:00,14,4,10,0,1,1,33.5,55.1,88.7,183.74
2024-10-25 15:00:00,15,4,10,0,1,1,29.6,56.9,77.5,149.22
2024-10-25 16:00:00,16,4,10,0,1,1,31.1,52.3,83.2,164.45
2024-10-25 17:00:00,17,4,10,0,1,0,28.2,62.5,39.9,89.37
2024-10-25 18:00:00,18,4,10,0,1,0,25.9,61.4,34.7,75.46
2024-10-25 19:00:00,19,4,10,0,0,0,24.8,62.7,32.2,75.25
2024-10-25 20:00:00,20,4,10,0,0,0,23.2,59.2,7.8,56.83
2024-10-25 21:00:00,21,4,10,0,0,0,22.9,64.8,10.8,53.22
2024-10-25 22:00:00,22,4,10,0,0,0,22.8,65.2,11.9,61.25
2024-10-25 23:00:00,23,4,10,0,0,0,19.6,61.1,9.0,54.64
2024-10-26 00:00:00,0,5,10,1,0,0,19.8,58.0,7.0,54.67
2024-10-26 01:00:00,1,5,10,1,0,0,15.3,69.1,3.1,54.99
2024-10-26 02:00:00,2,5,10,1,0,0,16.1,59.9,7.4,55.79
2024-10-26 03:00:00,3,5,10,1,0,0,15.7,67.1,7.8,53.62
2024-10-26 04:00:00,4,5,10,1,0,0,18.2,63.0,5.9,50.1
2024-10-26 05:00:00,5,5,10,1,0,0,18.1,69.7,6.8,61.56
2024-10-26 06:00:00,6,5,10,1,0,0,21.4,60.9,5.6,49.51
2024-10-26 07:00:00,7,5,10,1,0,0,19.9,68.0,4.4,52.19
2024-10-26 08:00:00,8,5,10,1,0,0,23.4,59.1,7.3,54.89
2024-10-26 09:00:00,9,5,10,1,0,0,26.2,63.2,6.0,58.31
2024-10-26 10:00:00,10,5,10,1,0,0,22.8,69.8,17.0,67.05
2024-10-26 11:00:00,11,5,10,1,0,0,31.7,51.0,17.9,84.47
2024-10-26 12:00:00,12,5,10,1,0,0,28.4,58.8,20.3,74.28
2024-10-26 13:00:00,13,5,10,1,0,0,25.9,70.4,18.8,70.62
2024-10-26 14:00:00,14,5,10,1,0,0,30.1,56.7,12.5,72.96
2024-10-26 15:00:00,15,5,10,1,0,0,29.6,57.0,15.6,77.34
2024-10-26 16:00:00,16,5,10,1,0,0,28.8,60.5,21.8,77.89
2024-10-26 17:00:00,17,5,10,1,0,0,29.7,56.9,16.7,78.83
2024-10-26 18:00:00,18,5,10,1,0,0,27.9,51.1,21.3,76.07
2024-10-26 19:00:00,19,5,10,1,0,0,25.5,64.2,7.1,54.47
2024-10-26 20:00:00,20,5,10,1,0,0,24.1,52.6,6.3,46.72
2024-10-26 21:00:00,21,5,10,1,0,0,21.4,60.9,4.7,46.03
2024-10-26 22:00:00,22,5,10,1,0,0,23.3,66.0,4.5,45.35
2024-10-26 23:00:00,23,5,10,1,0,0,16.0,64.9,6.2,52.17
2024-10-27 00:00:00,0,6,10,1,0,0,17.7,62.3,5.2,44.22
2024-10-27 01:00:00,1,6,10,1,0,0,16.9,69.2,7.0,52.53
2024-10-27 02:00:00,2,6,10,1,0,0,18.0,61.5,6.8,53.32
2024-10-27 03:00:00,3,6,10,1,0,0,15.3,61.9,4.6,54.05
2024-10-27 04:00:00,4,6,10,1,0,0,14.3,68.6,6.5,54.63
2024-10-27 05:00:00,5,6,10,1,0,0,18.8,63.6,5.5,54.85
2024-10-27 06:00:00,6,6,10,1,0,0,20.3,58.3,4.6,52.64
2024-10-27 07:00:00,7,6,10,1,0,0,24.1,63.2,5.1,50.72
2024-10-27 08:00:00,8,6,10,1,0,0,20.8,64.8,7.5,53.06
2024-10-27 09:00:00,9,6,10,1,0,0,26.8,57.3,4.8,54.32
2024-10-27 10:00:00,10,6,10,1,0,0,30.6,54.9,13.4,76.67
2024-10-27 11:00:00,11,6,10,1,0,0,27.0,60.5,14.2,60.05
2024-10-27 12:00:00,12,6,10,1,0,0,26.4,63.8,12.6,65.6
2024-10-27 13:00:00,13,6,10,1,0,0,28.6,56.3,16.5,68.92
2024-10-27 14:00:00,14,6,10,1,0,0,29.6,59.4,11.8,71.59
2024-10-27 15:00:00,15,6,10,1,0,0,30.4,58.5,19.8,82.3
2024-10-27 16:00:00,16,6,10,1,0,0,27.6,61.7,12.7,69.37
2024-10-27 17:00:00,17,6,10,1,0,0,30.5,56.3,17.2,73.81
2024-10-27 18:00:00,18,6,10,1,0,0,24.3,56.8,11.5,55.61
2024-10-27 19:00:00,19,6,10,1,0,0,21.6,60.5,7.9,55.45
2024-10-27 20:00:00,20,6,10,1,0,0,25.1,61.3,5.3,59.17
2024-10-27 21:00:00,21,6,10,1,0,0,17.3,72.7,7.1,52.99
2024-10-27 22:00:00,22,6,10,1,0,0,19.5,61.9,6.8,50.99
2024-10-27 23:00:00,23,6,10,1,0,0,24.1,63.8,6.6,59.33
2024-10-28 00:00:00,0,0,10,0,0,0,17.2,64.1,10.6,58.2
2024-10-28 01:00:00,1,0,10,0,0,0,14.5,67.8,4.8,56.09
2024-10-28 02:00:00,2,0,10,0,0,0,16.2,72.2,9.4,50.9
2024-10-28 03:00:00,3,0,10,0,0,0,16.5,69.0,6.1,54.06
2024-10-28 04:00:00,4,0,10,0,0,0,17.5,60.3,10.3,51.95
2024-10-28 05:00:00,5,0,10,0,0,0,19.4,61.6,11.7,52.25
2024-10-28 06:00:00,6,0,10,0,0,0,17.7,70.1,11.2,57.93
2024-10-28 07:00:00,7,0,10,0,0,0,24.2,61.1,4.9,53.82
2024-10-28 08:00:00,8,0,10,0,1,0,23.3,56.6,56.1,86.85
2024-10-28 09:00:00,9,0,10,0,1,0,25.8,56.2,55.9,98.35
2024-10-28 10:00:00,10,0,10,0,1,1,25.0,62.8,81.8,125.07
2024-10-28 11:00:00,11,0,10,0,1,1,29.7,60.7,81.5,148.31
2024-10-28 12:00:00,12,0,10,0,1,1,28.0,58.0,85.8,145.08
2024-10-28 13:00:00,13,0,10,0,1,1,29.6,66.7,74.9,138.36
2024-10-28 14:00:00,14,0,10,0,1,1,27.7,61.4,84.7,151.18
2024-10-28 15:00:00,15,0,10,0,1,1,27.3,57.4,85.6,134.45
2024-10-28 16:00:00,16,0,10,0,1,1,29.7,53.4,83.0,144.68
2024-10-28 17:00:00,17,0,10,0,1,0,26.6,55.0,38.2,79.17
2024-10-28 18:00:00,18,0,10,0,1,0,24.5,61.7,44.1,86.79
2024-10-28 19:00:00,19,0,10,0,0,0,23.4,59.2,36.8,73.46
2024-10-28 20:00:00,20,0,10,0,0,0,24.1,67.3,4.5,48.87
2024-10-28 21:00:00,21,0,10,0,0,0,20.0,69.4,7.9,52.77
2024-10-28 22:00:00,22,0,10,0,0,0,19.4,66.5,11.9,59.28
2024-10-28 23:00:00,23,0,10,0,0,0,18.3,60.0,7.1,55.24
2024-10-29 00:00:00,0,1,10,0,0,0,13.5,65.4,8.8,53.25
2024-10-29 01:00:00,1,1,10,0,0,0,13.7,72.9,4.9,50.86
2024-10-29 02:00:00,2,1,10,0,0,0,16.7,63.6,5.1,47.01
2024-10-29 03:00:00,3,1,10,0,0,0,15.0,71.5,11.0,56.36
2024-10-29 04:00:00,4,1,10,0,0,0,18.9,66.2,6.4,56.71
2024-10-29 05:00:00,5,1,10,0,0,0,19.7,63.9,6.4,50.75
2024-10-29 06:00:00,6,1,10,0,0,0,20.6,60.3,7.1,55.15
2024-10-29 07:00:00,7,1,10,0,0,0,24.2,60.2,11.7,54.79
2024-10-29 08:00:00,8,1,10,0,1,0,22.5,62.5,47.5,78.69
2024-10-29 09:00:00,9,1,10,0,1,0,25.5,63.8,69.6,105.17
2024-10-29 10:00:00,10,1,10,0,1,1,24.8,56.6,85.1,136.52
2024-10-29 11:00:00,11,1,10,0,1,1,31.6,54.3,92.7,170.71
2024-10-29 12:00:00,12,1,10,0,1,1,31.8,55.4,94.9,179.29
2024-10-29 13:00:00,13,1,10,0,1,1,28.9,59.9,65.2,130.22
2024-10-29 14:00:00,14,1,10,0,1,1,29.8,53.0,77.2,156.34
2024-10-29 15:00:00,15,1,10,0,1,1,31.3,50.3,77.5,162.07
2024-10-29 16:00:00,16,1,10,0,1,1,28.0,60.6,87.9,141.6
2024-10-29 17:00:00,17,1,10,0,1,0,26.0,53.2,27.9,72.75
2024-10-29 18:00:00,18,1,10,0,1,0,27.4,63.5,30.2,80.09
2024-10-29 19:00:00,19,1,10,0,0,0,24.4,59.8,29.1,71.11
2024-10-29 20:00:00,20,1,10,0,0,0,22.9,55.3,6.8,57.73
2024-10-29 21:00:00,21,1,10,0,0,0,19.4,62.0,4.6,55.39
2024-10-29 22:00:00,22,1,10,0,0,0,16.3,67.6,10.9,56.48
2024-10-29 23:00:00,23,1,10,0,0,0,18.4,62.5,10.9,55.72
2024-10-30 00:00:00,0,2,10,0,0,0,18.4,64.7,7.3,54.52
2024-10-30 01:00:00,1,2,10,0,0,0,15.7,69.5,8.9,52.46
2024-10-30 02:00:00,2,2,10,0,0,0,18.5,63.7,9.1,57.69
2024-10-30 03:00:00,3,2,10,0,0,0,14.8,63.4,10.0,54.65
2024-10-30 04:00:00,4,2,10,0,0,0,14.8,65.9,8.2,55.57
2024-10-30 05:00:00,5,2,10,0,0,0,17.6,70.8,8.1,59.31
2024-10-30 06:00:00,6,2,10,0,0,0,19.0,70.9,9.1,56.32
2024-10-30 07:00:00,7,2,10,0,0,0,22.1,54.0,9.6,55.65
2024-10-30 08:00:00,8,2,10,0,1,0,21.0,67.2,55.4,86.23
2024-10-30 09:00:00,9,2,10,0,1,0,26.5,60.0,54.9,95.53
2024-10-30 10:00:00,10,2,10,0,1,1,29.2,60.8,84.0,140.75
2024-10-30 11:00:00,11,2,10,0,1,1,26.9,56.5,88.2,145.2
2024-10-30 12:00:00,12,2,10,0,1,1,30.2,49.3,85.4,145.55
2024-10-30 13:00:00,13,2,10,0,1,1,26.7,61.1,68.1,130.27
2024-10-30 14:00:00,14,2,10,0,1,1,30.8,52.2,81.9,165.14
2024-10-30 15:00:00,15,2,10,0,1,1,30.5,50.6,89.2,166.91
2024-10-30 16:00:00,16,2,10,0,1,1,29.6,51.5,76.2,147.59
2024-10-30 17:00:00,17,2,10,0,1,0,26.9,61.1,36.4,82.58
2024-10-30 18:00:00,18,2,10,0,1,0,20.3,63.8,36.5,68.6
2024-10-30 19:00:00,19,2,10,0,0,0,22.9,64.6,32.7,74.18
2024-10-30 20:00:00,20,2,10,0,0,0,21.2,65.3,7.4,52.8
2024-10-30 21:00:00,21,2,10,0,0,0,18.9,62.6,10.4,60.34
2024-10-30 22:00:00,22,2,10,0,0,0,19.3,63.7,6.2,53.72
2024-10-30 23:00:00,23,2,10,0,0,0,17.0,63.6,11.0,56.66
2024-10-31 00:00:00,0,3,10,0,0,0,15.0,66.2,11.2,57.35
2024-10-31 01:00:00,1,3,10,0,0,0,14.0,63.8,9.2,52.01
2024-10-31 02:00:00,2,3,10,0,0,0,14.3,69.1,10.2,54.26
2024-10-31 03:00:00,3,3,10,0,0,0,17.9,69.3,8.9,54.83
2024-10-31 04:00:00,4,3,10,0,0,0,15.3,63.5,8.2,52.94
2024-10-31 05:00:00,5,3,10,0,0,0,16.6,71.0,11.7,54.58
2024-10-31 06:00:00,6,3,10,0,0,0,18.1,65.3,6.3,51.63
2024-10-31 07:00:00,7,3,10,0,0,0,21.1,63.7,5.2,51.89
2024-10-31 08:00:00,8,3,10,0,1,0,23.0,54.6,53.6,94.01
2024-10-31 09:00:00,9,3,10,0,1,0,18.3,57.5,63.4,92.61
2024-10-31 10:00:00,10,3,10,0,1,1,27.2,59.0,82.8,129.69
2024-10-31 11:00:00,11,3,10,0,1,1,29.3,60.1,93.6,156.31
2024-10-31 12:00:00,12,3,10,0,1,1,25.9,56.7,86.2,143.52
2024-10-31 13:00:00,13,3,10,0,1,1,26.7,65.5,72.7,137.3
2024-10-31 14:00:00,14,3,10,0,1,1,27.8,61.0,79.2,147.73
2024-10-31 15:00:00,15,3,10,0,1,1,27.1,54.9,80.3,133.28
2024-10-31 16:00:00,16,3,10,0,1,1,28.2,57.9,76.0,135.03
2024-10-31 17:00:00,17,3,10,0,1,0,23.2,71.2,30.2,66.38
2024-10-31 18:00:00,18,3,10,0,1,0,23.4,56.1,34.8,71.92
2024-10-31 19:00:00,19,3,10,0,0,0,26.6,61.0,43.9,83.92
2024-10-31 20:00:00,20,3,10,0,0,0,20.5,61.9,7.1,54.63
2024-10-31 21:00:00,21,3,10,0,0,0,22.7,64.4,9.1,54.67
2024-10-31 22:00:00,22,3,10,0,0,0,19.5,68.9,7.4,54.05
2024-10-31 23:00:00,23,3,10,0,0,0,14.3,65.9,4.4,48.78
2024-11-01 00:00:00,0,4,11,0,0,0,17.4,69.8,8.0,56.48
2024-11-01 01:00:00,1,4,11,0,0,0,15.4,75.6,4.5,43.54
2024-11-01 02:00:00,2,4,11,0,0,0,14.6,67.5,11.1,55.4
2024-11-01 03:00:00,3,4,11,0,0,0,16.1,69.4,10.0,54.86
2024-11-01 04:00:00,4,4,11,0,0,0,17.1,63.2,7.0,46.57
2024-11-01 05:00:00,5,4,11,0,0,0,18.6,64.6,9.1,55.78
2024-11-01 06:00:00,6,4,11,0,0,0,20.8,62.2,4.9,50.97
2024-11-01 07:00:00,7,4,11,0,0,0,21.0,66.0,9.6,56.71
2024-11-01 08:00:00,8,4,11,0,1,0,19.4,68.7,69.7,104.58
2024-11-01 09:00:00,9,4,11,0,1,0,22.7,61.2,69.7,99.22
2024-11-01 10:00:00,10,4,11,0,1,1,30.5,62.3,84.3,157.61
2024-11-01 11:00:00,11,4,11,0,1,1,27.8,64.2,84.0,142.61
2024-11-01 12:00:00,12,4,11,0,1,1,31.8,58.6,87.8,172.98
2024-11-01 13:00:00,13,4,11,0,1,1,30.7,53.9,74.5,145.93
2024-11-01 14:00:00,14,4,11,0,1,1,28.8,54.9,90.6,149.85
2024-11-01 15:00:00,15,4,11,0,1,1,28.7,54.2,81.1,144.74
2024-11-01 16:00:00,16,4,11,0,1,1,27.5,62.0,88.3,146.06
2024-11-01 17:00:00,17,4,11,0,1,0,23.4,56.3,43.4,83.36
2024-11-01 18:00:00,18,4,11,0,1,0,25.2,62.6,30.2,70.85
2024-11-01 19:00:00,19,4,11,0,0,0,25.8,55.1,41.6,82.78
2024-11-01 20:00:00,20,4,11,0,0,0,20.8,66.2,6.1,48.68
2024-11-01 21:00:00,21,4,11,0,0,0,21.0,62.9,6.7,51.72
2024-11-01 22:00:00,22,4,11,0,0,0,20.2,68.7,5.6,49.01
2024-11-01 23:00:00,23,4,11,0,0,0,15.7,71.1,8.1,51.11
2024-11-02 00:00:00,0,5,11,1,0,0,15.2,72.6,7.2,53.01
2024-11-02 01:00:00,1,5,11,1,0,0,13.6,73.8,5.6,50.75
2024-11-02 02:00:00,2,5,11,1,0,0,13.7,68.5,3.6,59.6
2024-11-02 03:00:00,3,5,11,1,0,0,13.1,63.7,4.3,54.65
2024-11-02 04:00:00,4,5,11,1,0,0,14.4,63.2,5.8,55.93
2024-11-02 05:00:00,5,5,11,1,0,0,19.6,55.4,5.9,51.89
2024-11-02 06:00:00,6,5,11,1,0,0,16.8,61.4,5.9,52.59
2024-11-02 07:00:00,7,5,11,1,0,0,20.2,63.6,3.4,49.07
2024-11-02 08:00:00,8,5,11,1,0,0,20.8,60.7,6.8,61.29
2024-11-02 09:00:00,9,5,11,1,0,0,25.5,58.9,7.5,55.71
2024-11-02 10:00:00,10,5,11,1,0,0,27.3,60.4,16.1,65.61
2024-11-02 11:00:00,11,5,11,1,0,0,27.8,56.8,18.6,68.75
2024-11-02 12:00:00,12,5,11,1,0,0,27.9,53.5,21.0,74.57
2024-11-02 13:00:00,13,5,11,1,0,0,27.5,58.0,17.7,74.02
2024-11-02 14:00:00,14,5,11,1,0,0,26.0,55.7,18.1,68.87
2024-11-02 15:00:00,15,5,11,1,0,0,31.5,54.4,18.7,81.93
2024-11-02 16:00:00,16,5,11,1,0,0,25.9,64.7,13.1,58.78
2024-11-02 17:00:00,17,5,11,1,0,0,27.5,57.2,17.0,72.88
2024-11-02 18:00:00,18,5,11,1,0,0,26.8,65.8,20.1,75.98
2024-11-02 19:00:00,19,5,11,1,0,0,22.4,67.5,4.5,50.78
2024-11-02 20:00:00,20,5,11,1,0,0,23.5,58.7,7.5,57.26
2024-11-02 21:00:00,21,5,11,1,0,0,21.4,58.1,6.1,47.7
2024-11-02 22:00:00,22,5,11,1,0,0,21.5,62.2,5.1,48.97
2024-11-02 23:00:00,23,5,11,1,0,0,16.2,70.8,6.1,49.16
2024-11-03 00:00:00,0,6,11,1,0,0,13.5,66.1,5.0,53.62
2024-11-03 01:00:00,1,6,11,1,0,0,14.3,71.1,7.2,52.95
2024-11-03 02:00:00,2,6,11,1,0,0,15.3,71.6,5.4,52.65
2024-11-03 03:00:00,3,6,11,1,0,0,15.3,63.7,7.5,57.3
2024-11-03 04:00:00,4,6,11,1,0,0,15.1,64.2,5.5,49.87
2024-11-03 05:00:00,5,6,11,1,0,0,13.4,71.0,6.3,53.61
2024-11-03 06:00:00,6,6,11,1,0,0,19.0,64.8,8.0,49.48
2024-11-03 07:00:00,7,6,11,1,0,0,23.3,58.4,3.7,54.39
2024-11-03 08:00:00,8,6,11,1,0,0,22.3,60.5,6.7,56.33
2024-11-03 09:00:00,9,6,11,1,0,0,24.2,60.3,3.7,52.03
2024-11-03 10:00:00,10,6,11,1,0,0,25.7,53.3,20.1,66.49
2024-11-03 11:00:00,11,6,11,1,0,0,26.8,61.8,17.2,65.32
2024-11-03 12:00:00,12,6,11,1,0,0,28.8,55.4,21.3,72.37
2024-11-03 13:00:00,13,6,11,1,0,0,28.4,46.5,20.4,75.65
2024-11-03 14:00:00,14,6,11,1,0,0,27.4,58.2,10.9,66.0
2024-11-03 15:00:00,15,6,11,1,0,0,26.3,56.1,11.6,67.6
2024-11-03 16:00:00,16,6,11,1,0,0,26.6,65.6,17.2,65.11
2024-11-03 17:00:00,17,6,11,1,0,0,26.6,56.5,16.2,66.44
2024-11-03 18:00:00,18,6,11,1,0,0,24.1,56.2,12.0,60.3
2024-11-03 19:00:00,19,6,11,1,0,0,23.7,62.9,3.6,54.25
2024-11-03 20:00:00,20,6,11,1,0,0,22.2,59.3,5.8,50.18
2024-11-03 21:00:00,21,6,11,1,0,0,21.3,59.5,3.2,49.41
2024-11-03 22:00:00,22,6,11,1,0,0,20.5,65.2,7.4,51.65
2024-11-03 23:00:00,23,6,11,1,0,0,17.0,61.4,7.0,50.15
2024-11-04 00:00:00,0,0,11,0,0,0,13.2,62.4,10.3,61.06
2024-11-04 01:00:00,1,0,11,0,0,0,14.3,74.4,4.1,51.47
2024-11-04 02:00:00,2,0,11,0,0,0,14.8,69.5,4.4,51.02
2024-11-04 03:00:00,3,0,11,0,0,0,11.6,68.3,8.4,56.55
2024-11-04 04:00:00,4,0,11,0,0,0,18.1,64.8,12.0,56.81
2024-11-04 05:00:00,5,0,11,0,0,0,16.9,67.7,6.7,52.12
2024-11-04 06:00:00,6,0,11,0,0,0,18.7,68.3,6.8,50.46
2024-11-04 07:00:00,7,0,11,0,0,0,22.0,59.1,5.1,56.68
2024-11-04 08:00:00,8,0,11,0,1,0,20.1,64.9,65.2,93.12
2024-11-04 09:00:00,9,0,11,0,1,0,23.9,58.7,64.4,91.39
2024-11-04 10:00:00,10,0,11,0,1,1,24.3,59.7,81.5,127.42
2024-11-04 11:00:00,11,0,11,0,1,1,25.5,60.3,87.0,139.98
2024-11-04 12:00:00,12,0,11,0,1,1,25.5,59.6,90.0,126.5
2024-11-04 13:00:00,13,0,11,0,1,1,30.5,59.1,67.4,142.46
2024-11-04 14:00:00,14,0,11,0,1,1,27.0,60.5,86.5,139.95
2024-11-04 15:00:00,15,0,11,0,1,1,28.8,51.3,88.9,150.69
2024-11-04 16:00:00,16,0,11,0,1,1,23.5,55.6,86.7,129.53
2024-11-04 17:00:00,17,0,11,0,1,0,27.9,56.5,37.3,81.66
2024-11-04 18:00:00,18,0,11,0,1,0,26.4,66.3,42.1,82.46
2024-11-04 19:00:00,19,0,11,0,0,0,23.1,57.9,43.0,81.87
2024-11-04 20:00:00,20,0,11,0,0,0,20.8,62.1,7.1,53.42
2024-11-04 21:00:00,21,0,11,0,0,0,20.3,61.1,5.4,52.57
2024-11-04 22:00:00,22,0,11,0,0,0,22.1,59.8,10.5,57.84
2024-11-04 23:00:00,23,0,11,0,0,0,13.4,68.8,5.7,50.02
2024-11-05 00:00:00,0,1,11,0,0,0,16.8,71.3,11.4,59.58
2024-11-05 01:00:00,1,1,11,0,0,0,13.1,70.2,4.2,54.52
2024-11-05 02:00:00,2,1,11,0,0,0,14.5,64.1,11.4,57.24
2024-11-05 03:00:00,3,1,11,0,0,0,14.3,78.5,8.7,56.12
2024-11-05 04:00:00,4,1,11,0,0,0,14.6,67.6,10.2,59.28
2024-11-05 05:00:00,5,1,11,0,0,0,16.4,63.7,7.2,51.28
2024-11-05 06:00:00,6,1,11,0,0,0,15.7,72.2,11.9,58.68
2024-11-05 07:00:00,7,1,11,0,0,0,21.2,60.8,5.8,57.76
2024-11-05 08:00:00,8,1,11,0,1,0,17.8,71.7,52.9,88.14
2024-11-05 09:00:00,9,1,11,0,1,0,23.6,57.5,46.5,80.77
2024-11-05 10:00:00,10,1,11,0,1,1,23.7,66.6,94.1,134.47
2024-11-05 11:00:00,11,1,11,0,1,1,23.5,61.9,86.8,131.24
2024-11-05 12:00:00,12,1,11,0,1,1,27.0,63.8,90.1,149.87
2024-11-05 13:00:00,13,1,11,0,1,1,24.5,68.0,70.3,116.72
2024-11-05 14:00:00,14,1,11,0,1,1,27.6,53.6,89.9,153.85
2024-11-05 15:00:00,15,1,11,0,1,1,24.7,65.3,86.3,126.37
2024-11-05 16:00:00,16,1,11,0,1,1,27.5,52.6,84.6,137.13
2024-11-05 17:00:00,17,1,11,0,1,0,23.9,56.6,39.2,74.28
2024-11-05 18:00:00,18,1,11,0,1,0,23.4,57.9,40.0,82.88
2024-11-05 19:00:00,19,1,11,0,0,0,23.2,63.3,28.7,67.96
2024-11-05 20:00:00,20,1,11,0,0,0,19.6,63.9,4.9,47.98
2024-11-05 21:00:00,21,1,11,0,0,0,19.2,63.4,4.6,51.62
2024-11-05 22:00:00,22,1,11,0,0,0,15.0,67.6,7.0,54.76
2024-11-05 23:00:00,23,1,11,0,0,0,17.5,67.6,8.0,53.67
2024-11-06 00:00:00,0,2,11,0,0,0,18.3,67.4,8.9,51.81
2024-11-06 01:00:00,1,2,11,0,0,0,19.5,68.2,11.7,59.74
2024-11-06 02:00:00,2,2,11,0,0,0,14.4,74.7,6.6,57.07
2024-11-06 03:00:00,3,2,11,0,0,0,15.9,66.3,10.1,50.0
2024-11-06 04:00:00,4,2,11,0,0,0,11.9,67.1,8.3,52.72
2024-11-06 05:00:00,5,2,11,0,0,0,18.9,66.7,5.8,51.67
2024-11-06 06:00:00,6,2,11,0,0,0,18.9,59.7,8.9,52.71
2024-11-06 07:00:00,7,2,11,0,0,0,18.2,62.0,11.7,58.11
2024-11-06 08:00:00,8,2,11,0,1,0,23.0,65.4,48.7,88.95
2024-11-06 09:00:00,9,2,11,0,1,0,22.0,61.6,60.2,90.13
2024-11-06 10:00:00,10,2,11,0,1,1,23.2,56.4,80.8,122.18
2024-11-06 11:00:00,11,2,11,0,1,1,26.2,53.2,84.8,130.91
2024-11-06 12:00:00,12,2,11,0,1,1,24.5,60.5,89.3,129.54
2024-11-06 13:00:00,13,2,11,0,1,1,28.9,61.8,72.6,130.96
2024-11-06 14:00:00,14,2,11,0,1,1,25.4,64.2,87.4,131.09
2024-11-06 15:00:00,15,2,11,0,1,1,25.2,60.3,82.9,117.69
2024-11-06 16:00:00,16,2,11,0,1,1,24.8,68.2,90.5,132.61
2024-11-06 17:00:00,17,2,11,0,1,0,26.7,58.4,31.1,79.22
2024-11-06 18:00:00,18,2,11,0,1,0,22.9,60.9,40.1,74.86
2024-11-06 19:00:00,19,2,11,0,0,0,20.0,53.2,34.5,71.81
2024-11-06 20:00:00,20,2,11,0,0,0,19.7,61.9,11.2,61.94
2024-11-06 21:00:00,21,2,11,0,0,0,19.0,67.6,10.4,55.93
2024-11-06 22:00:00,22,2,11,0,0,0,15.4,73.0,11.2,58.95
2024-11-06 23:00:00,23,2,11,0,0,0,14.1,64.3,5.7,50.1
2024-11-07 00:00:00,0,3,11,0,0,0,18.7,66.3,9.3,50.4
2024-11-07 01:00:00,1,3,11,0,0,0,12.7,72.8,9.9,56.06
2024-11-07 02:00:00,2,3,11,0,0,0,13.5,68.1,9.9,51.13
2024-11-07 03:00:00,3,3,11,0,0,0,13.6,58.8,8.0,52.22
2024-11-07 04:00:00,4,3,11,0,0,0,14.2,68.5,4.1,52.08
2024-11-07 05:00:00,5,3,11,0,0,0,17.1,68.6,6.1,52.04
2024-11-07 06:00:00,6,3,11,0,0,0,19.0,60.4,6.6,53.82
2024-11-07 07:00:00,7,3,11,0,0,0,18.3,63.7,10.8,57.7
2024-11-07 08:00:00,8,3,11,0,1,0,18.3,60.1,70.2,94.72
2024-11-07 09:00:00,9,3,11,0,1,0,24.5,50.1,48.1,80.66
2024-11-07 10:00:00,10,3,11,0,1,1,23.6,65.1,94.2,120.71
2024-11-07 11:00:00,11,3,11,0,1,1,28.3,57.7,82.7,140.69
2024-11-07 12:00:00,12,3,11,0,1,1,22.1,68.4,86.2,122.67
2024-11-07 13:00:00,13,3,11,0,1,1,27.2,61.9,63.2,129.32
2024-11-07 14:00:00,14,3,11,0,1,1,30.5,54.7,89.6,167.7
2024-11-07 15:00:00,15,3,11,0,1,1,26.2,58.8,87.7,139.41
2024-11-07 16:00:00,16,3,11,0,1,1,25.8,61.7,81.0,136.01
2024-11-07 17:00:00,17,3,11,0,1,0,25.7,63.4,38.6,80.55
2024-11-07 18:00:00,18,3,11,0,1,0,22.8,62.8,28.7,66.71
2024-11-07 19:00:00,19,3,11,0,0,0,21.7,66.7,32.6,63.84
2024-11-07 20:00:00,20,3,11,0,0,0,19.9,62.4,7.0,56.95
2024-11-07 21:00:00,21,3,11,0,0,0,17.7,61.1,5.9,52.08
2024-11-07 22:00:00,22,3,11,0,0,0,19.5,63.6,11.0,60.36
2024-11-07 23:00:00,23,3,11,0,0,0,16.8,66.6,9.4,51.73
2024-11-08 00:00:00,0,4,11,0,0,0,15.1,62.1,6.2,60.24
2024-11-08 01:00:00,1,4,11,0,0,0,15.5,61.3,5.9,51.45
2024-11-08 02:00:00,2,4,11,0,0,0,13.3,70.0,4.1,49.52
2024-11-08 03:00:00,3,4,11,0,0,0,12.7,67.0,6.8,53.33
2024-11-08 04:00:00,4,4,11,0,0,0,13.6,67.3,8.2,55.15
2024-11-08 05:00:00,5,4,11,0,0,0,15.7,65.1,6.2,52.24
2024-11-08 06:00:00,6,4,11,0,0,0,15.2,72.9,9.6,53.26
2024-11-08 07:00:00,7,4,11,0,0,0,17.7,70.2,7.3,47.48
2024-11-08 08:00:00,8,4,11,0,1,0,19.4,59.0,54.5,84.67
2024-11-08 09:00:00,9,4,11,0,1,0,25.8,57.3,73.2,110.44
2024-11-08 10:00:00,10,4,11,0,1,1,18.6,67.9,83.9,118.72
2024-11-08 11:00:00,11,4,11,0,1,1,24.6,62.7,86.0,116.88
2024-11-08 12:00:00,12,4,11,0,1,1,29.1,57.0,85.7,152.17
2024-11-08 13:00:00,13,4,11,0,1,1,26.8,54.2,63.6,119.45
2024-11-08 14:00:00,14,4,11,0,1,1,28.2,55.0,78.7,139.96
2024-11-08 15:00:00,15,4,11,0,1,1,26.8,56.7,80.1,126.43
2024-11-08 16:00:00,16,4,11,0,1,1,24.8,61.2,89.7,128.44
2024-11-08 17:00:00,17,4,11,0,1,0,20.9,69.7,40.3,80.25
2024-11-08 18:00:00,18,4,11,0,1,0,23.9,58.0,38.6,77.36
2024-11-08 19:00:00,19,4,11,0,0,0,20.6,59.0,34.1,79.65
2024-11-08 20:00:00,20,4,11,0,0,0,18.9,63.8,8.1,52.61
2024-11-08 21:00:00,21,4,11,0,0,0,17.7,69.2,6.1,51.48
2024-11-08 22:00:00,22,4,11,0,0,0,20.2,57.6,4.6,55.1
2024-11-08 23:00:00,23,4,11,0,0,0,20.1,69.2,6.6,54.0
2024-11-09 00:00:00,0,5,11,1,0,0,14.9,66.4,5.5,48.99
2024-11-09 01:00:00,1,5,11,1,0,0,13.0,65.5,3.3,53.06
2024-11-09 02:00:00,2,5,11,1,0,0,11.5,63.0,3.4,53.3
2024-11-09 03:00:00,3,5,11,1,0,0,14.7,70.0,4.3,45.49
2024-11-09 04:00:00,4,5,11,1,0,0,17.7,64.4,4.8,49.37
2024-11-09 05:00:00,5,5,11,1,0,0,15.1,67.6,5.0,52.21
2024-11-09 06:00:00,6,5,11,1,0,0,12.6,65.1,3.6,56.31
2024-11-09 07:00:00,7,5,11,1,0,0,19.6,62.5,4.1,53.19
2024-11-09 08:00:00,8,5,11,1,0,0,21.9,60.2,4.3,49.29
2024-11-09 09:00:00,9,5,11,1,0,0,18.9,63.9,3.3,48.11
2024-11-09 10:00:00,10,5,11,1,0,0,23.7,58.2,13.9,60.56
2024-11-09 11:00:00,11,5,11,1,0,0,25.5,53.5,10.9,50.87
2024-11-09 12:00:00,12,5,11,1,0,0,25.6,70.5,18.4,61.97
2024-11-09 13:00:00,13,5,11,1,0,0,25.0,54.5,14.6,64.78
2024-11-09 14:00:00,14,5,11,1,0,0,28.4,58.3,13.9,70.05
2024-11-09 15:00:00,15,5,11,1,0,0,25.7,52.4,11.5,57.13
2024-11-09 16:00:00,16,5,11,1,0,0,23.1,53.3,12.7,53.3
2024-11-09 17:00:00,17,5,11,1,0,0,21.0,63.2,12.8,59.9
2024-11-09 18:00:00,18,5,11,1,0,0,25.6,60.3,21.8,67.38
2024-11-09 19:00:00,19,5,11,1,0,0,22.9,66.5,7.2,52.48
2024-11-09 20:00:00,20,5,11,1,0,0,20.3,64.9,3.1,51.43
2024-11-09 21:00:00,21,5,11,1,0,0,17.6,64.6,6.1,52.92
2024-11-09 22:00:00,22,5,11,1,0,0,15.9,62.6,4.3,51.38
2024-11-09 23:00:00,23,5,11,1,0,0,13.6,74.0,3.5,46.92
2024-11-10 00:00:00,0,6,11,1,0,0,13.5,71.8,6.5,50.12
2024-11-10 01:00:00,1,6,11,1,0,0,9.8,65.7,3.7,55.43
2024-11-10 02:00:00,2,6,11,1,0,0,12.1,69.2,5.2,54.9
2024-11-10 03:00:00,3,6,11,1,0,0,13.0,69.0,6.2,54.65
2024-11-10 04:00:00,4,6,11,1,0,0,15.4,65.3,5.8,50.3
2024-11-10 05:00:00,5,6,11,1,0,0,15.2,69.9,7.9,56.14
2024-11-10 06:00:00,6,6,11,1,0,0,18.1,68.2,6.9,51.78
2024-11-10 07:00:00,7,6,11,1,0,0,20.6,62.3,6.9,57.13
2024-11-10 08:00:00,8,6,11,1,0,0,21.8,61.1,4.8,49.07
2024-11-10 09:00:00,9,6,11,1,0,0,22.4,67.8,3.0,48.48
2024-11-10 10:00:00,10,6,11,1,0,0,23.2,65.0,18.8,61.05
2024-11-10 11:00:00,11,6,11,1,0,0,22.7,61.9,22.0,66.55
2024-11-10 12:00:00,12,6,11,1,0,0,26.8,52.2,14.9,65.0
2024-11-10 13:00:00,13,6,11,1,0,0,29.2,58.4,21.8,78.82
2024-11-10 14:00:00,14,6,11,1,0,0,27.0,61.4,11.7,61.85
2024-11-10 15:00:00,15,6,11,1,0,0,29.6,45.8,13.6,73.59
2024-11-10 16:00:00,16,6,11,1,0,0,22.8,62.5,12.0,56.41
2024-11-10 17:00:00,17,6,11,1,0,0,22.4,60.2,15.7,56.79
2024-11-10 18:00:00,18,6,11,1,0,0,24.7,59.3,19.6,63.71
2024-11-10 19:00:00,19,6,11,1,0,0,22.0,58.5,4.7,51.87
2024-11-10 20:00:00,20,6,11,1,0,0,22.3,61.3,7.5,60.92
2024-11-10 21:00:00,21,6,11,1,0,0,18.2,70.3,5.7,50.15
2024-11-10 22:00:00,22,6,11,1,0,0,15.1,65.1,5.3,49.13
2024-11-10 23:00:00,23,6,11,1,0,0,14.9,70.9,6.9,53.91
2024-11-11 00:00:00,0,0,11,0,0,0,11.3,66.4,4.8,50.01
2024-11-11 01:00:00,1,0,11,0,0,0,11.4,72.6,10.2,53.78
2024-11-11 02:00:00,2,0,11,0,0,0,14.9,67.1,5.9,47.7
2024-11-11 03:00:00,3,0,11,0,0,0,15.0,68.4,6.2,49.99
2024-11-11 04:00:00,4,0,11,0,0,0,14.7,67.2,8.8,52.09
2024-11-11 05:00:00,5,0,11,0,0,0,12.0,71.7,11.2,53.55
2024-11-11 06:00:00,6,0,11,0,0,0,15.8,56.2,8.6,53.39
2024-11-11 07:00:00,7,0,11,0,0,0,15.8,60.8,9.2,47.05
2024-11-11 08:00:00,8,0,11,0,1,0,21.8,63.9,68.3,98.75
2024-11-11 09:00:00,9,0,11,0,1,0,20.3,55.1,52.8,84.23
2024-11-11 10:00:00,10,0,11,0,1,1,21.0,60.7,92.4,132.88
2024-11-11 11:00:00,11,0,11,0,1,1,24.3,60.3,86.3,125.89
2024-11-11 12:00:00,12,0,11,0,1,1,24.1,57.3,82.6,123.88
2024-11-11 13:00:00,13,0,11,0,1,1,28.6,54.7,65.3,128.86
2024-11-11 14:00:00,14,0,11,0,1,1,24.8,61.2,79.2,129.75
2024-11-11 15:00:00,15,0,11,0,1,1,23.4,65.2,78.9,121.43
2024-11-11 16:00:00,16,0,11,0,1,1,21.4,58.7,79.8,115.06
2024-11-11 17:00:00,17,0,11,0,1,0,24.2,58.3,28.6,71.28
2024-11-11 18:00:00,18,0,11,0,1,0,21.9,59.2,38.4,72.09
2024-11-11 19:00:00,19,0,11,0,0,0,18.8,54.7,36.6,78.11
2024-11-11 20:00:00,20,0,11,0,0,0,21.8,62.8,9.2,52.35
2024-11-11 21:00:00,21,0,11,0,0,0,19.2,67.8,6.7,50.42
2024-11-11 22:00:00,22,0,11,0,0,0,16.4,70.1,10.2,59.02
2024-11-11 23:00:00,23,0,11,0,0,0,17.5,61.8,5.0,53.91
2024-11-12 00:00:00,0,1,11,0,0,0,15.0,62.0,8.6,52.02
2024-11-12 01:00:00,1,1,11,0,0,0,11.7,69.4,6.2,54.46
2024-11-12 02:00:00,2,1,11,0,0,0,11.1,73.0,8.2,53.58
2024-11-12 03:00:00,3,1,11,0,0,0,14.7,67.8,6.6,47.8
2024-11-12 04:00:00,4,1,11,0,0,0,14.5,68.5,10.3,56.28
2024-11-12 05:00:00,5,1,11,0,0,0,15.2,71.4,11.1,54.85
2024-11-12 06:00:00,6,1,11,0,0,0,14.7,64.3,9.9,52.26
2024-11-12 07:00:00,7,1,11,0,0,0,18.9,63.4,5.4,56.06
2024-11-12 08:00:00,8,1,11,0,1,0,18.1,71.4,53.2,83.39
2024-11-12 09:00:00,9,1,11,0,1,0,21.0,62.0,72.6,100.73
2024-11-12 10:00:00,10,1,11,0,1,1,25.3,54.7,86.6,139.54
2024-11-12 11:00:00,11,1,11,0,1,1,22.9,58.8,94.1,129.71
2024-11-12 12:00:00,12,1,11,0,1,1,22.3,58.1,85.9,122.9
2024-11-12 13:00:00,13,1,11,0,1,1,23.8,62.3,74.3,122.08
2024-11-12 14:00:00,14,1,11,0,1,1,27.7,54.5,90.7,148.36
2024-11-12 15:00:00,15,1,11,0,1,1,26.2,60.2,86.2,133.15
2024-11-12 16:00:00,16,1,11,0,1,1,24.9,57.1,75.2,126.07
2024-11-12 17:00:00,17,1,11,0,1,0,23.1,52.8,33.0,70.3
2024-11-12 18:00:00,18,1,11,0,1,0,23.6,62.2,43.2,79.73
2024-11-12 19:00:00,19,1,11,0,0,0,19.6,64.4,42.7,74.68
2024-11-12 20:00:00,20,1,11,0,0,0,20.0,65.6,5.5,54.09
2024-11-12 21:00:00,21,1,11,0,0,0,16.5,63.3,7.2,53.77
2024-11-12 22:00:00,22,1,11,0,0,0,14.6,64.2,10.7,55.34
2024-11-12 23:00:00,23,1,11,0,0,0,13.7,69.5,8.6,52.87
2024-11-13 00:00:00,0,2,11,0,0,0,12.9,74.5,10.8,55.77
2024-11-13 01:00:00,1,2,11,0,0,0,12.9,68.5,10.6,57.49
2024-11-13 02:00:00,2,2,11,0,0,0,13.2,70.0,11.3,54.0
2024-11-13 03:00:00,3,2,11,0,0,0,6.3,71.8,4.9,54.62
2024-11-13 04:00:00,4,2,11,0,0,0,12.2,62.8,5.2,53.12
2024-11-13 05:00:00,5,2,11,0,0,0,13.9,71.6,4.7,46.97
2024-11-13 06:00:00,6,2,11,0,0,0,18.7,68.0,11.5,52.92
2024-11-13 07:00:00,7,2,11,0,0,0,15.6,69.4,7.8,51.5
2024-11-13 08:00:00,8,2,11,0,1,0,19.5,63.1,46.9,86.79
2024-11-13 09:00:00,9,2,11,0,1,0,23.6,63.4,54.6,84.65
2024-11-13 10:00:00,10,2,11,0,1,1,20.1,67.0,85.3,121.79
2024-11-13 11:00:00,11,2,11,0,1,1,24.6,66.8,92.1,127.77
2024-11-13 12:00:00,12,2,11,0,1,1,23.4,65.1,91.0,127.37
2024-11-13 13:00:00,13,2,11,0,1,1,24.6,60.5,70.3,111.62
2024-11-13 14:00:00,14,2,11,0,1,1,24.3,55.3,75.4,126.17
2024-11-13 15:00:00,15,2,11,0,1,1,24.2,61.2,90.5,122.88
2024-11-13 16:00:00,16,2,11,0,1,1,29.8,57.7,78.7,146.51
2024-11-13 17:00:00,17,2,11,0,1,0,25.4,62.6,37.6,80.0
2024-11-13 18:00:00,18,2,11,0,1,0,24.5,65.8,26.2,67.47
2024-11-13 19:00:00,19,2,11,0,0,0,21.8,61.9,26.6,70.16
2024-11-13 20:00:00,20,2,11,0,0,0,16.4,74.4,4.1,60.88
2024-11-13 21:00:00,21,2,11,0,0,0,18.3,57.7,8.5,55.65
2024-11-13 22:00:00,22,2,11,0,0,0,17.9,66.6,9.0,50.9
2024-11-13 23:00:00,23,2,11,0,0,0,13.1,65.1,4.4,56.81
2024-11-14 00:00:00,0,3,11,0,0,0,15.1,59.3,6.3,53.13
2024-11-14 01:00:00,1,3,11,0,0,0,14.0,66.9,10.8,63.06
2024-11-14 02:00:00,2,3,11,0,0,0,15.9,60.5,4.8,49.84
2024-11-14 03:00:00,3,3,11,0,0,0,12.0,68.5,5.7,57.63
2024-11-14 04:00:00,4,3,11,0,0,0,11.4,69.7,7.4,55.1
2024-11-14 05:00:00,5,3,11,0,0,0,13.8,72.3,10.7,64.84
2024-11-14 06:00:00,6,3,11,0,0,0,18.4,58.6,6.0,51.42
2024-11-14 07:00:00,7,3,11,0,0,0,14.1,71.3,12.0,66.73
2024-11-14 08:00:00,8,3,11,0,1,0,15.3,67.2,55.7,89.51
2024-11-14 09:00:00,9,3,11,0,1,0,20.9,67.0,56.6,91.46
2024-11-14 10:00:00,10,3,11,0,1,1,21.5,60.7,81.8,131.19
2024-11-14 11:00:00,11,3,11,0,1,1,23.6,55.7,90.2,121.9
2024-11-14 12:00:00,12,3,11,0,1,1,26.4,54.2,83.7,134.16
2024-11-14 13:00:00,13,3,11,0,1,1,24.3,55.3,69.4,110.01
2024-11-14 14:00:00,14,3,11,0,1,1,22.2,63.9,78.8,125.31
2024-11-14 15:00:00,15,3,11,0,1,1,29.0,63.1,81.6,149.12
2024-11-14 16:00:00,16,3,11,0,1,1,22.9,59.2,89.6,129.75
2024-11-14 17:00:00,17,3,11,0,1,0,21.7,64.8,39.8,78.35
2024-11-14 18:00:00,18,3,11,0,1,0,24.3,54.4,28.1,66.85
2024-11-14 19:00:00,19,3,11,0,0,0,20.0,64.2,37.2,75.18
2024-11-14 20:00:00,20,3,11,0,0,0,18.9,66.9,9.0,47.01
2024-11-14 21:00:00,21,3,11,0,0,0,18.2,59.0,4.7,54.55
2024-11-14 22:00:00,22,3,11,0,0,0,17.7,64.3,7.7,58.96
2024-11-14 23:00:00,23,3,11,0,0,0,13.8,70.7,6.1,53.58
2024-11-15 00:00:00,0,4,11,0,0,0,15.9,54.6,7.7,48.4
2024-11-15 01:00:00,1,4,11,0,0,0,8.7,76.8,10.2,61.0
2024-11-15 02:00:00,2,4,11,0,0,0,13.7,69.3,5.3,49.99
2024-11-15 03:00:00,3,4,11,0,0,0,11.0,72.7,5.0,54.06
2024-11-15 04:00:00,4,4,11,0,0,0,15.7,64.9,6.2,54.66
2024-11-15 05:00:00,5,4,11,0,0,0,14.5,60.5,11.6,58.37
2024-11-15 06:00:00,6,4,11,0,0,0,14.4,69.6,10.0,58.97
2024-11-15 07:00:00,7,4,11,0,0,0,18.3,64.4,4.2,51.49
2024-11-15 08:00:00,8,4,11,0,1,0,20.4,63.3,57.0,89.59
2024-11-15 09:00:00,9,4,11,0,1,0,21.7,66.7,52.7,88.3
2024-11-15 10:00:00,10,4,11,0,1,1,20.2,66.4,89.6,124.07
2024-11-15 11:00:00,11,4,11,0,1,1,22.6,69.4,86.9,123.58
2024-11-15 12:00:00,12,4,11,0,1,1,24.4,61.0,94.5,139.44
2024-11-15 13:00:00,13,4,11,0,1,1,25.0,57.2,63.3,114.72
2024-11-15 14:00:00,14,4,11,0,1,1,26.7,58.1,85.0,134.62
2024-11-15 15:00:00,15,4,11,0,1,1,21.5,64.1,86.9,118.01
2024-11-15 16:00:00,16,4,11,0,1,1,25.1,64.0,89.0,127.87
2024-11-15 17:00:00,17,4,11,0,1,0,22.9,55.6,33.1,70.19
2024-11-15 18:00:00,18,4,11,0,1,0,20.6,63.1,38.7,72.71
2024-11-15 19:00:00,19,4,11,0,0,0,19.2,70.5,31.1,73.91
2024-11-15 20:00:00,20,4,11,0,0,0,18.4,63.7,7.5,56.66
2024-11-15 21:00:00,21,4,11,0,0,0,10.7,73.7,11.2,62.55
2024-11-15 22:00:00,22,4,11,0,0,0,14.3,69.5,11.6,56.12
2024-11-15 23:00:00,23,4,11,0,0,0,12.7,72.4,9.8,54.86
2024-11-16 00:00:00,0,5,11,1,0,0,14.0,64.5,4.9,54.57
2024-11-16 01:00:00,1,5,11,1,0,0,10.9,66.6,7.1,55.53
2024-11-16 02:00:00,2,5,11,1,0,0,11.7,69.4,3.1,52.11
2024-11-16 03:00:00,3,5,11,1,0,0,15.1,60.8,3.5,42.38
2024-11-16 04:00:00,4,5,11,1,0,0,14.8,66.1,6.3,55.05
2024-11-16 05:00:00,5,5,11,1,0,0,15.6,67.6,4.5,53.24
2024-11-16 06:00:00,6,5,11,1,0,0,14.5,74.5,7.8,53.85
2024-11-16 07:00:00,7,5,11,1,0,0,17.9,66.6,5.2,54.35
2024-11-16 08:00:00,8,5,11,1,0,0,18.2,67.3,5.1,53.6
2024-11-16 09:00:00,9,5,11,1,0,0,20.0,68.2,6.4,50.38
2024-11-16 10:00:00,10,5,11,1,0,0,22.6,57.8,19.2,61.12
2024-11-16 11:00:00,11,5,11,1,0,0,22.1,61.4,15.7,56.08
2024-11-16 12:00:00,12,5,11,1,0,0,26.9,68.4,12.6,68.23
2024-11-16 13:00:00,13,5,11,1,0,0,24.6,60.0,19.3,66.0
2024-11-16 14:00:00,14,5,11,1,0,0,26.2,63.6,13.8,59.99
2024-11-16 15:00:00,15,5,11,1,0,0,27.5,62.1,12.1,66.84
2024-11-16 16:00:00,16,5,11,1,0,0,26.1,53.3,17.6,66.16
2024-11-16 17:00:00,17,5,11,1,0,0,20.7,64.3,11.1,53.8
2024-11-16 18:00:00,18,5,11,1,0,0,22.7,62.2,21.7,64.02
2024-11-16 19:00:00,19,5,11,1,0,0,21.8,63.6,6.2,55.21
2024-11-16 20:00:00,20,5,11,1,0,0,20.2,60.3,7.9,56.7
2024-11-16 21:00:00,21,5,11,1,0,0,14.9,62.6,4.7,58.89
2024-11-16 22:00:00,22,5,11,1,0,0,14.2,65.7,7.9,54.39
2024-11-16 23:00:00,23,5,11,1,0,0,15.8,66.0,3.7,49.9
2024-11-17 00:00:00,0,6,11,1,0,0,11.4,74.3,3.2,53.73
2024-11-17 01:00:00,1,6,11,1,0,0,11.6,76.6,3.2,51.25
2024-11-17 02:00:00,2,6,11,1,0,0,14.8,72.7,5.3,50.04
2024-11-17 03:00:00,3,6,11,1,0,0,12.1,72.5,3.4,48.8
2024-11-17 04:00:00,4,6,11,1,0,0,11.5,65.4,5.6,42.73
2024-11-17 05:00:00,5,6,11,1,0,0,12.2,67.3,4.6,54.97
2024-11-17 06:00:00,6,6,11,1,0,0,15.8,67.3,4.7,46.14
2024-11-17 07:00:00,7,6,11,1,0,0,14.3,65.0,6.2,49.99
2024-11-17 08:00:00,8,6,11,1,0,0,18.0,67.2,3.8,51.67
2024-11-17 09:00:00,9,6,11,1,0,0,20.7,65.9,6.8,51.87
2024-11-17 10:00:00,10,6,11,1,0,0,24.0,62.8,17.0,67.12
2024-11-17 11:00:00,11,6,11,1,0,0,24.2,64.7,21.0,58.54
2024-11-17 12:00:00,12,6,11,1,0,0,22.8,57.9,14.4,65.53
2024-11-17 13:00:00,13,6,11,1,0,0,26.8,62.5,21.8,75.04
2024-11-17 14:00:00,14,6,11,1,0,0,24.4,57.6,16.9,63.65
2024-11-17 15:00:00,15,6,11,1,0,0,22.5,58.0,21.7,68.23
2024-11-17 16:00:00,16,6,11,1,0,0,23.7,63.0,10.3,56.71
2024-11-17 17:00:00,17,6,11,1,0,0,25.6,64.4,18.7,59.33
2024-11-17 18:00:00,18,6,11,1,0,0,22.0,64.1,19.8,63.9
2024-11-17 19:00:00,19,6,11,1,0,0,20.1,63.5,3.3,45.64
2024-11-17 20:00:00,20,6,11,1,0,0,21.4,63.8,5.9,50.56
2024-11-17 21:00:00,21,6,11,1,0,0,14.2,68.1,7.0,53.18
2024-11-17 22:00:00,22,6,11,1,0,0,12.9,64.0,5.8,50.26
2024-11-17 23:00:00,23,6,11,1,0,0,10.9,64.9,3.3,55.26
2024-11-18 00:00:00,0,0,11,0,0,0,13.3,67.9,9.5,55.03
2024-11-18 01:00:00,1,0,11,0,0,0,12.2,69.3,4.5,53.85
2024-11-18 02:00:00,2,0,11,0,0,0,14.5,67.4,10.5,55.79
2024-11-18 03:00:00,3,0,11,0,0,0,12.4,71.5,4.3,52.7
2024-11-18 04:00:00,4,0,11,0,0,0,11.9,68.3,5.1,50.29
2024-11-18 05:00:00,5,0,11,0,0,0,13.6,70.2,6.2,49.38
2024-11-18 06:00:00,6,0,11,0,0,0,15.2,66.3,9.1,54.06
2024-11-18 07:00:00,7,0,11,0,0,0,13.5,75.3,11.8,54.21
2024-11-18 08:00:00,8,0,11,0,1,0,23.1,61.7,48.5,87.38
2024-11-18 09:00:00,9,0,11,0,1,0,20.8,72.3,49.3,79.09
2024-11-18 10:00:00,10,0,11,0,1,1,21.8,63.6,85.5,135.07
2024-11-18 11:00:00,11,0,11,0,1,1,23.9,59.9,92.5,125.93
2024-11-18 12:00:00,12,0,11,0,1,1,25.1,56.3,87.0,126.08
2024-11-18 13:00:00,13,0,11,0,1,1,24.2,54.8,64.8,104.45
2024-11-18 14:00:00,14,0,11,0,1,1,23.6,57.0,84.5,122.12
2024-11-18 15:00:00,15,0,11,0,1,1,25.6,56.1,79.4,123.32
2024-11-18 16:00:00,16,0,11,0,1,1,24.5,61.9,81.8,125.59
2024-11-18 17:00:00,17,0,11,0,1,0,21.4,60.4,31.7,73.52
2024-11-18 18:00:00,18,0,11,0,1,0,24.0,61.4,41.1,79.73
2024-11-18 19:00:00,19,0,11,0,0,0,20.4,68.3,43.5,83.29
2024-11-18 20:00:00,20,0,11,0,0,0,19.5,63.5,10.1,56.99
2024-11-18 21:00:00,21,0,11,0,0,0,19.0,72.5,7.5,50.36
2024-11-18 22:00:00,22,0,11,0,0,0,15.0,62.3,8.0,47.1
2024-11-18 23:00:00,23,0,11,0,0,0,14.2,67.0,5.0,52.65
2024-11-19 00:00:00,0,1,11,0,0,0,13.8,65.7,10.0,56.54
2024-11-19 01:00:00,1,1,11,0,0,0,10.4,74.0,8.8,62.83
2024-11-19 02:00:00,2,1,11,0,0,0,11.6,60.4,11.2,57.49
2024-11-19 03:00:00,3,1,11,0,0,0,12.0,63.3,5.6,54.66
2024-11-19 04:00:00,4,1,11,0,0,0,10.7,69.6,10.1,59.99
2024-11-19 05:00:00,5,1,11,0,0,0,17.6,71.4,9.5,56.48
2024-11-19 06:00:00,6,1,11,0,0,0,12.2,69.9,6.1,56.44
2024-11-19 07:00:00,7,1,11,0,0,0,14.0,62.3,9.3,52.59
2024-11-19 08:00:00,8,1,11,0,1,0,20.4,58.4,72.7,97.22
2024-11-19 09:00:00,9,1,11,0,1,0,21.0,69.5,72.6,99.37
2024-11-19 10:00:00,10,1,11,0,1,1,19.4,61.4,90.8,117.71
2024-11-19 11:00:00,11,1,11,0,1,1,23.7,57.1,80.7,126.41
2024-11-19 12:00:00,12,1,11,0,1,1,26.3,65.0,93.1,142.17
2024-11-19 13:00:00,13,1,11,0,1,1,24.2,64.6,69.9,110.24
2024-11-19 14:00:00,14,1,11,0,1,1,29.2,62.2,80.3,140.16
2024-11-19 15:00:00,15,1,11,0,1,1,21.2,58.9,78.2,117.47
2024-11-19 16:00:00,16,1,11,0,1,1,24.9,54.0,77.0,132.32
2024-11-19 17:00:00,17,1,11,0,1,0,24.7,60.7,26.0,68.27
2024-11-19 18:00:00,18,1,11,0,1,0,22.9,62.8,40.1,79.63
2024-11-19 19:00:00,19,1,11,0,0,0,19.3,65.4,29.7,69.97
2024-11-19 20:00:00,20,1,11,0,0,0,17.5,71.2,4.2,52.51
2024-11-19 21:00:00,21,1,11,0,0,0,17.1,58.6,7.2,48.83
2024-11-19 22:00:00,22,1,11,0,0,0,16.2,69.6,7.9,57.78
2024-11-19 23:00:00,23,1,11,0,0,0,14.5,63.0,5.4,54.94
2024-11-20 00:00:00,0,2,11,0,0,0,14.1,71.1,4.4,51.52
2024-11-20 01:00:00,1,2,11,0,0,0,9.7,68.8,5.5,55.39
2024-11-20 02:00:00,2,2,11,0,0,0,10.9,66.6,9.4,60.08
2024-11-20 03:00:00,3,2,11,0,0,0,9.8,68.2,4.7,52.62
2024-11-20 04:00:00,4,2,11,0,0,0,11.5,63.7,8.4,50.74
2024-11-20 05:00:00,5,2,11,0,0,0,15.1,67.1,5.2,50.61
2024-11-20 06:00:00,6,2,11,0,0,0,14.8,64.0,5.6,52.61
2024-11-20 07:00:00,7,2,11,0,0,0,20.8,66.1,7.1,53.01
2024-11-20 08:00:00,8,2,11,0,1,0,18.2,67.3,48.0,86.78
2024-11-20 09:00:00,9,2,11,0,1,0,19.6,70.5,50.2,81.07
2024-11-20 10:00:00,10,2,11,0,1,1,21.3,64.1,85.2,124.04
2024-11-20 11:00:00,11,2,11,0,1,1,21.3,64.7,84.9,123.66
2024-11-20 12:00:00,12,2,11,0,1,1,23.3,66.8,91.2,132.4
2024-11-20 13:00:00,13,2,11,0,1,1,26.1,56.7,61.1,110.46
2024-11-20 14:00:00,14,2,11,0,1,1,24.5,54.4,89.6,128.37
2024-11-20 15:00:00,15,2,11,0,1,1,22.7,62.4,88.9,123.05
2024-11-20 16:00:00,16,2,11,0,1,1,21.8,56.5,88.0,127.2
2024-11-20 17:00:00,17,2,11,0,1,0,21.6,72.2,31.2,76.13
2024-11-20 18:00:00,18,2,11,0,1,0,21.2,68.5,41.5,81.82
2024-11-20 19:00:00,19,2,11,0,0,0,21.7,71.0,28.7,69.05
2024-11-20 20:00:00,20,2,11,0,0,0,15.4,67.0,5.0,47.4
2024-11-20 21:00:00,21,2,11,0,0,0,15.6,68.8,4.4,57.61
2024-11-20 22:00:00,22,2,11,0,0,0,14.8,65.3,11.5,55.76
2024-11-20 23:00:00,23,2,11,0,0,0,9.9,74.1,6.5,55.94
2024-11-21 00:00:00,0,3,11,0,0,0,10.5,65.3,11.3,61.44
2024-11-21 01:00:00,1,3,11,0,0,0,10.1,60.3,6.2,48.54
2024-11-21 02:00:00,2,3,11,0,0,0,9.7,67.5,11.3,56.9
2024-11-21 03:00:00,3,3,11,0,0,0,11.7,63.5,11.2,57.59
2024-11-21 04:00:00,4,3,11,0,0,0,11.7,75.2,11.4,58.38
2024-11-21 05:00:00,5,3,11,0,0,0,12.0,76.4,8.0,51.08
2024-11-21 06:00:00,6,3,11,0,0,0,15.1,61.3,10.9,56.89
2024-11-21 07:00:00,7,3,11,0,0,0,19.0,69.4,11.6,56.46
2024-11-21 08:00:00,8,3,11,0,1,0,20.6,66.9,54.7,92.72
2024-11-21 09:00:00,9,3,11,0,1,0,15.8,60.2,57.6,92.67
2024-11-21 10:00:00,10,3,11,0,1,1,21.9,60.6,90.8,125.84
2024-11-21 11:00:00,11,3,11,0,1,1,21.9,59.8,84.5,119.16
2024-11-21 12:00:00,12,3,11,0,1,1,23.5,64.0,91.3,138.33
2024-11-21 13:00:00,13,3,11,0,1,1,23.2,56.3,61.1,113.54
2024-11-21 14:00:00,14,3,11,0,1,1,24.3,60.1,83.9,115.76
2024-11-21 15:00:00,15,3,11,0,1,1,24.2,57.8,77.1,127.52
2024-11-21 16:00:00,16,3,11,0,1,1,22.2,63.9,80.0,123.96
2024-11-21 17:00:00,17,3,11,0,1,0,20.6,62.2,30.2,77.68
2024-11-21 18:00:00,18,3,11,0,1,0,20.1,61.3,41.8,79.47
2024-11-21 19:00:00,19,3,11,0,0,0,19.7,62.9,28.9,66.77
2024-11-21 20:00:00,20,3,11,0,0,0,18.7,72.6,10.5,47.99
2024-11-21 21:00:00,21,3,11,0,0,0,17.5,63.6,10.4,57.97
2024-11-21 22:00:00,22,3,11,0,0,0,13.5,63.9,8.0,49.55
2024-11-21 23:00:00,23,3,11,0,0,0,13.5,70.4,5.9,54.11
2024-11-22 00:00:00,0,4,11,0,0,0,13.5,67.5,5.8,59.08
2024-11-22 01:00:00,1,4,11,0,0,0,13.3,62.5,7.7,50.75
2024-11-22 02:00:00,2,4,11,0,0,0,10.8,78.9,4.1,55.25
2024-11-22 03:00:00,3,4,11,0,0,0,10.8,68.5,8.3,53.48
2024-11-22 04:00:00,4,4,11,0,0,0,12.1,67.5,11.6,61.53
2024-11-22 05:00:00,5,4,11,0,0,0,10.8,70.6,5.2,53.93
2024-11-22 06:00:00,6,4,11,0,0,0,13.8,74.8,8.6,54.74
2024-11-22 07:00:00,7,4,11,0,0,0,17.1,58.8,11.7,60.29
2024-11-22 08:00:00,8,4,11,0,1,0,18.6,65.6,70.8,100.98
2024-11-22 09:00:00,9,4,11,0,1,0,18.6,72.8,70.5,96.18
2024-11-22 10:00:00,10,4,11,0,1,1,21.1,63.2,92.3,140.14
2024-11-22 11:00:00,11,4,11,0,1,1,20.5,58.2,84.6,115.36
2024-11-22 12:00:00,12,4,11,0,1,1,24.3,58.0,93.4,137.42
2024-11-22 13:00:00,13,4,11,0,1,1,23.6,61.8,74.1,116.91
2024-11-22 14:00:00,14,4,11,0,1,1,23.4,66.4,83.4,117.19
2024-11-22 15:00:00,15,4,11,0,1,1,23.1,60.0,81.0,123.15
2024-11-22 16:00:00,16,4,11,0,1,1,22.9,64.8,82.0,124.06
2024-11-22 17:00:00,17,4,11,0,1,0,21.2,56.9,31.7,71.94
2024-11-22 18:00:00,18,4,11,0,1,0,21.9,56.4,29.2,72.41
2024-11-22 19:00:00,19,4,11,0,0,0,18.4,62.7,37.4,79.65
2024-11-22 20:00:00,20,4,11,0,0,0,20.3,69.0,8.5,55.01
2024-11-22 21:00:00,21,4,11,0,0,0,18.4,64.9,7.7,52.13
2024-11-22 22:00:00,22,4,11,0,0,0,12.6,69.8,4.8,55.9
2024-11-22 23:00:00,23,4,11,0,0,0,13.0,69.5,10.4,54.56
2024-11-23 00:00:00,0,5,11,1,0,0,10.4,74.7,3.9,47.81
2024-11-23 01:00:00,1,5,11,1,0,0,10.4,67.8,3.6,55.69
2024-11-23 02:00:00,2,5,11,1,0,0,14.3,70.2,6.1,56.96
2024-11-23 03:00:00,3,5,11,1,0,0,10.4,66.9,5.0,51.13
2024-11-23 04:00:00,4,5,11,1,0,0,12.3,76.8,3.3,57.87
2024-11-23 05:00:00,5,5,11,1,0,0,13.6,64.8,4.8,53.98
2024-11-23 06:00:00,6,5,11,1,0,0,12.2,65.4,6.9,55.72
2024-11-23 07:00:00,7,5,11,1,0,0,14.0,69.9,6.1,51.22
2024-11-23 08:00:00,8,5,11,1,0,0,15.1,67.2,4.8,54.71
2024-11-23 09:00:00,9,5,11,1,0,0,17.3,66.7,4.0,46.0
2024-11-23 10:00:00,10,5,11,1,0,0,15.4,67.6,17.6,59.58
2024-11-23 11:00:00,11,5,11,1,0,0,22.8,57.2,20.7,60.56
2024-11-23 12:00:00,12,5,11,1,0,0,26.6,65.3,17.8,62.65
2024-11-23 13:00:00,13,5,11,1,0,0,23.8,64.4,19.8,65.02
2024-11-23 14:00:00,14,5,11,1,0,0,21.2,68.1,16.3,60.83
2024-11-23 15:00:00,15,5,11,1,0,0,22.4,59.7,18.6,63.97
2024-11-23 16:00:00,16,5,11,1,0,0,22.0,63.8,20.8,62.09
2024-11-23 17:00:00,17,5,11,1,0,0,20.0,64.3,19.3,65.05
2024-11-23 18:00:00,18,5,11,1,0,0,22.0,66.6,20.9,63.29
2024-11-23 19:00:00,19,5,11,1,0,0,20.4,67.9,5.2,50.23
2024-11-23 20:00:00,20,5,11,1,0,0,15.2,67.6,7.5,51.36
2024-11-23 21:00:00,21,5,11,1,0,0,16.9,59.6,6.1,46.05
2024-11-23 22:00:00,22,5,11,1,0,0,16.7,72.9,7.4,57.05
2024-11-23 23:00:00,23,5,11,1,0,0,16.1,68.5,3.2,53.67
2024-11-24 00:00:00,0,6,11,1,0,0,16.6,63.4,6.3,61.9
2024-11-24 01:00:00,1,6,11,1,0,0,9.2,72.7,7.2,54.96
2024-11-24 02:00:00,2,6,11,1,0,0,15.6,60.5,3.9,48.67
2024-11-24 03:00:00,3,6,11,1,0,0,10.1,74.7,6.3,49.45
2024-11-24 04:00:00,4,6,11,1,0,0,10.4,64.3,7.1,58.44
2024-11-24 05:00:00,5,6,11,1,0,0,13.1,67.4,4.4,54.38
2024-11-24 06:00:00,6,6,11,1,0,0,12.8,69.5,5.0,57.6
2024-11-24 07:00:00,7,6,11,1,0,0,16.1,70.4,5.8,49.24
2024-11-24 08:00:00,8,6,11,1,0,0,14.7,67.6,5.6,54.47
2024-11-24 09:00:00,9,6,11,1,0,0,18.3,67.2,3.2,48.63
2024-11-24 10:00:00,10,6,11,1,0,0,22.6,61.6,11.2,60.36
2024-11-24 11:00:00,11,6,11,1,0,0,21.6,62.3,11.2,57.78
2024-11-24 12:00:00,12,6,11,1,0,0,22.9,61.8,13.1,52.45
2024-11-24 13:00:00,13,6,11,1,0,0,24.2,59.8,13.0,57.17
2024-11-24 14:00:00,14,6,11,1,0,0,25.7,52.8,18.9,58.96
2024-11-24 15:00:00,15,6,11,1,0,0,20.4,60.1,16.9,56.45
2024-11-24 16:00:00,16,6,11,1,0,0,23.7,61.9,19.2,58.3
2024-11-24 17:00:00,17,6,11,1,0,0,21.2,61.7,10.8,53.72
2024-11-24 18:00:00,18,6,11,1,0,0,20.6,62.5,15.8,58.54
2024-11-24 19:00:00,19,6,11,1,0,0,20.6,61.8,4.6,51.84
2024-11-24 20:00:00,20,6,11,1,0,0,14.9,63.6,7.2,53.6
2024-11-24 21:00:00,21,6,11,1,0,0,13.6,66.0,6.5,53.28
2024-11-24 22:00:00,22,6,11,1,0,0,10.3,69.1,7.3,56.63
2024-11-24 23:00:00,23,6,11,1,0,0,11.5,69.5,3.2,47.88
2024-11-25 00:00:00,0,0,11,0,0,0,13.6,69.6,9.8,56.01
2024-11-25 01:00:00,1,0,11,0,0,0,10.4,69.5,8.3,60.87
2024-11-25 02:00:00,2,0,11,0,0,0,8.0,67.8,10.6,58.77
2024-11-25 03:00:00,3,0,11,0,0,0,9.7,65.1,8.1,58.06
2024-11-25 04:00:00,4,0,11,0,0,0,8.6,81.9,8.3,58.47
2024-11-25 05:00:00,5,0,11,0,0,0,10.3,65.8,4.4,56.1
2024-11-25 06:00:00,6,0,11,0,0,0,14.3,65.4,9.3,55.97
2024-11-25 07:00:00,7,0,11,0,0,0,13.1,70.4,6.2,56.08
2024-11-25 08:00:00,8,0,11,0,1,0,18.9,65.7,45.6,82.46
2024-11-25 09:00:00,9,0,11,0,1,0,18.4,66.7,47.0,83.94
2024-11-25 10:00:00,10,0,11,0,1,1,20.3,61.5,94.4,127.85
2024-11-25 11:00:00,11,0,11,0,1,1,21.0,63.8,85.2,123.37
2024-11-25 12:00:00,12,0,11,0,1,1,23.9,61.0,93.0,128.93
2024-11-25 13:00:00,13,0,11,0,1,1,24.6,59.0,74.4,115.59
2024-11-25 14:00:00,14,0,11,0,1,1,24.0,61.7,91.0,140.39
2024-11-25 15:00:00,15,0,11,0,1,1,24.2,64.8,90.0,126.2
2024-11-25 16:00:00,16,0,11,0,1,1,22.1,61.9,90.2,126.53
2024-11-25 17:00:00,17,0,11,0,1,0,22.4,61.8,30.8,63.88
2024-11-25 18:00:00,18,0,11,0,1,0,19.5,68.1,28.0,68.78
2024-11-25 19:00:00,19,0,11,0,0,0,18.6,68.3,37.8,75.49
2024-11-25 20:00:00,20,0,11,0,0,0,16.4,72.4,7.9,45.13
2024-11-25 21:00:00,21,0,11,0,0,0,14.4,60.4,4.8,52.67
2024-11-25 22:00:00,22,0,11,0,0,0,12.4,72.4,9.4,50.82
2024-11-25 23:00:00,23,0,11,0,0,0,13.1,70.7,8.5,52.76
2024-11-26 00:00:00,0,1,11,0,0,0,13.4,64.6,10.9,59.87
2024-11-26 01:00:00,1,1,11,0,0,0,12.5,69.8,8.9,56.18
2024-11-26 02:00:00,2,1,11,0,0,0,7.9,76.2,8.6,56.34
2024-11-26 03:00:00,3,1,11,0,0,0,12.7,65.3,7.5,52.83
2024-11-26 04:00:00,4,1,11,0,0,0,10.5,71.9,7.7,54.44
2024-11-26 05:00:00,5,1,11,0,0,0,13.2,71.7,11.6,57.83
2024-11-26 06:00:00,6,1,11,0,0,0,11.8,65.0,5.1,49.33
2024-11-26 07:00:00,7,1,11,0,0,0,15.3,66.2,7.6,57.07
2024-11-26 08:00:00,8,1,11,0,1,0,17.3,66.6,64.7,90.91
2024-11-26 09:00:00,9,1,11,0,1,0,15.7,63.3,58.0,84.23
2024-11-26 10:00:00,10,1,11,0,1,1,21.0,59.3,84.2,130.54
2024-11-26 11:00:00,11,1,11,0,1,1,23.7,60.4,84.3,128.88
2024-11-26 12:00:00,12,1,11,0,1,1,22.0,65.3,83.5,123.99
2024-11-26 13:00:00,13,1,11,0,1,1,25.4,62.3,65.2,115.45
2024-11-26 14:00:00,14,1,11,0,1,1,22.9,58.0,89.8,126.58
2024-11-26 15:00:00,15,1,11,0,1,1,24.5,63.0,83.6,128.74
2024-11-26 16:00:00,16,1,11,0,1,1,18.3,61.3,79.1,117.03
2024-11-26 17:00:00,17,1,11,0,1,0,25.6,53.1,32.7,80.66
2024-11-26 18:00:00,18,1,11,0,1,0,22.6,60.2,27.1,65.88
2024-11-26 19:00:00,19,1,11,0,0,0,17.9,69.5,43.1,77.55
2024-11-26 20:00:00,20,1,11,0,0,0,13.1,71.0,7.3,55.99
2024-11-26 21:00:00,21,1,11,0,0,0,15.5,66.6,11.8,57.16
2024-11-26 22:00:00,22,1,11,0,0,0,10.8,68.3,6.8,54.5
2024-11-26 23:00:00,23,1,11,0,0,0,12.9,66.9,10.7,61.9
2024-11-27 00:00:00,0,2,11,0,0,0,11.6,69.8,6.1,48.64
2024-11-27 01:00:00,1,2,11,0,0,0,8.5,67.3,4.6,49.79
2024-11-27 02:00:00,2,2,11,0,0,0,12.0,67.7,4.3,47.14
2024-11-27 03:00:00,3,2,11,0,0,0,11.7,68.4,8.8,59.85
2024-11-27 04:00:00,4,2,11,0,0,0,12.6,63.3,6.5,55.49
2024-11-27 05:00:00,5,2,11,0,0,0,11.9,65.8,7.5,50.54
2024-11-27 06:00:00,6,2,11,0,0,0,10.7,71.7,10.5,57.41
2024-11-27 07:00:00,7,2,11,0,0,0,16.6,65.9,6.0,52.23
2024-11-27 08:00:00,8,2,11,0,1,0,16.0,65.1,54.3,80.03
2024-11-27 09:00:00,9,2,11,0,1,0,15.7,62.9,70.4,99.29
2024-11-27 10:00:00,10,2,11,0,1,1,22.2,68.3,87.4,119.3
2024-11-27 11:00:00,11,2,11,0,1,1,24.9,56.7,92.4,136.97
2024-11-27 12:00:00,12,2,11,0,1,1,22.1,63.0,85.6,123.07
2024-11-27 13:00:00,13,2,11,0,1,1,26.7,56.9,66.0,116.66
2024-11-27 14:00:00,14,2,11,0,1,1,23.2,61.4,77.8,123.47
2024-11-27 15:00:00,15,2,11,0,1,1,22.1,63.9,90.6,132.71
2024-11-27 16:00:00,16,2,11,0,1,1,21.0,57.3,90.2,127.78
2024-11-27 17:00:00,17,2,11,0,1,0,24.1,60.6,44.7,80.06
2024-11-27 18:00:00,18,2,11,0,1,0,18.4,69.4,33.0,66.96
2024-11-27 19:00:00,19,2,11,0,0,0,19.5,70.9,41.4,76.4
2024-11-27 20:00:00,20,2,11,0,0,0,15.5,66.1,7.3,52.53
2024-11-27 21:00:00,21,2,11,0,0,0,14.0,67.9,7.6,53.01
2024-11-27 22:00:00,22,2,11,0,0,0,15.1,75.8,10.6,50.72
2024-11-27 23:00:00,23,2,11,0,0,0,11.2,74.2,5.4,55.08
2024-11-28 00:00:00,0,3,11,0,0,0,10.0,68.0,5.8,50.78
2024-11-28 01:00:00,1,3,11,0,0,0,12.1,66.6,6.5,59.03
2024-11-28 02:00:00,2,3,11,0,0,0,12.7,72.4,10.3,57.09
2024-11-28 03:00:00,3,3,11,0,0,0,11.2,65.6,7.0,58.03
2024-11-28 04:00:00,4,3,11,0,0,0,9.5,75.2,6.9,58.72
2024-11-28 05:00:00,5,3,11,0,0,0,10.8,71.3,12.0,65.55
2024-11-28 06:00:00,6,3,11,0,0,0,13.2,70.3,7.1,54.58
2024-11-28 07:00:00,7,3,11,0,0,0,15.2,65.8,6.0,51.07
2024-11-28 08:00:00,8,3,11,0,1,0,14.6,64.8,63.7,93.1
2024-11-28 09:00:00,9,3,11,0,1,0,19.3,69.8,69.1,102.54
2024-11-28 10:00:00,10,3,11,0,1,1,19.7,62.7,81.0,123.5
2024-11-28 11:00:00,11,3,11,0,1,1,17.8,63.4,89.3,120.62
2024-11-28 12:00:00,12,3,11,0,1,1,20.3,63.0,80.5,125.94
2024-11-28 13:00:00,13,3,11,0,1,1,21.7,63.1,67.9,108.84
2024-11-28 14:00:00,14,3,11,0,1,1,22.7,57.5,79.4,122.83
2024-11-28 15:00:00,15,3,11,0,1,1,26.0,57.0,80.2,129.49
2024-11-28 16:00:00,16,3,11,0,1,1,22.4,59.3,82.9,124.02
2024-11-28 17:00:00,17,3,11,0,1,0,19.4,67.3,43.5,78.72
2024-11-28 18:00:00,18,3,11,0,1,0,20.0,60.0,39.2,72.79
2024-11-28 19:00:00,19,3,11,0,0,0,17.4,58.3,43.7,82.28
2024-11-28 20:00:00,20,3,11,0,0,0,16.9,57.8,9.3,54.4
2024-11-28 21:00:00,21,3,11,0,0,0,15.7,60.6,4.1,50.52
2024-11-28 22:00:00,22,3,11,0,0,0,15.3,72.2,6.1,49.75
2024-11-28 23:00:00,23,3,11,0,0,0,11.7,69.4,11.2,56.63
2024-11-29 00:00:00,0,4,11,0,0,0,13.5,70.1,9.1,52.05
2024-11-29 01:00:00,1,4,11,0,0,0,11.5,71.6,11.9,61.21
2024-11-29 02:00:00,2,4,11,0,0,0,8.4,71.8,5.2,58.16
2024-11-29 03:00:00,3,4,11,0,0,0,13.9,67.5,6.4,58.52
2024-11-29 04:00:00,4,4,11,0,0,0,11.1,73.9,6.9,56.26
2024-11-29 05:00:00,5,4,11,0,0,0,10.1,71.0,6.6,54.04
2024-11-29 06:00:00,6,4,11,0,0,0,15.9,72.0,6.0,50.82
2024-11-29 07:00:00,7,4,11,0,0,0,18.2,67.2,7.5,54.97
2024-11-29 08:00:00,8,4,11,0,1,0,16.1,63.8,64.3,94.94
2024-11-29 09:00:00,9,4,11,0,1,0,16.9,63.7,54.3,86.54
2024-11-29 10:00:00,10,4,11,0,1,1,19.1,61.2,81.2,119.37
2024-11-29 11:00:00,11,4,11,0,1,1,22.0,67.0,90.6,130.4
2024-11-29 12:00:00,12,4,11,0,1,1,24.1,59.0,86.9,119.96
2024-11-29 13:00:00,13,4,11,0,1,1,23.5,57.9,68.3,117.03
2024-11-29 14:00:00,14,4,11,0,1,1,22.8,62.8,82.7,127.32
2024-11-29 15:00:00,15,4,11,0,1,1,25.1,59.5,90.1,125.78
2024-11-29 16:00:00,16,4,11,0,1,1,21.2,63.8,84.5,117.68
2024-11-29 17:00:00,17,4,11,0,1,0,22.6,69.2,43.5,78.83
2024-11-29 18:00:00,18,4,11,0,1,0,18.9,67.9,35.2,74.95
2024-11-29 19:00:00,19,4,11,0,0,0,18.6,64.6,30.9,69.04
2024-11-29 20:00:00,20,4,11,0,0,0,16.0,60.7,6.8,55.62
2024-11-29 21:00:00,21,4,11,0,0,0,14.4,65.4,8.2,52.84
2024-11-29 22:00:00,22,4,11,0,0,0,12.2,71.8,8.2,54.91
2024-11-29 23:00:00,23,4,11,0,0,0,14.0,63.0,9.5,51.24
2024-11-30 00:00:00,0,5,11,1,0,0,9.0,79.8,4.1,55.5
2024-11-30 01:00:00,1,5,11,1,0,0,8.4,71.7,6.3,54.86
2024-11-30 02:00:00,2,5,11,1,0,0,13.3,68.4,6.9,58.85
2024-11-30 03:00:00,3,5,11,1,0,0,11.5,66.8,6.4,56.55
2024-11-30 04:00:00,4,5,11,1,0,0,6.1,75.2,5.4,56.37
2024-11-30 05:00:00,5,5,11,1,0,0,10.4,65.6,8.0,59.97
2024-11-30 06:00:00,6,5,11,1,0,0,9.5,79.5,5.0,55.48
2024-11-30 07:00:00,7,5,11,1,0,0,12.6,73.9,3.5,54.84
2024-11-30 08:00:00,8,5,11,1,0,0,10.3,74.2,7.1,52.65
2024-11-30 09:00:00,9,5,11,1,0,0,17.4,59.8,4.1,52.43
2024-11-30 10:00:00,10,5,11,1,0,0,17.2,66.3,18.6,63.0
2024-11-30 11:00:00,11,5,11,1,0,0,20.7,67.8,12.1,51.77
2024-11-30 12:00:00,12,5,11,1,0,0,18.7,66.8,10.2,60.17
2024-11-30 13:00:00,13,5,11,1,0,0,22.4,57.8,11.9,52.85
2024-11-30 14:00:00,14,5,11,1,0,0,21.7,59.7,14.5,54.28
2024-11-30 15:00:00,15,5,11,1,0,0,25.0,58.2,11.3,48.7
2024-11-30 16:00:00,16,5,11,1,0,0,24.2,58.1,12.4,58.67
2024-11-30 17:00:00,17,5,11,1,0,0,22.0,68.2,19.2,56.57
2024-11-30 18:00:00,18,5,11,1,0,0,18.7,56.7,19.2,60.17
2024-11-30 19:00:00,19,5,11,1,0,0,21.3,65.2,7.1,55.79
2024-11-30 20:00:00,20,5,11,1,0,0,13.2,63.1,7.2,54.68
2024-11-30 21:00:00,21,5,11,1,0,0,11.8,65.4,5.1,51.18
2024-11-30 22:00:00,22,5,11,1,0,0,12.6,60.6,7.3,49.35
2024-11-30 23:00:00,23,5,11,1,0,0,15.5,64.5,5.6,51.69
2024-12-01 00:00:00,0,6,12,1,0,0,9.8,76.7,5.4,57.08
2024-12-01 01:00:00,1,6,12,1,0,0,9.2,72.1,6.6,57.81
2024-12-01 02:00:00,2,6,12,1,0,0,6.7,68.0,4.1,60.49
2024-12-01 03:00:00,3,6,12,1,0,0,11.3,73.7,6.9,52.68
2024-12-01 04:00:00,4,6,12,1,0,0,11.9,74.1,5.1,48.91
2024-12-01 05:00:00,5,6,12,1,0,0,12.7,69.0,3.6,52.63
2024-12-01 06:00:00,6,6,12,1,0,0,11.4,77.7,3.6,52.91
2024-12-01 07:00:00,7,6,12,1,0,0,12.9,71.8,3.8,51.68
2024-12-01 08:00:00,8,6,12,1,0,0,13.5,70.8,7.5,51.75
2024-12-01 09:00:00,9,6,12,1,0,0,17.7,61.9,8.0,45.27
2024-12-01 10:00:00,10,6,12,1,0,0,17.1,68.0,14.3,55.07
2024-12-01 11:00:00,11,6,12,1,0,0,18.3,65.6,13.5,59.5
2024-12-01 12:00:00,12,6,12,1,0,0,20.7,65.1,12.6,57.98
2024-12-01 13:00:00,13,6,12,1,0,0,21.2,59.9,19.9,65.42
2024-12-01 14:00:00,14,6,12,1,0,0,21.4,63.0,12.5,58.1
2024-12-01 15:00:00,15,6,12,1,0,0,22.9,58.2,21.1,65.55
2024-12-01 16:00:00,16,6,12,1,0,0,21.6,53.8,18.0,63.41
2024-12-01 17:00:00,17,6,12,1,0,0,19.9,67.6,20.8,63.04
2024-12-01 18:00:00,18,6,12,1,0,0,19.4,57.9,16.6,60.04
2024-12-01 19:00:00,19,6,12,1,0,0,15.7,66.9,6.5,43.37
2024-12-01 20:00:00,20,6,12,1,0,0,16.0,67.6,6.1,50.29
2024-12-01 21:00:00,21,6,12,1,0,0,14.4,68.7,7.2,51.52
2024-12-01 22:00:00,22,6,12,1,0,0,9.9,69.4,7.2,55.34
2024-12-01 23:00:00,23,6,12,1,0,0,13.0,69.5,5.9,50.23
2024-12-02 00:00:00,0,0,12,0,0,0,8.4,73.5,9.1,60.91
2024-12-02 01:00:00,1,0,12,0,0,0,9.5,73.8,11.4,56.31
2024-12-02 02:00:00,2,0,12,0,0,0,11.3,76.5,11.4,61.7
2024-12-02 03:00:00,3,0,12,0,0,0,11.1,70.7,9.3,53.61
2024-12-02 04:00:00,4,0,12,0,0,0,10.1,70.7,4.1,51.27
2024-12-02 05:00:00,5,0,12,0,0,0,10.4,66.6,4.8,51.43
2024-12-02 06:00:00,6,0,12,0,0,0,14.1,69.4,10.9,54.73
2024-12-02 07:00:00,7,0,12,0,0,0,15.2,69.5,4.7,55.16
2024-12-02 08:00:00,8,0,12,0,1,0,14.6,66.5,51.4,84.33
2024-12-02 09:00:00,9,0,12,0,1,0,15.9,68.5,51.9,84.4
2024-12-02 10:00:00,10,0,12,0,1,1,15.2,65.7,89.0,127.56
2024-12-02 11:00:00,11,0,12,0,1,1,20.5,65.8,88.6,124.97
2024-12-02 12:00:00,12,0,12,0,1,1,21.1,66.4,84.3,125.58
2024-12-02 13:00:00,13,0,12,0,1,1,24.0,64.3,63.1,106.27
2024-12-02 14:00:00,14,0,12,0,1,1,22.8,62.0,88.0,121.61
2024-12-02 15:00:00,15,0,12,0,1,1,24.3,56.3,90.9,129.13
2024-12-02 16:00:00,16,0,12,0,1,1,20.0,61.1,75.9,117.01
2024-12-02 17:00:00,17,0,12,0,1,0,22.3,64.3,27.7,64.26
2024-12-02 18:00:00,18,0,12,0,1,0,18.0,74.7,37.8,74.94
2024-12-02 19:00:00,19,0,12,0,0,0,18.7,63.0,41.1,75.87
2024-12-02 20:00:00,20,0,12,0,0,0,13.0,70.2,10.3,58.13
2024-12-02 21:00:00,21,0,12,0,0,0,14.4,65.2,9.8,55.7
2024-12-02 22:00:00,22,0,12,0,0,0,8.8,67.4,11.1,62.89
2024-12-02 23:00:00,23,0,12,0,0,0,10.6,67.4,5.7,51.83
2024-12-03 00:00:00,0,1,12,0,0,0,10.7,61.7,4.9,52.92
2024-12-03 01:00:00,1,1,12,0,0,0,8.3,77.1,8.9,54.4
2024-12-03 02:00:00,2,1,12,0,0,0,7.1,63.6,10.6,59.64
2024-12-03 03:00:00,3,1,12,0,0,0,10.7,69.0,8.7,51.52
2024-12-03 04:00:00,4,1,12,0,0,0,9.7,66.0,11.7,60.29
2024-12-03 05:00:00,5,1,12,0,0,0,10.0,67.0,10.4,57.92
2024-12-03 06:00:00,6,1,12,0,0,0,12.3,74.4,9.6,56.8
2024-12-03 07:00:00,7,1,12,0,0,0,18.6,65.3,4.5,53.76
2024-12-03 08:00:00,8,1,12,0,1,0,17.6,61.3,48.2,83.42
2024-12-03 09:00:00,9,1,12,0,1,0,19.3,61.6,68.5,93.23
2024-12-03 10:00:00,10,1,12,0,1,1,19.5,60.8,83.0,125.55
2024-12-03 11:00:00,11,1,12,0,1,1,20.4,63.0,80.4,118.16
2024-12-03 12:00:00,12,1,12,0,1,1,16.8,66.4,93.7,131.17
2024-12-03 13:00:00,13,1,12,0,1,1,20.6,70.7,73.4,112.59
2024-12-03 14:00:00,14,1,12,0,1,1,21.1,55.1,78.7,123.27
2024-12-03 15:00:00,15,1,12,0,1,1,18.4,64.5,88.3,124.72
2024-12-03 16:00:00,16,1,12,0,1,1,19.0,62.9,75.8,121.54
2024-12-03 17:00:00,17,1,12,0,1,0,16.5,69.7,30.7,63.68
2024-12-03 18:00:00,18,1,12,0,1,0,18.7,65.8,37.5,77.39
2024-12-03 19:00:00,19,1,12,0,0,0,18.7,66.8,40.3,86.14
2024-12-03 20:00:00,20,1,12,0,0,0,17.5,66.6,4.1,55.26
2024-12-03 21:00:00,21,1,12,0,0,0,14.6,63.6,6.6,51.54
2024-12-03 22:00:00,22,1,12,0,0,0,10.5,75.0,5.7,61.54
2024-12-03 23:00:00,23,1,12,0,0,0,7.4,75.5,12.0,60.81
2024-12-04 00:00:00,0,2,12,0,0,0,6.6,76.5,9.4,60.05
2024-12-04 01:00:00,1,2,12,0,0,0,6.8,77.8,7.2,56.35
2024-12-04 02:00:00,2,2,12,0,0,0,7.2,74.1,4.6,54.0
2024-12-04 03:00:00,3,2,12,0,0,0,8.8,77.3,8.8,50.28
2024-12-04 04:00:00,4,2,12,0,0,0,7.9,73.5,9.1,60.69
2024-12-04 05:00:00,5,2,12,0,0,0,11.4,68.6,10.5,56.49
2024-12-04 06:00:00,6,2,12,0,0,0,11.7,69.3,6.3,53.52
2024-12-04 07:00:00,7,2,12,0,0,0,13.7,67.8,11.9,58.14
2024-12-04 08:00:00,8,2,12,0,1,0,17.4,63.2,58.2,88.58
2024-12-04 09:00:00,9,2,12,0,1,0,14.9,73.6,53.9,87.75
2024-12-04 10:00:00,10,2,12,0,1,1,19.3,65.2,85.2,124.13
2024-12-04 11:00:00,11,2,12,0,1,1,19.9,63.9,87.8,130.51
2024-12-04 12:00:00,12,2,12,0,1,1,20.4,64.8,94.1,131.12
2024-12-04 13:00:00,13,2,12,0,1,1,23.2,73.2,71.0,117.77
2024-12-04 14:00:00,14,2,12,0,1,1,23.4,56.6,84.8,121.99
2024-12-04 15:00:00,15,2,12,0,1,1,19.9,60.2,77.8,114.45
2024-12-04 16:00:00,16,2,12,0,1,1,20.6,57.6,77.5,120.98
2024-12-04 17:00:00,17,2,12,0,1,0,20.4,62.3,35.0,75.39
2024-12-04 18:00:00,18,2,12,0,1,0,18.1,65.8,39.6,76.79
2024-12-04 19:00:00,19,2,12,0,0,0,18.1,63.0,40.0,75.44
2024-12-04 20:00:00,20,2,12,0,0,0,15.9,64.2,5.8,51.26
2024-12-04 21:00:00,21,2,12,0,0,0,17.0,66.2,4.8,53.54
2024-12-04 22:00:00,22,2,12,0,0,0,9.3,69.0,7.1,52.38
2024-12-04 23:00:00,23,2,12,0,0,0,10.5,71.4,11.3,55.91
2024-12-05 00:00:00,0,3,12,0,0,0,7.9,76.4,8.4,52.47
2024-12-05 01:00:00,1,3,12,0,0,0,10.0,73.2,6.6,55.28
2024-12-05 02:00:00,2,3,12,0,0,0,5.8,77.0,6.6,59.97
2024-12-05 03:00:00,3,3,12,0,0,0,9.5,75.2,5.1,58.52
2024-12-05 04:00:00,4,3,12,0,0,0,8.4,72.8,7.8,61.85
2024-12-05 05:00:00,5,3,12,0,0,0,9.3,70.4,10.3,56.18
2024-12-05 06:00:00,6,3,12,0,0,0,9.3,67.9,11.7,60.27
2024-12-05 07:00:00,7,3,12,0,0,0,12.7,67.0,8.0,53.62
2024-12-05 08:00:00,8,3,12,0,1,0,17.1,63.4,50.0,89.27
2024-12-05 09:00:00,9,3,12,0,1,0,16.8,68.7,65.5,99.33
2024-12-05 10:00:00,10,3,12,0,1,1,19.6,65.2,91.4,134.03
2024-12-05 11:00:00,11,3,12,0,1,1,22.8,64.3,81.1,117.61
2024-12-05 12:00:00,12,3,12,0,1,1,21.3,57.9,92.8,120.51
2024-12-05 13:00:00,13,3,12,0,1,1,20.5,68.9,72.4,110.26
2024-12-05 14:00:00,14,3,12,0,1,1,22.5,60.0,83.0,113.89
2024-12-05 15:00:00,15,3,12,0,1,1,20.5,58.7,84.5,115.08
2024-12-05 16:00:00,16,3,12,0,1,1,19.9,61.8,87.1,133.42
2024-12-05 17:00:00,17,3,12,0,1,0,17.1,75.5,38.5,71.58
2024-12-05 18:00:00,18,3,12,0,1,0,20.1,61.9,25.3,62.82
2024-12-05 19:00:00,19,3,12,0,0,0,16.2,64.9,27.4,64.78
2024-12-05 20:00:00,20,3,12,0,0,0,15.5,65.9,5.3,60.13
2024-12-05 21:00:00,21,3,12,0,0,0,11.6,68.8,10.0,56.76
2024-12-05 22:00:00,22,3,12,0,0,0,12.7,65.5,7.5,57.72
2024-12-05 23:00:00,23,3,12,0,0,0,9.2,71.6,8.4,57.52
2024-12-06 00:00:00,0,4,12,0,0,0,9.2,75.4,10.2,52.01
2024-12-06 01:00:00,1,4,12,0,0,0,10.3,71.5,6.7,60.01
2024-12-06 02:00:00,2,4,12,0,0,0,10.0,66.1,10.0,59.07
2024-12-06 03:00:00,3,4,12,0,0,0,8.7,70.0,7.5,56.12
2024-12-06 04:00:00,4,4,12,0,0,0,6.2,71.0,7.0,62.97
2024-12-06 05:00:00,5,4,12,0,0,0,15.8,66.7,6.7,51.72
2024-12-06 06:00:00,6,4,12,0,0,0,14.9,72.4,11.7,56.02
2024-12-06 07:00:00,7,4,12,0,0,0,14.7,66.6,10.2,54.4
2024-12-06 08:00:00,8,4,12,0,1,0,13.7,67.6,45.6,85.4
2024-12-06 09:00:00,9,4,12,0,1,0,16.5,73.1,73.7,103.67
2024-12-06 10:00:00,10,4,12,0,1,1,17.3,68.9,91.6,136.08
2024-12-06 11:00:00,11,4,12,0,1,1,21.9,64.5,82.2,123.35
2024-12-06 12:00:00,12,4,12,0,1,1,21.1,70.6,81.1,123.0
2024-12-06 13:00:00,13,4,12,0,1,1,19.9,65.5,64.6,104.56
2024-12-06 14:00:00,14,4,12,0,1,1,20.7,55.1,85.6,131.76
2024-12-06 15:00:00,15,4,12,0,1,1,23.3,64.5,85.5,117.99
2024-12-06 16:00:00,16,4,12,0,1,1,23.5,54.7,79.7,120.94
2024-12-06 17:00:00,17,4,12,0,1,0,22.4,63.6,33.9,76.53
2024-12-06 18:00:00,18,4,12,0,1,0,19.7,56.9,29.2,66.08
2024-12-06 19:00:00,19,4,12,0,0,0,16.3,64.2,26.0,65.39
2024-12-06 20:00:00,20,4,12,0,0,0,9.2,69.6,8.1,54.45
2024-12-06 21:00:00,21,4,12,0,0,0,13.9,64.7,6.8,54.81
2024-12-06 22:00:00,22,4,12,0,0,0,11.8,67.8,8.3,60.1
2024-12-06 23:00:00,23,4,12,0,0,0,10.7,74.1,11.6,62.44
2024-12-07 00:00:00,0,5,12,1,0,0,9.4,68.1,3.7,51.83
2024-12-07 01:00:00,1,5,12,1,0,0,6.2,75.3,3.0,58.13
2024-12-07 02:00:00,2,5,12,1,0,0,9.4,67.1,3.4,56.74
2024-12-07 03:00:00,3,5,12,1,0,0,9.7,70.0,5.3,53.71
2024-12-07 04:00:00,4,5,12,1,0,0,10.5,71.4,6.5,54.83
2024-12-07 05:00:00,5,5,12,1,0,0,12.0,65.1,5.9,58.61
2024-12-07 06:00:00,6,5,12,1,0,0,12.7,63.4,5.5,56.44
2024-12-07 07:00:00,7,5,12,1,0,0,12.5,70.7,4.8,56.54
2024-12-07 08:00:00,8,5,12,1,0,0,14.8,71.6,4.5,59.61
2024-12-07 09:00:00,9,5,12,1,0,0,16.7,65.5,4.9,53.28
2024-12-07 10:00:00,10,5,12,1,0,0,18.3,62.9,17.3,61.5
2024-12-07 11:00:00,11,5,12,1,0,0,21.3,63.2,12.0,60.99
2024-12-07 12:00:00,12,5,12,1,0,0,21.7,62.5,19.3,68.26
2024-12-07 13:00:00,13,5,12,1,0,0,24.9,61.0,16.9,59.79
2024-12-07 14:00:00,14,5,12,1,0,0,25.4,49.6,13.2,59.49
2024-12-07 15:00:00,15,5,12,1,0,0,21.3,58.3,16.0,56.26
2024-12-07 16:00:00,16,5,12,1,0,0,13.6,64.6,21.6,65.53
2024-12-07 17:00:00,17,5,12,1,0,0,21.7,62.9,10.2,58.19
2024-12-07 18:00:00,18,5,12,1,0,0,17.2,66.2,12.4,53.89
2024-12-07 19:00:00,19,5,12,1,0,0,15.1,69.5,5.2,55.37
2024-12-07 20:00:00,20,5,12,1,0,0,14.2,68.6,6.2,51.4
2024-12-07 21:00:00,21,5,12,1,0,0,12.4,63.6,4.1,50.44
2024-12-07 22:00:00,22,5,12,1,0,0,12.7,74.4,7.7,58.3
2024-12-07 23:00:00,23,5,12,1,0,0,7.5,77.3,6.2,54.07
2024-12-08 00:00:00,0,6,12,1,0,0,7.2,67.4,7.4,52.68
2024-12-08 01:00:00,1,6,12,1,0,0,9.1,72.5,4.6,56.44
2024-12-08 02:00:00,2,6,12,1,0,0,9.4,68.5,7.1,55.43
2024-12-08 03:00:00,3,6,12,1,0,0,9.6,71.3,4.9,57.89
2024-12-08 04:00:00,4,6,12,1,0,0,7.7,76.3,4.3,57.14
2024-12-08 05:00:00,5,6,12,1,0,0,8.4,80.1,7.6,51.14
2024-12-08 06:00:00,6,6,12,1,0,0,10.6,73.1,3.5,56.73
2024-12-08 07:00:00,7,6,12,1,0,0,13.5,69.2,7.7,60.37
2024-12-08 08:00:00,8,6,12,1,0,0,17.4,64.0,5.3,55.12
2024-12-08 09:00:00,9,6,12,1,0,0,12.7,69.3,8.0,58.34
2024-12-08 10:00:00,10,6,12,1,0,0,17.6,70.6,16.5,59.09
2024-12-08 11:00:00,11,6,12,1,0,0,16.9,65.5,19.1,60.23
2024-12-08 12:00:00,12,6,12,1,0,0,17.4,61.8,10.1,55.95
2024-12-08 13:00:00,13,6,12,1,0,0,22.8,55.1,16.0,62.46
2024-12-08 14:00:00,14,6,12,1,0,0,22.2,64.0,18.8,64.4
2024-12-08 15:00:00,15,6,12,1,0,0,21.8,63.2,19.4,60.57
2024-12-08 16:00:00,16,6,12,1,0,0,22.0,59.5,11.9,54.84
2024-12-08 17:00:00,17,6,12,1,0,0,18.5,68.7,15.0,54.03
2024-12-08 18:00:00,18,6,12,1,0,0,17.2,63.8,15.0,60.87
2024-12-08 19:00:00,19,6,12,1,0,0,20.4,62.7,3.5,49.27
2024-12-08 20:00:00,20,6,12,1,0,0,14.3,67.4,5.2,51.11
2024-12-08 21:00:00,21,6,12,1,0,0,14.4,66.0,7.0,58.86
2024-12-08 22:00:00,22,6,12,1,0,0,11.5,70.4,4.5,54.78
2024-12-08 23:00:00,23,6,12,1,0,0,6.8,77.3,5.2,56.64
2024-12-09 00:00:00,0,0,12,0,0,0,5.3,69.2,11.7,64.27
2024-12-09 01:00:00,1,0,12,0,0,0,7.3,74.3,4.3,59.2
2024-12-09 02:00:00,2,0,12,0,0,0,10.0,71.2,8.7,51.61
2024-12-09 03:00:00,3,0,12,0,0,0,9.7,71.3,9.9,56.06
2024-12-09 04:00:00,4,0,12,0,0,0,10.6,73.6,10.1,56.81
2024-12-09 05:00:00,5,0,12,0,0,0,8.2,72.0,9.7,55.36
2024-12-09 06:00:00,6,0,12,0,0,0,14.3,69.4,9.8,54.57
2024-12-09 07:00:00,7,0,12,0,0,0,11.2,72.5,4.5,48.04
2024-12-09 08:00:00,8,0,12,0,1,0,15.0,65.0,61.0,94.87
2024-12-09 09:00:00,9,0,12,0,1,0,16.3,67.3,68.5,95.66
2024-12-09 10:00:00,10,0,12,0,1,1,17.5,64.2,81.4,121.37
2024-12-09 11:00:00,11,0,12,0,1,1,21.6,61.8,80.2,127.83
2024-12-09 12:00:00,12,0,12,0,1,1,19.0,62.9,92.2,130.2
2024-12-09 13:00:00,13,0,12,0,1,1,18.5,66.4,70.7,104.11
2024-12-09 14:00:00,14,0,12,0,1,1,21.1,63.1,82.0,122.73
2024-12-09 15:00:00,15,0,12,0,1,1,20.2,64.9,91.0,129.73
2024-12-09 16:00:00,16,0,12,0,1,1,26.3,59.0,88.0,143.06
2024-12-09 17:00:00,17,0,12,0,1,0,20.4,56.8,44.4,76.19
2024-12-09 18:00:00,18,0,12,0,1,0,17.1,65.7,43.6,80.72
2024-12-09 19:00:00,19,0,12,0,0,0,14.4,67.7,34.6,77.52
2024-12-09 20:00:00,20,0,12,0,0,0,11.2,70.6,10.0,57.78
2024-12-09 21:00:00,21,0,12,0,0,0,11.1,67.4,9.4,54.47
2024-12-09 22:00:00,22,0,12,0,0,0,11.6,64.6,10.5,55.18
2024-12-09 23:00:00,23,0,12,0,0,0,12.6,71.2,10.3,58.51
2024-12-10 00:00:00,0,1,12,0,0,0,10.9,68.8,5.2,55.5
2024-12-10 01:00:00,1,1,12,0,0,0,8.6,72.2,5.9,56.45
2024-12-10 02:00:00,2,1,12,0,0,0,7.4,71.2,6.1,55.92
2024-12-10 03:00:00,3,1,12,0,0,0,8.7,71.4,10.5,59.5
2024-12-10 04:00:00,4,1,12,0,0,0,7.9,70.2,10.5,59.06
2024-12-10 05:00:00,5,1,12,0,0,0,13.0,64.5,8.0,53.54
2024-12-10 06:00:00,6,1,12,0,0,0,10.9,71.8,8.6,58.68
2024-12-10 07:00:00,7,1,12,0,0,0,12.6,66.3,10.6,57.88
2024-12-10 08:00:00,8,1,12,0,1,0,10.5,70.8,54.4,95.59
2024-12-10 09:00:00,9,1,12,0,1,0,15.8,68.1,46.5,85.05
2024-12-10 10:00:00,10,1,12,0,1,1,19.2,61.7,87.2,131.66
2024-12-10 11:00:00,11,1,12,0,1,1,17.1,60.7,93.7,133.2
2024-12-10 12:00:00,12,1,12,0,1,1,18.7,74.1,91.9,124.01
2024-12-10 13:00:00,13,1,12,0,1,1,22.2,59.8,65.5,113.0
2024-12-10 14:00:00,14,1,12,0,1,1,18.3,67.2,76.1,122.61
2024-12-10 15:00:00,15,1,12,0,1,1,22.6,69.4,85.8,120.28
2024-12-10 16:00:00,16,1,12,0,1,1,19.1,67.3,89.2,126.36
2024-12-10 17:00:00,17,1,12,0,1,0,18.4,63.4,38.3,72.51
2024-12-10 18:00:00,18,1,12,0,1,0,15.7,66.2,33.5,69.4
2024-12-10 19:00:00,19,1,12,0,0,0,16.8,62.4,27.5,66.11
2024-12-10 20:00:00,20,1,12,0,0,0,18.9,67.8,11.3,56.04
2024-12-10 21:00:00,21,1,12,0,0,0,14.2,69.8,6.2,48.6
2024-12-10 22:00:00,22,1,12,0,0,0,9.7,68.7,5.8,57.44
2024-12-10 23:00:00,23,1,12,0,0,0,11.9,65.0,10.5,57.75
2024-12-11 00:00:00,0,2,12,0,0,0,8.1,66.5,11.8,66.35
2024-12-11 01:00:00,1,2,12,0,0,0,10.5,74.1,9.3,57.96
2024-12-11 02:00:00,2,2,12,0,0,0,9.3,71.5,9.0,59.2
2024-12-11 03:00:00,3,2,12,0,0,0,2.8,76.4,6.6,55.93
2024-12-11 04:00:00,4,2,12,0,0,0,6.9,69.4,4.2,50.98
2024-12-11 05:00:00,5,2,12,0,0,0,11.4,63.7,5.5,55.65
2024-12-11 06:00:00,6,2,12,0,0,0,11.4,73.4,8.7,52.58
2024-12-11 07:00:00,7,2,12,0,0,0,10.8,70.1,5.2,55.78
2024-12-11 08:00:00,8,2,12,0,1,0,13.2,71.9,71.5,106.96
2024-12-11 09:00:00,9,2,12,0,1,0,12.6,67.1,50.6,89.66
2024-12-11 10:00:00,10,2,12,0,1,1,17.4,64.4,87.8,127.4
2024-12-11 11:00:00,11,2,12,0,1,1,22.9,64.3,87.7,129.31
2024-12-11 12:00:00,12,2,12,0,1,1,21.4,65.4,89.1,121.2
2024-12-11 13:00:00,13,2,12,0,1,1,24.6,63.5,64.9,116.3
2024-12-11 14:00:00,14,2,12,0,1,1,22.4,60.6,89.9,128.24
2024-12-11 15:00:00,15,2,12,0,1,1,22.5,64.2,82.6,116.81
2024-12-11 16:00:00,16,2,12,0,1,1,23.5,65.5,86.9,124.42
2024-12-11 17:00:00,17,2,12,0,1,0,19.6,63.4,37.7,78.69
2024-12-11 18:00:00,18,2,12,0,1,0,17.2,63.4,27.3,63.53
2024-12-11 19:00:00,19,2,12,0,0,0,17.9,70.3,37.5,79.48
2024-12-11 20:00:00,20,2,12,0,0,0,16.9,63.1,8.4,57.94
2024-12-11 21:00:00,21,2,12,0,0,0,11.8,71.8,11.2,59.03
2024-12-11 22:00:00,22,2,12,0,0,0,9.8,70.4,11.0,59.96
2024-12-11 23:00:00,23,2,12,0,0,0,10.0,63.1,5.2,53.5
2024-12-12 00:00:00,0,3,12,0,0,0,10.1,74.9,4.7,53.8
2024-12-12 01:00:00,1,3,12,0,0,0,9.4,59.9,6.4,53.83
2024-12-12 02:00:00,2,3,12,0,0,0,5.1,66.0,11.9,61.98
2024-12-12 03:00:00,3,3,12,0,0,0,11.4,71.6,4.2,53.13
2024-12-12 04:00:00,4,3,12,0,0,0,7.4,74.4,9.4,64.68
2024-12-12 05:00:00,5,3,12,0,0,0,9.1,68.6,8.9,59.21
2024-12-12 06:00:00,6,3,12,0,0,0,9.3,71.6,9.2,56.86
2024-12-12 07:00:00,7,3,12,0,0,0,17.4,55.2,5.7,51.79
2024-12-12 08:00:00,8,3,12,0,1,0,14.6,70.1,51.8,83.38
2024-12-12 09:00:00,9,3,12,0,1,0,14.3,68.5,57.9,88.62
2024-12-12 10:00:00,10,3,12,0,1,1,19.0,64.0,81.4,124.76
2024-12-12 11:00:00,11,3,12,0,1,1,20.2,63.4,81.1,118.28
2024-12-12 12:00:00,12,3,12,0,1,1,19.5,65.8,81.3,118.39
2024-12-12 13:00:00,13,3,12,0,1,1,22.0,62.0,68.6,105.54
2024-12-12 14:00:00,14,3,12,0,1,1,19.2,56.6,81.8,126.13
2024-12-12 15:00:00,15,3,12,0,1,1,19.6,72.6,80.0,125.41
2024-12-12 16:00:00,16,3,12,0,1,1,16.2,71.0,80.4,123.21
2024-12-12 17:00:00,17,3,12,0,1,0,16.4,60.9,29.1,68.05
2024-12-12 18:00:00,18,3,12,0,1,0,20.7,61.6,33.2,72.0
2024-12-12 19:00:00,19,3,12,0,0,0,18.8,63.4,29.1,69.65
2024-12-12 20:00:00,20,3,12,0,0,0,14.3,71.8,9.6,52.88
2024-12-12 21:00:00,21,3,12,0,0,0,15.5,58.0,5.0,47.15
2024-12-12 22:00:00,22,3,12,0,0,0,10.7,68.0,11.6,62.93
2024-12-12 23:00:00,23,3,12,0,0,0,9.2,64.0,4.7,57.25
2024-12-13 00:00:00,0,4,12,0,0,0,8.5,70.4,11.5,60.95
2024-12-13 01:00:00,1,4,12,0,0,0,7.6,70.3,10.7,62.53
2024-12-13 02:00:00,2,4,12,0,0,0,7.2,72.8,9.4,64.89
2024-12-13 03:00:00,3,4,12,0,0,0,9.9,68.2,11.3,57.13
2024-12-13 04:00:00,4,4,12,0,0,0,8.7,68.4,5.1,51.05
2024-12-13 05:00:00,5,4,12,0,0,0,10.8,72.4,5.4,55.99
2024-12-13 06:00:00,6,4,12,0,0,0,12.7,70.4,6.0,48.73
2024-12-13 07:00:00,7,4,12,0,0,0,13.1,70.5,6.0,53.35
2024-12-13 08:00:00,8,4,12,0,1,0,12.3,68.2,54.3,88.71
2024-12-13 09:00:00,9,4,12,0,1,0,13.3,65.9,62.3,96.76
2024-12-13 10:00:00,10,4,12,0,1,1,17.6,64.7,80.4,115.8
2024-12-13 11:00:00,11,4,12,0,1,1,18.4,66.6,85.7,126.71
2024-12-13 12:00:00,12,4,12,0,1,1,19.9,54.9,83.7,121.78
2024-12-13 13:00:00,13,4,12,0,1,1,20.3,64.9,69.1,120.01
2024-12-13 14:00:00,14,4,12,0,1,1,25.2,61.1,91.7,132.59
2024-12-13 15:00:00,15,4,12,0,1,1,18.0,65.1,83.8,123.02
2024-12-13 16:00:00,16,4,12,0,1,1,16.1,65.6,82.2,114.47
2024-12-13 17:00:00,17,4,12,0,1,0,19.3,53.7,32.4,71.25
2024-12-13 18:00:00,18,4,12,0,1,0,16.6,64.1,40.7,81.53
2024-12-13 19:00:00,19,4,12,0,0,0,16.3,73.2,26.4,67.38
2024-12-13 20:00:00,20,4,12,0,0,0,15.1,67.0,11.7,60.21
2024-12-13 21:00:00,21,4,12,0,0,0,14.7,66.0,7.3,53.32
2024-12-13 22:00:00,22,4,12,0,0,0,8.1,71.9,6.5,54.4
2024-12-13 23:00:00,23,4,12,0,0,0,8.5,73.0,11.8,60.53
2024-12-14 00:00:00,0,5,12,1,0,0,9.1,73.8,7.7,58.45
2024-12-14 01:00:00,1,5,12,1,0,0,9.1,70.2,6.2,49.2
2024-12-14 02:00:00,2,5,12,1,0,0,11.4,71.2,3.1,53.52
2024-12-14 03:00:00,3,5,12,1,0,0,9.4,77.6,6.7,52.54
2024-12-14 04:00:00,4,5,12,1,0,0,8.2,75.8,4.7,50.75
2024-12-14 05:00:00,5,5,12,1,0,0,7.7,81.5,4.9,56.67
2024-12-14 06:00:00,6,5,12,1,0,0,9.7,68.1,3.8,57.44
2024-12-14 07:00:00,7,5,12,1,0,0,11.2,76.4,5.6,54.53
2024-12-14 08:00:00,8,5,12,1,0,0,15.1,63.8,6.7,48.49
2024-12-14 09:00:00,9,5,12,1,0,0,16.1,67.6,4.4,49.02
2024-12-14 10:00:00,10,5,12,1,0,0,14.8,70.1,21.3,62.12
2024-12-14 11:00:00,11,5,12,1,0,0,17.8,63.0,12.3,57.48
2024-12-14 12:00:00,12,5,12,1,0,0,21.2,63.0,10.8,55.55
2024-12-14 13:00:00,13,5,12,1,0,0,20.9,66.5,17.7,62.33
2024-12-14 14:00:00,14,5,12,1,0,0,21.5,59.6,20.2,65.74
2024-12-14 15:00:00,15,5,12,1,0,0,20.9,69.5,21.4,64.51
2024-12-14 16:00:00,16,5,12,1,0,0,22.5,56.2,19.2,64.7
2024-12-14 17:00:00,17,5,12,1,0,0,19.0,72.0,12.4,56.06
2024-12-14 18:00:00,18,5,12,1,0,0,16.5,70.0,21.7,74.17
2024-12-14 19:00:00,19,5,12,1,0,0,14.0,67.3,7.6,55.74
2024-12-14 20:00:00,20,5,12,1,0,0,14.4,65.8,3.8,53.2
2024-12-14 21:00:00,21,5,12,1,0,0,7.9,69.9,5.8,61.19
2024-12-14 22:00:00,22,5,12,1,0,0,10.4,69.7,5.8,54.65
2024-12-14 23:00:00,23,5,12,1,0,0,9.0,71.0,5.2,52.5
2024-12-15 00:00:00,0,6,12,1,0,0,5.7,78.5,7.9,62.49
2024-12-15 01:00:00,1,6,12,1,0,0,5.9,81.2,3.3,58.86
2024-12-15 02:00:00,2,6,12,1,0,0,8.8,72.1,6.1,55.86
2024-12-15 03:00:00,3,6,12,1,0,0,8.0,68.5,4.0,59.73
2024-12-15 04:00:00,4,6,12,1,0,0,8.4,69.4,5.6,54.9
2024-12-15 05:00:00,5,6,12,1,0,0,9.8,69.9,6.9,58.49
2024-12-15 06:00:00,6,6,12,1,0,0,10.7,65.9,4.2,57.86
2024-12-15 07:00:00,7,6,12,1,0,0,14.4,62.7,5.0,52.2
2024-12-15 08:00:00,8,6,12,1,0,0,14.0,76.1,7.8,55.57
2024-12-15 09:00:00,9,6,12,1,0,0,12.9,69.7,6.8,57.2
2024-12-15 10:00:00,10,6,12,1,0,0,20.0,60.2,16.9,59.0
2024-12-15 11:00:00,11,6,12,1,0,0,19.1,67.4,12.7,54.54
2024-12-15 12:00:00,12,6,12,1,0,0,18.4,59.9,15.1,63.14
2024-12-15 13:00:00,13,6,12,1,0,0,17.8,60.7,19.3,62.88
2024-12-15 14:00:00,14,6,12,1,0,0,21.0,59.6,19.8,60.64
2024-12-15 15:00:00,15,6,12,1,0,0,19.9,70.2,12.9,57.59
2024-12-15 16:00:00,16,6,12,1,0,0,22.3,60.9,17.9,62.52
2024-12-15 17:00:00,17,6,12,1,0,0,17.8,55.3,11.1,50.97
2024-12-15 18:00:00,18,6,12,1,0,0,15.6,71.4,10.3,57.71
2024-12-15 19:00:00,19,6,12,1,0,0,17.1,64.3,5.7,53.41
2024-12-15 20:00:00,20,6,12,1,0,0,15.5,59.3,4.1,56.25
2024-12-15 21:00:00,21,6,12,1,0,0,12.4,67.6,3.4,50.93
2024-12-15 22:00:00,22,6,12,1,0,0,11.8,71.3,6.6,58.71
2024-12-15 23:00:00,23,6,12,1,0,0,9.2,72.7,5.5,54.57
2024-12-16 00:00:00,0,0,12,0,0,0,8.5,78.7,10.4,59.33
2024-12-16 01:00:00,1,0,12,0,0,0,9.5,67.4,9.3,58.41
2024-12-16 02:00:00,2,0,12,0,0,0,8.3,71.9,9.8,65.21
2024-12-16 03:00:00,3,0,12,0,0,0,7.1,69.7,6.5,52.53
2024-12-16 04:00:00,4,0,12,0,0,0,10.5,64.0,6.1,56.14
2024-12-16 05:00:00,5,0,12,0,0,0,4.9,77.6,8.8,59.58
2024-12-16 06:00:00,6,0,12,0,0,0,14.2,69.4,5.6,52.32
2024-12-16 07:00:00,7,0,12,0,0,0,9.0,72.3,10.5,60.56
2024-12-16 08:00:00,8,0,12,0,1,0,12.6,70.4,60.7,97.68
2024-12-16 09:00:00,9,0,12,0,1,0,15.3,64.0,51.8,87.0
2024-12-16 10:00:00,10,0,12,0,1,1,16.7,61.8,89.4,127.66
2024-12-16 11:00:00,11,0,12,0,1,1,20.1,63.6,94.2,127.6
2024-12-16 12:00:00,12,0,12,0,1,1,17.4,70.0,81.2,126.53
2024-12-16 13:00:00,13,0,12,0,1,1,20.5,69.6,61.6,105.22
2024-12-16 14:00:00,14,0,12,0,1,1,19.2,67.2,89.3,140.44
2024-12-16 15:00:00,15,0,12,0,1,1,20.5,63.3,76.9,114.18
2024-12-16 16:00:00,16,0,12,0,1,1,19.2,65.1,75.7,116.5
2024-12-16 17:00:00,17,0,12,0,1,0,18.5,64.6,32.0,72.98
2024-12-16 18:00:00,18,0,12,0,1,0,16.0,62.2,34.3,76.24
2024-12-16 19:00:00,19,0,12,0,0,0,14.5,67.4,36.4,72.38
2024-12-16 20:00:00,20,0,12,0,0,0,14.2,62.2,8.1,58.03
2024-12-16 21:00:00,21,0,12,0,0,0,13.7,67.4,11.3,55.86
2024-12-16 22:00:00,22,0,12,0,0,0,9.4,77.5,10.1,62.76
2024-12-16 23:00:00,23,0,12,0,0,0,7.5,75.5,11.9,58.86
2024-12-17 00:00:00,0,1,12,0,0,0,9.1,67.4,7.8,58.9
2024-12-17 01:00:00,1,1,12,0,0,0,7.3,72.1,4.7,55.11
2024-12-17 02:00:00,2,1,12,0,0,0,8.6,68.1,11.6,56.16
2024-12-17 03:00:00,3,1,12,0,0,0,5.7,73.3,4.0,50.62
2024-12-17 04:00:00,4,1,12,0,0,0,4.8,78.3,10.2,58.27
2024-12-17 05:00:00,5,1,12,0,0,0,8.0,74.5,4.3,57.51
2024-12-17 06:00:00,6,1,12,0,0,0,9.0,81.1,10.1,52.17
2024-12-17 07:00:00,7,1,12,0,0,0,11.8,74.0,11.5,59.05
2024-12-17 08:00:00,8,1,12,0,1,0,12.4,69.6,56.7,92.15
2024-12-17 09:00:00,9,1,12,0,1,0,16.6,68.6,52.2,80.2
2024-12-17 10:00:00,10,1,12,0,1,1,16.3,65.3,83.4,118.63
2024-12-17 11:00:00,11,1,12,0,1,1,18.5,60.0,87.4,124.61
2024-12-17 12:00:00,12,1,12,0,1,1,19.5,69.1,82.6,129.34
2024-12-17 13:00:00,13,1,12,0,1,1,20.2,67.4,70.1,119.5
2024-12-17 14:00:00,14,1,12,0,1,1,20.1,62.5,81.3,124.46
2024-12-17 15:00:00,15,1,12,0,1,1,20.8,64.0,80.5,119.41
2024-12-17 16:00:00,16,1,12,0,1,1,17.8,70.0,82.8,126.57
2024-12-17 17:00:00,17,1,12,0,1,0,20.7,66.4,35.9,68.86
2024-12-17 18:00:00,18,1,12,0,1,0,16.4,60.2,27.8,66.8
2024-12-17 19:00:00,19,1,12,0,0,0,12.9,69.4,39.2,75.04
2024-12-17 20:00:00,20,1,12,0,0,0,13.9,67.1,11.1,56.46
2024-12-17 21:00:00,21,1,12,0,0,0,10.4,74.7,6.2,54.68
2024-12-17 22:00:00,22,1,12,0,0,0,11.5,73.6,5.4,52.02
2024-12-17 23:00:00,23,1,12,0,0,0,13.0,73.7,10.1,54.86
2024-12-18 00:00:00,0,2,12,0,0,0,6.4,68.5,5.5,53.82
2024-12-18 01:00:00,1,2,12,0,0,0,7.8,68.9,4.3,52.78
2024-12-18 02:00:00,2,2,12,0,0,0,3.8,79.3,9.0,64.77
2024-12-18 03:00:00,3,2,12,0,0,0,8.0,69.5,5.9,57.25
2024-12-18 04:00:00,4,2,12,0,0,0,6.3,67.0,5.4,57.7
2024-12-18 05:00:00,5,2,12,0,0,0,7.8,74.2,11.9,63.67
2024-12-18 06:00:00,6,2,12,0,0,0,8.3,69.5,6.3,58.72
2024-12-18 07:00:00,7,2,12,0,0,0,13.1,75.5,11.2,61.63
2024-12-18 08:00:00,8,2,12,0,1,0,15.3,68.0,50.3,86.1
2024-12-18 09:00:00,9,2,12,0,1,0,15.2,67.5,69.6,98.77
2024-12-18 10:00:00,10,2,12,0,1,1,15.2,65.4,87.5,125.06
2024-12-18 11:00:00,11,2,12,0,1,1,20.9,69.2,81.2,125.16
2024-12-18 12:00:00,12,2,12,0,1,1,17.8,66.5,91.0,126.62
2024-12-18 13:00:00,13,2,12,0,1,1,15.9,64.7,73.4,120.02
2024-12-18 14:00:00,14,2,12,0,1,1,20.8,59.8,77.8,112.69
2024-12-18 15:00:00,15,2,12,0,1,1,17.8,64.7,87.3,116.38
2024-12-18 16:00:00,16,2,12,0,1,1,20.9,59.0,82.6,127.13
2024-12-18 17:00:00,17,2,12,0,1,0,17.4,69.4,40.1,73.72
2024-12-18 18:00:00,18,2,12,0,1,0,17.8,57.8,39.3,74.1
2024-12-18 19:00:00,19,2,12,0,0,0,17.7,64.6,25.5,70.29
2024-12-18 20:00:00,20,2,12,0,0,0,11.3,72.0,5.4,49.77
2024-12-18 21:00:00,21,2,12,0,0,0,10.8,71.3,7.8,57.4
2024-12-18 22:00:00,22,2,12,0,0,0,10.1,67.6,11.5,64.72
2024-12-18 23:00:00,23,2,12,0,0,0,11.7,72.0,6.7,61.19
2024-12-19 00:00:00,0,3,12,0,0,0,6.6,69.3,9.0,57.32
2024-12-19 01:00:00,1,3,12,0,0,0,6.0,73.2,4.1,55.06
2024-12-19 02:00:00,2,3,12,0,0,0,7.7,74.7,9.7,57.48
2024-12-19 03:00:00,3,3,12,0,0,0,6.1,75.1,8.8,58.78
2024-12-19 04:00:00,4,3,12,0,0,0,8.0,69.2,9.7,62.74
2024-12-19 05:00:00,5,3,12,0,0,0,6.0,78.1,11.2,56.35
2024-12-19 06:00:00,6,3,12,0,0,0,14.1,68.0,5.2,54.24
2024-12-19 07:00:00,7,3,12,0,0,0,9.3,74.0,6.1,54.5
2024-12-19 08:00:00,8,3,12,0,1,0,12.8,74.7,74.9,108.85
2024-12-19 09:00:00,9,3,12,0,1,0,15.0,71.5,49.7,87.99
2024-12-19 10:00:00,10,3,12,0,1,1,20.1,67.9,90.8,126.6
2024-12-19 11:00:00,11,3,12,0,1,1,15.6,67.4,90.9,127.64
2024-12-19 12:00:00,12,3,12,0,1,1,22.6,64.9,90.2,135.17
2024-12-19 13:00:00,13,3,12,0,1,1,21.0,63.7,63.4,108.41
2024-12-19 14:00:00,14,3,12,0,1,1,20.6,58.2,78.7,110.42
2024-12-19 15:00:00,15,3,12,0,1,1,17.9,66.2,86.3,130.29
2024-12-19 16:00:00,16,3,12,0,1,1,20.0,64.5,78.2,124.61
2024-12-19 17:00:00,17,3,12,0,1,0,16.7,68.1,38.2,76.32
2024-12-19 18:00:00,18,3,12,0,1,0,18.9,63.8,34.9,76.17
2024-12-19 19:00:00,19,3,12,0,0,0,13.3,65.1,32.7,76.89
2024-12-19 20:00:00,20,3,12,0,0,0,13.2,70.9,6.4,54.19
2024-12-19 21:00:00,21,3,12,0,0,0,10.7,64.8,11.6,61.25
2024-12-19 22:00:00,22,3,12,0,0,0,8.4,77.5,8.1,57.17
2024-12-19 23:00:00,23,3,12,0,0,0,10.1,69.5,8.5,56.42
2024-12-20 00:00:00,0,4,12,0,0,0,8.6,72.5,11.6,57.65
2024-12-20 01:00:00,1,4,12,0,0,0,9.2,73.3,9.2,58.14
2024-12-20 02:00:00,2,4,12,0,0,0,3.6,77.3,11.7,68.56
2024-12-20 03:00:00,3,4,12,0,0,0,8.9,65.6,4.9,51.49
2024-12-20 04:00:00,4,4,12,0,0,0,12.2,72.3,10.8,59.22
2024-12-20 05:00:00,5,4,12,0,0,0,7.9,73.2,6.7,57.3
2024-12-20 06:00:00,6,4,12,0,0,0,13.4,65.6,10.5,61.12
2024-12-20 07:00:00,7,4,12,0,0,0,11.1,66.7,10.8,63.15
2024-12-20 08:00:00,8,4,12,0,1,0,10.8,68.6,53.1,87.22
2024-12-20 09:00:00,9,4,12,0,1,0,14.4,62.2,57.3,88.01
2024-12-20 10:00:00,10,4,12,0,1,1,18.4,71.5,90.9,132.94
2024-12-20 11:00:00,11,4,12,0,1,1,16.4,72.0,81.5,118.21
2024-12-20 12:00:00,12,4,12,0,1,1,17.8,66.8,91.3,133.6
2024-12-20 13:00:00,13,4,12,0,1,1,20.6,62.2,61.7,106.4
2024-12-20 14:00:00,14,4,12,0,1,1,19.8,62.9,90.5,121.84
2024-12-20 15:00:00,15,4,12,0,1,1,20.6,66.1,79.7,113.81
2024-12-20 16:00:00,16,4,12,0,1,1,19.3,71.0,84.8,119.43
2024-12-20 17:00:00,17,4,12,0,1,0,18.7,62.1,27.3,69.23
2024-12-20 18:00:00,18,4,12,0,1,0,15.7,62.0,30.4,69.68
2024-12-20 19:00:00,19,4,12,0,0,0,15.4,72.9,33.1,71.06
2024-12-20 20:00:00,20,4,12,0,0,0,11.6,62.2,7.9,52.69
2024-12-20 21:00:00,21,4,12,0,0,0,13.9,63.7,4.0,46.25
2024-12-20 22:00:00,22,4,12,0,0,0,8.9,70.3,11.1,64.44
2024-12-20 23:00:00,23,4,12,0,0,0,10.7,63.8,4.1,52.01
2024-12-21 00:00:00,0,5,12,1,0,0,7.1,77.0,6.9,65.49
2024-12-21 01:00:00,1,5,12,1,0,0,7.3,75.8,5.4,58.0
2024-12-21 02:00:00,2,5,12,1,0,0,5.8,71.1,5.6,62.25
2024-12-21 03:00:00,3,5,12,1,0,0,5.1,79.0,4.0,58.61
2024-12-21 04:00:00,4,5,12,1,0,0,4.4,80.2,6.0,57.9
2024-12-21 05:00:00,5,5,12,1,0,0,6.7,72.4,5.7,54.14
2024-12-21 06:00:00,6,5,12,1,0,0,9.3,69.2,3.8,50.22
2024-12-21 07:00:00,7,5,12,1,0,0,11.9,78.2,4.2,56.04
2024-12-21 08:00:00,8,5,12,1,0,0,15.0,69.9,3.3,51.22
2024-12-21 09:00:00,9,5,12,1,0,0,14.1,68.7,3.3,52.76
2024-12-21 10:00:00,10,5,12,1,0,0,14.8,72.6,10.2,58.05
2024-12-21 11:00:00,11,5,12,1,0,0,15.2,68.1,12.6,58.21
2024-12-21 12:00:00,12,5,12,1,0,0,19.7,61.7,18.2,59.59
2024-12-21 13:00:00,13,5,12,1,0,0,21.9,62.5,13.8,61.18
2024-12-21 14:00:00,14,5,12,1,0,0,22.0,66.3,14.1,57.52
2024-12-21 15:00:00,15,5,12,1,0,0,20.7,55.0,11.6,56.64
2024-12-21 16:00:00,16,5,12,1,0,0,20.0,62.3,16.9,62.46
2024-12-21 17:00:00,17,5,12,1,0,0,20.8,68.5,14.1,57.96
2024-12-21 18:00:00,18,5,12,1,0,0,17.0,63.6,18.1,55.21
2024-12-21 19:00:00,19,5,12,1,0,0,16.0,72.5,6.7,56.15
2024-12-21 20:00:00,20,5,12,1,0,0,12.6,74.3,5.9,57.41
2024-12-21 21:00:00,21,5,12,1,0,0,9.0,70.9,4.4,48.09
2024-12-21 22:00:00,22,5,12,1,0,0,8.7,69.1,5.5,51.61
2024-12-21 23:00:00,23,5,12,1,0,0,8.6,70.3,4.3,60.53
2024-12-22 00:00:00,0,6,12,1,0,0,7.6,82.8,7.5,57.79
2024-12-22 01:00:00,1,6,12,1,0,0,10.3,77.8,6.8,55.19
2024-12-22 02:00:00,2,6,12,1,0,0,6.7,73.3,5.5,54.53
2024-12-22 03:00:00,3,6,12,1,0,0,8.9,68.8,7.8,53.35
2024-12-22 04:00:00,4,6,12,1,0,0,6.7,73.3,5.7,55.43
2024-12-22 05:00:00,5,6,12,1,0,0,7.9,72.9,4.6,57.73
2024-12-22 06:00:00,6,6,12,1,0,0,7.4,67.3,3.5,53.92
2024-12-22 07:00:00,7,6,12,1,0,0,10.1,70.8,5.7,56.39
2024-12-22 08:00:00,8,6,12,1,0,0,14.0,73.0,7.3,59.4
2024-12-22 09:00:00,9,6,12,1,0,0,14.8,59.9,7.3,51.5
2024-12-22 10:00:00,10,6,12,1,0,0,18.0,68.2,17.3,61.43
2024-12-22 11:00:00,11,6,12,1,0,0,18.0,70.4,14.7,61.8
2024-12-22 12:00:00,12,6,12,1,0,0,18.1,62.6,17.8,57.83
2024-12-22 13:00:00,13,6,12,1,0,0,23.2,68.0,19.1,62.32
2024-12-22 14:00:00,14,6,12,1,0,0,19.4,61.2,14.9,64.72
2024-12-22 15:00:00,15,6,12,1,0,0,21.5,64.2,15.7,58.22
2024-12-22 16:00:00,16,6,12,1,0,0,18.0,63.7,18.2,64.52
2024-12-22 17:00:00,17,6,12,1,0,0,19.0,63.0,20.5,62.31
2024-12-22 18:00:00,18,6,12,1,0,0,18.0,62.4,19.5,67.8
2024-12-22 19:00:00,19,6,12,1,0,0,15.1,69.7,3.1,44.97
2024-12-22 20:00:00,20,6,12,1,0,0,8.8,74.7,3.6,53.62
2024-12-22 21:00:00,21,6,12,1,0,0,11.4,69.3,7.3,50.29
2024-12-22 22:00:00,22,6,12,1,0,0,12.0,63.7,7.2,52.41
2024-12-22 23:00:00,23,6,12,1,0,0,9.4,72.5,4.9,51.89
2024-12-23 00:00:00,0,0,12,0,0,0,8.2,73.4,8.7,56.85
2024-12-23 01:00:00,1,0,12,0,0,0,3.6,74.1,11.2,58.3
2024-12-23 02:00:00,2,0,12,0,0,0,5.2,81.3,11.3,61.11
2024-12-23 03:00:00,3,0,12,0,0,0,7.5,66.0,10.3,60.8
2024-12-23 04:00:00,4,0,12,0,0,0,8.1,63.0,5.7,50.49
2024-12-23 05:00:00,5,0,12,0,0,0,10.6,67.2,9.8,55.29
2024-12-23 06:00:00,6,0,12,0,0,0,9.5,73.7,4.8,62.16
2024-12-23 07:00:00,7,0,12,0,0,0,12.0,64.9,11.2,58.71
2024-12-23 08:00:00,8,0,12,0,1,0,13.0,64.5,49.5,79.63
2024-12-23 09:00:00,9,0,12,0,1,0,12.9,72.3,64.9,92.46
2024-12-23 10:00:00,10,0,12,0,1,1,12.2,70.8,89.2,128.36
2024-12-23 11:00:00,11,0,12,0,1,1,18.4,66.1,91.7,125.81
2024-12-23 12:00:00,12,0,12,0,1,1,18.9,67.4,88.3,129.13
2024-12-23 13:00:00,13,0,12,0,1,1,18.2,63.1,60.9,117.19
2024-12-23 14:00:00,14,0,12,0,1,1,16.6,64.4,87.0,138.24
2024-12-23 15:00:00,15,0,12,0,1,1,20.4,66.5,81.5,117.66
2024-12-23 16:00:00,16,0,12,0,1,1,18.1,59.5,80.4,129.66
2024-12-23 17:00:00,17,0,12,0,1,0,18.6,55.9,44.8,83.21
2024-12-23 18:00:00,18,0,12,0,1,0,19.6,62.0,36.8,77.87
2024-12-23 19:00:00,19,0,12,0,0,0,10.8,73.7,39.2,77.55
2024-12-23 20:00:00,20,0,12,0,0,0,11.7,70.3,8.2,61.76
2024-12-23 21:00:00,21,0,12,0,0,0,10.9,73.3,10.2,57.26
2024-12-23 22:00:00,22,0,12,0,0,0,12.4,60.8,10.0,57.9
2024-12-23 23:00:00,23,0,12,0,0,0,5.5,74.9,9.3,59.56
2024-12-24 00:00:00,0,1,12,0,0,0,10.8,72.6,12.0,58.45
2024-12-24 01:00:00,1,1,12,0,0,0,6.9,67.3,7.7,58.45
2024-12-24 02:00:00,2,1,12,0,0,0,6.2,76.6,9.6,55.64
2024-12-24 03:00:00,3,1,12,0,0,0,6.3,72.6,10.4,53.72
2024-12-24 04:00:00,4,1,12,0,0,0,6.5,85.2,7.0,56.51
2024-12-24 05:00:00,5,1,12,0,0,0,10.2,61.7,7.7,53.1
2024-12-24 06:00:00,6,1,12,0,0,0,7.7,77.6,11.8,62.16
2024-12-24 07:00:00,7,1,12,0,0,0,11.8,67.7,4.3,53.96
2024-12-24 08:00:00,8,1,12,0,1,0,12.2,62.5,55.1,90.4
2024-12-24 09:00:00,9,1,12,0,1,0,13.2,66.2,59.6,97.46
2024-12-24 10:00:00,10,1,12,0,1,1,20.8,64.0,80.0,115.59
2024-12-24 11:00:00,11,1,12,0,1,1,18.3,68.8,93.5,129.08
2024-12-24 12:00:00,12,1,12,0,1,1,19.6,70.7,84.3,121.18
2024-12-24 13:00:00,13,1,12,0,1,1,21.2,68.3,63.9,109.79
2024-12-24 14:00:00,14,1,12,0,1,1,16.8,61.9,88.9,119.27
2024-12-24 15:00:00,15,1,12,0,1,1,22.3,66.4,79.7,126.68
2024-12-24 16:00:00,16,1,12,0,1,1,14.0,69.3,86.2,133.87
2024-12-24 17:00:00,17,1,12,0,1,0,16.1,63.6,41.4,86.3
2024-12-24 18:00:00,18,1,12,0,1,0,15.3,65.9,40.8,81.24
2024-12-24 19:00:00,19,1,12,0,0,0,15.6,63.7,40.6,77.66
2024-12-24 20:00:00,20,1,12,0,0,0,13.3,68.3,4.7,53.84
2024-12-24 21:00:00,21,1,12,0,0,0,10.9,67.0,4.6,47.15
2024-12-24 22:00:00,22,1,12,0,0,0,9.6,66.7,6.5,51.93
2024-12-24 23:00:00,23,1,12,0,0,0,6.5,74.9,4.3,57.11
2024-12-25 00:00:00,0,2,12,0,0,0,4.5,76.9,8.0,59.51
2024-12-25 01:00:00,1,2,12,0,0,0,7.9,71.2,7.2,57.59
2024-12-25 02:00:00,2,2,12,0,0,0,7.6,77.7,8.5,57.95
2024-12-25 03:00:00,3,2,12,0,0,0,9.4,69.9,6.4,55.29
2024-12-25 04:00:00,4,2,12,0,0,0,5.8,72.2,7.9,58.59
2024-12-25 05:00:00,5,2,12,0,0,0,9.5,73.5,6.7,52.12
2024-12-25 06:00:00,6,2,12,0,0,0,9.1,70.6,5.6,54.1
2024-12-25 07:00:00,7,2,12,0,0,0,13.3,68.5,9.2,51.51
2024-12-25 08:00:00,8,2,12,0,1,0,14.7,57.1,65.2,93.28
2024-12-25 09:00:00,9,2,12,0,1,0,14.9,67.1,69.9,102.27
2024-12-25 10:00:00,10,2,12,0,1,1,15.5,59.3,93.1,134.0
2024-12-25 11:00:00,11,2,12,0,1,1,19.1,59.2,90.6,125.54
2024-12-25 12:00:00,12,2,12,0,1,1,19.6,58.4,90.3,133.88
2024-12-25 13:00:00,13,2,12,0,1,1,17.9,60.8,60.9,106.28
2024-12-25 14:00:00,14,2,12,0,1,1,16.9,63.5,76.9,114.52
2024-12-25 15:00:00,15,2,12,0,1,1,18.6,62.5,88.8,124.82
2024-12-25 16:00:00,16,2,12,0,1,1,21.2,65.3,79.0,122.61
2024-12-25 17:00:00,17,2,12,0,1,0,19.5,64.7,32.1,72.97
2024-12-25 18:00:00,18,2,12,0,1,0,14.1,60.0,27.9,69.1
2024-12-25 19:00:00,19,2,12,0,0,0,12.4,69.2,28.9,72.71
2024-12-25 20:00:00,20,2,12,0,0,0,15.1,68.2,10.2,50.48
2024-12-25 21:00:00,21,2,12,0,0,0,9.1,69.8,6.1,58.0
2024-12-25 22:00:00,22,2,12,0,0,0,10.5,69.9,7.6,52.09
2024-12-25 23:00:00,23,2,12,0,0,0,7.1,73.3,5.2,58.61
2024-12-26 00:00:00,0,3,12,0,0,0,10.0,73.6,9.4,58.94
2024-12-26 01:00:00,1,3,12,0,0,0,5.1,67.6,9.8,54.18
2024-12-26 02:00:00,2,3,12,0,0,0,8.3,70.7,6.9,58.59
2024-12-26 03:00:00,3,3,12,0,0,0,6.8,78.8,10.3,62.87
2024-12-26 04:00:00,4,3,12,0,0,0,7.6,77.8,5.9,59.81
2024-12-26 05:00:00,5,3,12,0,0,0,4.6,77.7,9.5,57.72
2024-12-26 06:00:00,6,3,12,0,0,0,5.5,75.8,9.8,60.53
2024-12-26 07:00:00,7,3,12,0,0,0,10.7,76.6,11.7,60.95
2024-12-26 08:00:00,8,3,12,0,1,0,13.2,75.9,52.0,89.47
2024-12-26 09:00:00,9,3,12,0,1,0,12.4,68.3,47.8,86.04
2024-12-26 10:00:00,10,3,12,0,1,1,14.0,63.8,83.9,119.79
2024-12-26 11:00:00,11,3,12,0,1,1,18.3,63.6,81.8,127.79
2024-12-26 12:00:00,12,3,12,0,1,1,19.4,76.3,82.5,122.4
2024-12-26 13:00:00,13,3,12,0,1,1,18.8,58.1,65.0,112.16
2024-12-26 14:00:00,14,3,12,0,1,1,20.6,61.2,82.0,116.25
2024-12-26 15:00:00,15,3,12,0,1,1,16.9,60.0,90.4,125.47
2024-12-26 16:00:00,16,3,12,0,1,1,17.7,65.6,78.3,125.54
2024-12-26 17:00:00,17,3,12,0,1,0,20.3,58.5,44.4,83.01
2024-12-26 18:00:00,18,3,12,0,1,0,16.1,65.8,41.2,77.6
2024-12-26 19:00:00,19,3,12,0,0,0,14.7,59.4,42.6,78.29
2024-12-26 20:00:00,20,3,12,0,0,0,16.9,68.1,11.4,50.55
2024-12-26 21:00:00,21,3,12,0,0,0,8.5,76.4,10.0,58.3
2024-12-26 22:00:00,22,3,12,0,0,0,10.9,68.3,10.3,53.74
2024-12-26 23:00:00,23,3,12,0,0,0,11.1,69.2,7.5,55.83
2024-12-27 00:00:00,0,4,12,0,0,0,6.5,72.3,8.1,61.87
2024-12-27 01:00:00,1,4,12,0,0,0,7.9,72.7,11.5,56.92
2024-12-27 02:00:00,2,4,12,0,0,0,4.4,74.3,7.0,58.98
2024-12-27 03:00:00,3,4,12,0,0,0,5.2,76.9,4.3,58.82
2024-12-27 04:00:00,4,4,12,0,0,0,7.7,77.0,10.1,59.77
2024-12-27 05:00:00,5,4,12,0,0,0,9.5,67.6,8.6,55.29
2024-12-27 06:00:00,6,4,12,0,0,0,11.4,68.3,10.5,57.48
2024-12-27 07:00:00,7,4,12,0,0,0,13.8,71.4,4.6,54.93
2024-12-27 08:00:00,8,4,12,0,1,0,12.5,63.1,63.6,97.24
2024-12-27 09:00:00,9,4,12,0,1,0,16.5,58.1,52.4,85.72
2024-12-27 10:00:00,10,4,12,0,1,1,15.3,67.7,93.5,129.15
2024-12-27 11:00:00,11,4,12,0,1,1,18.9,66.3,81.6,120.81
2024-12-27 12:00:00,12,4,12,0,1,1,18.7,61.5,92.6,125.69
2024-12-27 13:00:00,13,4,12,0,1,1,19.7,61.4,61.3,106.56
2024-12-27 14:00:00,14,4,12,0,1,1,19.9,60.5,75.4,122.26
2024-12-27 15:00:00,15,4,12,0,1,1,16.1,62.8,79.0,119.47
2024-12-27 16:00:00,16,4,12,0,1,1,16.3,68.9,80.7,119.12
2024-12-27 17:00:00,17,4,12,0,1,0,17.4,60.6,37.5,71.67
2024-12-27 18:00:00,18,4,12,0,1,0,12.9,67.4,27.6,68.99
2024-12-27 19:00:00,19,4,12,0,0,0,15.8,62.8,33.7,75.5
2024-12-27 20:00:00,20,4,12,0,0,0,14.2,61.7,5.6,49.56
2024-12-27 21:00:00,21,4,12,0,0,0,11.6,72.9,10.8,59.34
2024-12-27 22:00:00,22,4,12,0,0,0,7.4,70.2,4.4,45.43
2024-12-27 23:00:00,23,4,12,0,0,0,10.6,70.8,6.8,55.61
2024-12-28 00:00:00,0,5,12,1,0,0,10.6,64.0,6.2,53.28
2024-12-28 01:00:00,1,5,12,1,0,0,6.6,69.9,7.6,64.34
2024-12-28 02:00:00,2,5,12,1,0,0,7.0,75.6,7.3,51.13
2024-12-28 03:00:00,3,5,12,1,0,0,6.7,83.2,7.5,57.45
2024-12-28 04:00:00,4,5,12,1,0,0,7.9,64.1,3.3,47.51
2024-12-28 05:00:00,5,5,12,1,0,0,7.8,71.2,7.2,54.96
2024-12-28 06:00:00,6,5,12,1,0,0,9.3,72.6,6.9,50.3
2024-12-28 07:00:00,7,5,12,1,0,0,12.5,66.3,7.5,62.0
2024-12-28 08:00:00,8,5,12,1,0,0,16.8,69.1,4.6,50.17
2024-12-28 09:00:00,9,5,12,1,0,0,11.8,65.8,7.6,54.38
2024-12-28 10:00:00,10,5,12,1,0,0,15.7,67.1,14.8,58.52
2024-12-28 11:00:00,11,5,12,1,0,0,15.1,64.8,17.6,57.05
2024-12-28 12:00:00,12,5,12,1,0,0,21.1,67.6,15.1,62.25
2024-12-28 13:00:00,13,5,12,1,0,0,17.8,62.3,15.1,60.92
2024-12-28 14:00:00,14,5,12,1,0,0,16.5,64.5,16.6,62.89
2024-12-28 15:00:00,15,5,12,1,0,0,20.0,67.3,14.3,54.4
2024-12-28 16:00:00,16,5,12,1,0,0,21.4,58.4,19.5,65.67
2024-12-28 17:00:00,17,5,12,1,0,0,18.4,64.9,17.6,63.94
2024-12-28 18:00:00,18,5,12,1,0,0,16.2,58.9,18.3,60.43
2024-12-28 19:00:00,19,5,12,1,0,0,15.0,62.6,4.2,53.89
2024-12-28 20:00:00,20,5,12,1,0,0,15.1,68.5,7.8,54.49
2024-12-28 21:00:00,21,5,12,1,0,0,9.3,67.0,6.3,50.18
2024-12-28 22:00:00,22,5,12,1,0,0,9.1,69.0,4.0,53.0
2024-12-28 23:00:00,23,5,12,1,0,0,7.2,74.4,6.8,55.15
2024-12-29 00:00:00,0,6,12,1,0,0,4.8,71.8,3.9,55.76
2024-12-29 01:00:00,1,6,12,1,0,0,5.7,76.8,3.3,57.85
2024-12-29 02:00:00,2,6,12,1,0,0,8.0,72.8,5.6,50.1
2024-12-29 03:00:00,3,6,12,1,0,0,7.3,74.1,5.8,54.43
2024-12-29 04:00:00,4,6,12,1,0,0,8.1,76.8,3.9,51.34
2024-12-29 05:00:00,5,6,12,1,0,0,8.2,73.0,4.7,52.06
2024-12-29 06:00:00,6,6,12,1,0,0,10.2,76.5,7.7,53.29
2024-12-29 07:00:00,7,6,12,1,0,0,9.4,74.6,4.4,53.98
2024-12-29 08:00:00,8,6,12,1,0,0,12.0,67.0,3.8,53.78
2024-12-29 09:00:00,9,6,12,1,0,0,14.6,72.5,8.0,55.07
2024-12-29 10:00:00,10,6,12,1,0,0,16.3,67.1,13.6,58.39
2024-12-29 11:00:00,11,6,12,1,0,0,17.7,63.5,18.2,63.09
2024-12-29 12:00:00,12,6,12,1,0,0,17.9,66.1,12.8,64.83
2024-12-29 13:00:00,13,6,12,1,0,0,18.1,69.3,16.6,60.39
2024-12-29 14:00:00,14,6,12,1,0,0,24.7,62.0,14.6,62.9
2024-12-29 15:00:00,15,6,12,1,0,0,20.4,70.5,21.5,66.57
2024-12-29 16:00:00,16,6,12,1,0,0,18.9,68.6,15.2,64.63
2024-12-29 17:00:00,17,6,12,1,0,0,16.7,67.9,17.0,62.03
2024-12-29 18:00:00,18,6,12,1,0,0,15.0,62.9,21.3,60.63
2024-12-29 19:00:00,19,6,12,1,0,0,14.0,67.0,7.9,55.16
2024-12-29 20:00:00,20,6,12,1,0,0,13.1,68.6,3.5,52.19
2024-12-29 21:00:00,21,6,12,1,0,0,7.5,75.0,7.2,59.47
2024-12-29 22:00:00,22,6,12,1,0,0,6.5,75.5,4.9,52.71
2024-12-29 23:00:00,23,6,12,1,0,0,6.8,73.4,6.0,60.3
2024-12-30 00:00:00,0,0,12,0,0,0,7.2,72.9,7.0,56.87
2024-12-30 01:00:00,1,0,12,0,0,0,5.8,76.3,7.2,60.38
2024-12-30 02:00:00,2,0,12,0,0,0,8.6,68.0,5.3,55.83
2024-12-30 03:00:00,3,0,12,0,0,0,3.5,81.8,8.6,60.38
2024-12-30 04:00:00,4,0,12,0,0,0,5.5,65.5,8.4,59.57
2024-12-30 05:00:00,5,0,12,0,0,0,10.6,75.9,5.5,56.2
2024-12-30 06:00:00,6,0,12,0,0,0,9.5,70.7,8.3,63.0
2024-12-30 07:00:00,7,0,12,0,0,0,12.4,72.8,11.8,51.43
2024-12-30 08:00:00,8,0,12,0,1,0,16.2,67.6,66.4,97.54
2024-12-30 09:00:00,9,0,12,0,1,0,12.9,69.9,59.4,93.01
2024-12-30 10:00:00,10,0,12,0,1,1,15.5,68.9,93.7,136.04
2024-12-30 11:00:00,11,0,12,0,1,1,16.6,69.1,88.6,116.03
2024-12-30 12:00:00,12,0,12,0,1,1,14.6,66.0,82.0,129.05
2024-12-30 13:00:00,13,0,12,0,1,1,18.2,68.9,68.2,111.8
2024-12-30 14:00:00,14,0,12,0,1,1,20.6,58.7,78.1,113.79
2024-12-30 15:00:00,15,0,12,0,1,1,19.7,63.7,88.0,126.32
2024-12-30 16:00:00,16,0,12,0,1,1,19.2,67.4,91.4,125.53
2024-12-30 17:00:00,17,0,12,0,1,0,16.4,70.0,32.2,65.61
2024-12-30 18:00:00,18,0,12,0,1,0,14.5,69.2,33.7,72.92
2024-12-30 19:00:00,19,0,12,0,0,0,16.4,64.4,33.4,73.9
2024-12-30 20:00:00,20,0,12,0,0,0,11.6,73.0,6.3,52.42
2024-12-30 21:00:00,21,0,12,0,0,0,11.3,66.9,10.4,58.26
2024-12-30 22:00:00,22,0,12,0,0,0,9.5,77.9,8.9,57.54
2024-12-30 23:00:00,23,0,12,0,0,0,10.5,69.8,4.5,56.67
2024-12-31 00:00:00,0,1,12,0,0,0,8.5,65.4,10.7,58.78
2024-12-31 01:00:00,1,1,12,0,0,0,3.8,70.1,5.5,59.83
2024-12-31 02:00:00,2,1,12,0,0,0,3.8,75.0,11.8,61.49
2024-12-31 03:00:00,3,1,12,0,0,0,7.2,73.0,7.0,63.15
2024-12-31 04:00:00,4,1,12,0,0,0,6.7,80.7,8.9,57.22
2024-12-31 05:00:00,5,1,12,0,0,0,7.0,68.4,4.6,52.84
2024-12-31 06:00:00,6,1,12,0,0,0,11.0,70.0,6.8,54.52
2024-12-31 07:00:00,7,1,12,0,0,0,11.1,65.5,10.4,55.19
2024-12-31 08:00:00,8,1,12,0,1,0,12.5,66.8,59.3,89.2
2024-12-31 09:00:00,9,1,12,0,1,0,15.5,73.4,72.1,102.24
2024-12-31 10:00:00,10,1,12,0,1,1,15.0,62.5,88.6,112.79
2024-12-31 11:00:00,11,1,12,0,1,1,19.8,66.0,93.9,124.7
2024-12-31 12:00:00,12,1,12,0,1,1,16.6,67.5,94.7,132.4
2024-12-31 13:00:00,13,1,12,0,1,1,19.9,63.5,66.8,106.69
2024-12-31 14:00:00,14,1,12,0,1,1,21.5,64.5,84.6,120.22
2024-12-31 15:00:00,15,1,12,0,1,1,16.2,61.5,89.2,133.2
2024-12-31 16:00:00,16,1,12,0,1,1,17.4,71.9,78.8,123.65
2024-12-31 17:00:00,17,1,12,0,1,0,19.1,71.8,42.2,73.16
2024-12-31 18:00:00,18,1,12,0,1,0,17.7,65.3,36.8,75.11
2024-12-31 19:00:00,19,1,12,0,0,0,13.8,77.5,39.5,79.06
2024-12-31 20:00:00,20,1,12,0,0,0,11.1,68.1,4.6,56.13
2024-12-31 21:00:00,21,1,12,0,0,0,12.4,70.4,10.1,51.92
2024-12-31 22:00:00,22,1,12,0,0,0,11.3,75.3,6.5,49.32
2024-12-31 23:00:00,23,1,12,0,0,0,5.7,71.7,10.4,65.15
